-- --------------------------------------------------------
-- 호스트:                          127.0.0.1
-- 서버 버전:                        8.0.36 - MySQL Community Server - GPL
-- 서버 OS:                        Win64
-- HeidiSQL 버전:                  12.6.0.6765
-- --------------------------------------------------------

/*!40101 SET @OLD_CHARACTER_SET_CLIENT=@@CHARACTER_SET_CLIENT */;
/*!40101 SET NAMES utf8 */;
/*!50503 SET NAMES utf8mb4 */;
/*!40103 SET @OLD_TIME_ZONE=@@TIME_ZONE */;
/*!40103 SET TIME_ZONE='+00:00' */;
/*!40014 SET @OLD_FOREIGN_KEY_CHECKS=@@FOREIGN_KEY_CHECKS, FOREIGN_KEY_CHECKS=0 */;
/*!40101 SET @OLD_SQL_MODE=@@SQL_MODE, SQL_MODE='NO_AUTO_VALUE_ON_ZERO' */;
/*!40111 SET @OLD_SQL_NOTES=@@SQL_NOTES, SQL_NOTES=0 */;


-- projectdb 데이터베이스 구조 내보내기
CREATE DATABASE IF NOT EXISTS `projectdb` /*!40100 DEFAULT CHARACTER SET utf8mb4 COLLATE utf8mb4_0900_ai_ci */ /*!80016 DEFAULT ENCRYPTION='N' */;
USE `projectdb`;

-- 테이블 projectdb.answersa 구조 내보내기
CREATE TABLE IF NOT EXISTS `answersa` (
  `num` int DEFAULT NULL,
  `content` text,
  `date` varchar(255) DEFAULT NULL,
  `posnum` int DEFAULT NULL
) ENGINE=InnoDB DEFAULT CHARSET=utf8mb4 COLLATE=utf8mb4_0900_ai_ci;

-- 테이블 데이터 projectdb.answersa:~0 rows (대략적) 내보내기
INSERT INTO `answersa` (`num`, `content`, `date`, `posnum`) VALUES
	(198, '					      	언제하지\r\n					aaaaaa      	', '2024-04-15 18:54:53', 1);

-- 테이블 projectdb.chargeinfosa 구조 내보내기
CREATE TABLE IF NOT EXISTS `chargeinfosa` (
  `num` int NOT NULL AUTO_INCREMENT,
  `user` int DEFAULT NULL,
  `code` varchar(255) DEFAULT NULL,
  `price` int DEFAULT NULL,
  `date` varchar(255) DEFAULT NULL,
  `chamet` varchar(50) DEFAULT NULL,
  `item` int DEFAULT NULL,
  `ccflag` int DEFAULT NULL,
  PRIMARY KEY (`num`)
) ENGINE=InnoDB AUTO_INCREMENT=798 DEFAULT CHARSET=utf8mb4 COLLATE=utf8mb4_0900_ai_ci;

-- 테이블 데이터 projectdb.chargeinfosa:~680 rows (대략적) 내보내기
INSERT INTO `chargeinfosa` (`num`, `user`, `code`, `price`, `date`, `chamet`, `item`, `ccflag`) VALUES
	(2, 2, '123445', 46800, '2024-04-01', 'card', 2, 0),
	(4, 4, '123445', 46800, '2024-02-01', 'card', 2, 0),
	(7, 7, '123445', 46800, '2024-02-01', 'card', 2, 0),
	(8, 8, '123445', 46800, '2024-02-01', 'card', 2, 0),
	(9, 9, '123445', 46800, '2024-02-01', 'card', 2, 0),
	(10, 10, '123445', 46800, '2024-01-01', 'card', 2, 0),
	(11, 11, '123445', 46800, '2024-04-01', 'card', 2, 0),
	(12, 12, '123445', 46800, '2024-03-01', 'card', 2, 0),
	(13, 13, '123445', 46800, '2024-02-01', 'card', 2, 0),
	(14, 14, '123445', 46800, '2024-01-01', 'card', 2, 0),
	(17, 17, '123445', 46800, '2024-04-01', 'card', 2, 0),
	(18, 18, '123445', 46800, '2024-01-01', 'card', 2, 0),
	(21, 21, '123445', 46800, '2024-01-01', 'card', 2, 0),
	(22, 22, '123445', 46800, '2024-01-01', 'card', 2, 0),
	(23, 23, '123445', 46800, '2024-03-01', 'card', 2, 0),
	(24, 24, '123445', 46800, '2024-03-01', 'card', 2, 0),
	(25, 25, '123445', 46800, '2024-01-01', 'card', 2, 0),
	(26, 26, '123445', 46800, '2024-02-01', 'card', 2, 0),
	(27, 27, '123445', 46800, '2024-03-01', 'card', 2, 0),
	(28, 28, '123445', 46800, '2024-02-01', 'card', 2, 0),
	(29, 29, '123445', 46800, '2024-03-01', 'card', 2, 0),
	(30, 30, '123445', 46800, '2024-01-01', 'card', 2, 0),
	(32, 32, '123445', 46800, '2024-02-01', 'card', 2, 0),
	(33, 33, '123445', 46800, '2024-04-01', 'card', 2, 0),
	(34, 34, '123445', 46800, '2024-03-01', 'card', 2, 0),
	(35, 35, '123445', 46800, '2024-04-01', 'card', 2, 0),
	(36, 36, '123445', 46800, '2024-03-01', 'card', 2, 0),
	(37, 37, '123445', 46800, '2024-02-01', 'card', 2, 0),
	(38, 38, '123445', 46800, '2024-02-01', 'card', 2, 0),
	(39, 39, '123445', 46800, '2024-03-01', 'card', 2, 0),
	(40, 40, '123445', 46800, '2024-04-01', 'card', 2, 0),
	(41, 41, '123445', 46800, '2024-01-01', 'card', 2, 0),
	(42, 42, '123445', 46800, '2024-03-01', 'card', 2, 0),
	(43, 43, '123445', 46800, '2024-04-01', 'card', 2, 0),
	(45, 45, '123445', 46800, '2024-02-01', 'card', 2, 0),
	(46, 46, '123445', 46800, '2024-01-01', 'card', 2, 0),
	(47, 47, '123445', 46800, '2024-04-01', 'card', 2, 0),
	(48, 48, '123445', 46800, '2024-03-01', 'card', 2, 0),
	(49, 49, '123445', 46800, '2024-03-01', 'card', 2, 0),
	(51, 51, '123445', 46800, '2024-02-01', 'card', 2, 0),
	(52, 52, '123445', 46800, '2024-01-01', 'card', 2, 0),
	(53, 53, '123445', 46800, '2024-03-01', 'card', 2, 0),
	(54, 54, '123445', 46800, '2024-01-01', 'card', 2, 0),
	(55, 55, '123445', 46800, '2024-03-01', 'card', 2, 0),
	(56, 56, '123445', 46800, '2024-03-01', 'card', 2, 0),
	(57, 57, '123445', 46800, '2024-04-01', 'card', 2, 0),
	(58, 58, '123445', 46800, '2024-01-01', 'card', 2, 0),
	(59, 59, '123445', 46800, '2024-02-01', 'card', 2, 0),
	(60, 60, '123445', 46800, '2024-03-01', 'card', 2, 0),
	(61, 61, '123445', 46800, '2024-03-01', 'card', 2, 0),
	(62, 62, '123445', 46800, '2024-01-01', 'card', 2, 0),
	(63, 63, '123445', 46800, '2024-02-01', 'card', 2, 0),
	(64, 64, '123445', 46800, '2024-02-01', 'card', 2, 0),
	(65, 65, '123445', 46800, '2024-03-01', 'card', 2, 0),
	(66, 66, '123445', 46800, '2024-03-01', 'card', 2, 0),
	(67, 67, '123445', 46800, '2024-03-01', 'card', 2, 0),
	(70, 70, '123445', 46800, '2024-02-01', 'card', 2, 0),
	(71, 71, '123445', 46800, '2024-02-01', 'card', 2, 0),
	(73, 73, '123445', 46800, '2024-02-01', 'card', 2, 0),
	(76, 76, '123445', 46800, '2024-02-01', 'card', 2, 0),
	(77, 77, '123445', 46800, '2024-03-01', 'card', 2, 0),
	(79, 79, '123445', 46800, '2024-04-01', 'card', 2, 0),
	(80, 80, '123445', 46800, '2024-03-01', 'card', 2, 0),
	(81, 81, '123445', 46800, '2024-03-01', 'card', 2, 0),
	(84, 84, '123445', 46800, '2024-02-01', 'card', 2, 0),
	(85, 85, '123445', 46800, '2024-03-01', 'card', 2, 0),
	(86, 86, '123445', 46800, '2024-04-01', 'card', 2, 0),
	(87, 87, '123445', 46800, '2024-03-01', 'card', 2, 0),
	(88, 88, '123445', 46800, '2024-04-01', 'card', 2, 0),
	(91, 91, '123445', 46800, '2024-02-01', 'card', 2, 0),
	(92, 92, '123445', 46800, '2024-01-01', 'card', 2, 0),
	(94, 94, '123445', 46800, '2024-02-01', 'card', 2, 0),
	(95, 95, '123445', 46800, '2024-03-01', 'card', 2, 0),
	(96, 96, '123445', 46800, '2024-04-01', 'card', 2, 0),
	(97, 97, '123445', 46800, '2024-01-01', 'card', 2, 0),
	(98, 98, '123445', 46800, '2024-04-01', 'card', 2, 0),
	(99, 99, '123445', 46800, '2024-03-01', 'card', 2, 0),
	(100, 100, '123445', 46800, '2024-03-01', 'card', 2, 0),
	(102, 102, '123445', 46800, '2024-04-01', 'card', 2, 0),
	(103, 103, '123445', 46800, '2024-04-01', 'card', 2, 0),
	(104, 104, '123445', 46800, '2024-03-01', 'card', 2, 0),
	(107, 107, '123445', 46800, '2024-04-01', 'card', 2, 0),
	(108, 108, '123445', 46800, '2024-02-01', 'card', 2, 0),
	(109, 109, '123445', 46800, '2024-04-01', 'card', 2, 0),
	(110, 110, '123445', 46800, '2024-03-01', 'card', 2, 0),
	(112, 112, '123445', 46800, '2024-02-01', 'card', 2, 0),
	(113, 113, '123445', 46800, '2024-02-01', 'card', 2, 0),
	(114, 114, '123445', 46800, '2024-02-01', 'card', 2, 0),
	(115, 115, '123445', 46800, '2024-01-01', 'card', 2, 0),
	(116, 116, '123445', 46800, '2024-03-01', 'card', 2, 0),
	(117, 117, '123445', 46800, '2024-03-01', 'card', 2, 0),
	(119, 119, '123445', 46800, '2024-01-01', 'card', 2, 0),
	(120, 120, '123445', 46800, '2024-04-01', 'card', 2, 0),
	(121, 121, '123445', 46800, '2024-04-01', 'card', 2, 0),
	(122, 122, '123445', 46800, '2024-03-01', 'card', 2, 0),
	(123, 123, '123445', 46800, '2024-02-01', 'card', 2, 0),
	(124, 124, '123445', 46800, '2024-04-01', 'card', 2, 0),
	(126, 126, '123445', 46800, '2024-03-01', 'card', 2, 0),
	(127, 127, '123445', 46800, '2024-01-01', 'card', 2, 0),
	(128, 128, '123445', 46800, '2024-02-01', 'card', 2, 0),
	(130, 130, '123445', 46800, '2024-02-01', 'card', 2, 0),
	(131, 131, '123445', 46800, '2024-04-01', 'card', 2, 0),
	(132, 132, '123445', 46800, '2024-03-01', 'card', 2, 0),
	(133, 133, '123445', 46800, '2024-02-01', 'card', 2, 0),
	(134, 134, '123445', 46800, '2024-02-01', 'card', 2, 0),
	(135, 135, '123445', 46800, '2024-04-01', 'card', 2, 0),
	(136, 136, '123445', 46800, '2024-01-01', 'card', 2, 0),
	(137, 137, '123445', 46800, '2024-01-01', 'card', 2, 0),
	(138, 138, '123445', 46800, '2024-03-01', 'card', 2, 0),
	(140, 140, '123445', 46800, '2024-02-01', 'card', 2, 0),
	(141, 141, '123445', 46800, '2024-02-01', 'card', 2, 0),
	(142, 142, '123445', 46800, '2024-01-01', 'card', 2, 0),
	(143, 143, '123445', 46800, '2024-02-01', 'card', 2, 0),
	(144, 144, '123445', 46800, '2024-03-01', 'card', 2, 0),
	(145, 145, '123445', 46800, '2024-03-01', 'card', 2, 0),
	(147, 147, '123445', 46800, '2024-01-01', 'card', 2, 0),
	(148, 148, '123445', 46800, '2024-02-01', 'card', 2, 0),
	(149, 149, '123445', 46800, '2024-01-01', 'card', 2, 0),
	(150, 150, '123445', 46800, '2024-01-01', 'card', 2, 0),
	(151, 151, '123445', 46800, '2024-01-01', 'card', 2, 0),
	(152, 152, '123445', 46800, '2024-01-01', 'card', 2, 0),
	(153, 153, '123445', 46800, '2024-01-01', 'card', 2, 0),
	(154, 154, '123445', 46800, '2024-03-01', 'card', 2, 0),
	(155, 155, '123445', 46800, '2024-03-01', 'card', 2, 0),
	(157, 157, '123445', 46800, '2024-03-01', 'card', 2, 0),
	(158, 158, '123445', 46800, '2024-03-01', 'card', 2, 0),
	(159, 159, '123445', 46800, '2024-01-01', 'card', 2, 0),
	(161, 161, '123445', 46800, '2024-04-01', 'card', 2, 0),
	(163, 163, '123445', 46800, '2024-04-01', 'card', 2, 0),
	(164, 164, '123445', 46800, '2024-04-01', 'card', 2, 0),
	(165, 165, '123445', 46800, '2024-03-01', 'card', 2, 0),
	(166, 166, '123445', 46800, '2024-04-01', 'card', 2, 0),
	(168, 168, '123445', 46800, '2024-02-01', 'card', 2, 0),
	(169, 169, '123445', 46800, '2024-02-01', 'card', 2, 0),
	(170, 170, '123445', 46800, '2024-01-01', 'card', 2, 0),
	(171, 171, '123445', 46800, '2024-01-01', 'card', 2, 0),
	(172, 172, '123445', 46800, '2024-03-01', 'card', 2, 0),
	(173, 173, '123445', 46800, '2024-01-01', 'card', 2, 0),
	(174, 174, '123445', 46800, '2024-01-01', 'card', 2, 0),
	(175, 175, '123445', 46800, '2024-04-01', 'card', 2, 0),
	(176, 176, '123445', 46800, '2024-03-01', 'card', 2, 0),
	(178, 178, '123445', 46800, '2024-03-01', 'card', 2, 0),
	(179, 179, '123445', 46800, '2024-02-01', 'card', 2, 0),
	(180, 180, '123445', 46800, '2024-03-01', 'card', 2, 0),
	(181, 181, '123445', 46800, '2024-04-01', 'card', 2, 0),
	(182, 182, '123445', 46800, '2024-02-01', 'card', 2, 0),
	(183, 183, '123445', 46800, '2024-03-01', 'card', 2, 0),
	(185, 185, '123445', 46800, '2024-04-01', 'card', 2, 0),
	(186, 186, '123445', 46800, '2024-04-01', 'card', 2, 0),
	(187, 187, '123445', 46800, '2024-02-01', 'card', 2, 0),
	(188, 188, '123445', 46800, '2024-02-01', 'card', 2, 0),
	(189, 189, '123445', 46800, '2024-03-01', 'card', 2, 0),
	(190, 190, '123445', 46800, '2024-01-01', 'card', 2, 0),
	(191, 191, '123445', 46800, '2024-03-01', 'card', 2, 0),
	(192, 192, '123445', 46800, '2024-02-01', 'card', 2, 0),
	(193, 193, '123445', 46800, '2024-01-01', 'card', 2, 0),
	(194, 194, '123445', 46800, '2024-03-01', 'card', 2, 0),
	(195, 195, '123445', 46800, '2024-02-01', 'card', 2, 0),
	(196, 196, '123445', 46800, '2024-01-01', 'card', 2, 0),
	(197, 197, '123445', 46800, '2024-03-01', 'card', 2, 0),
	(198, 198, '123445', 46800, '2024-02-01', 'card', 2, 0),
	(199, 199, '123445', 46800, '2024-02-01', 'card', 2, 0),
	(200, 200, '123445', 46800, '2024-02-01', 'card', 2, 0),
	(201, 201, '123445', 46800, '2024-02-01', 'card', 2, 0),
	(202, 202, '123445', 46800, '2024-03-01', 'card', 2, 0),
	(203, 203, '123445', 46800, '2024-04-01', 'card', 2, 0),
	(204, 204, '123445', 46800, '2024-04-01', 'card', 2, 0),
	(205, 205, '123445', 46800, '2024-01-01', 'card', 2, 0),
	(206, 206, '123445', 46800, '2024-03-01', 'card', 2, 0),
	(207, 207, '123445', 46800, '2024-04-01', 'card', 2, 0),
	(208, 208, '123445', 46800, '2024-04-01', 'card', 2, 0),
	(209, 209, '123445', 46800, '2024-03-01', 'card', 2, 0),
	(210, 210, '123445', 46800, '2024-03-01', 'card', 2, 0),
	(211, 211, '123445', 46800, '2024-02-01', 'card', 2, 0),
	(212, 212, '123445', 46800, '2024-01-01', 'card', 2, 0),
	(213, 213, '123445', 46800, '2024-03-01', 'card', 2, 0),
	(214, 214, '123445', 46800, '2024-04-01', 'card', 2, 0),
	(216, 216, '123445', 46800, '2024-03-01', 'card', 2, 0),
	(218, 218, '123445', 46800, '2024-03-01', 'card', 2, 0),
	(219, 219, '123445', 46800, '2024-04-01', 'card', 2, 0),
	(220, 220, '123445', 46800, '2024-02-01', 'card', 2, 0),
	(222, 222, '123445', 46800, '2024-01-01', 'card', 2, 0),
	(223, 223, '123445', 46800, '2024-01-01', 'card', 2, 0),
	(224, 224, '123445', 46800, '2024-04-01', 'card', 2, 0),
	(225, 225, '123445', 46800, '2024-02-01', 'card', 2, 0),
	(226, 226, '123445', 46800, '2024-02-01', 'card', 2, 0),
	(227, 227, '123445', 46800, '2024-01-01', 'card', 2, 0),
	(228, 228, '123445', 46800, '2024-01-01', 'card', 2, 0),
	(229, 229, '123445', 46800, '2024-04-01', 'card', 2, 0),
	(230, 230, '123445', 46800, '2024-04-01', 'card', 2, 0),
	(233, 233, '123445', 46800, '2024-02-01', 'card', 2, 0),
	(234, 234, '123445', 46800, '2024-04-01', 'card', 2, 0),
	(235, 235, '123445', 46800, '2024-01-01', 'card', 2, 0),
	(236, 236, '123445', 46800, '2024-01-01', 'card', 2, 0),
	(237, 237, '123445', 46800, '2024-04-01', 'card', 2, 0),
	(239, 239, '123445', 46800, '2024-01-01', 'card', 2, 0),
	(240, 240, '123445', 46800, '2024-02-01', 'card', 2, 0),
	(241, 241, '123445', 46800, '2024-04-01', 'card', 2, 0),
	(242, 242, '123445', 46800, '2024-01-01', 'card', 2, 0),
	(244, 244, '123445', 46800, '2024-02-01', 'card', 2, 0),
	(245, 245, '123445', 46800, '2024-04-01', 'card', 2, 0),
	(247, 247, '123445', 46800, '2024-04-01', 'card', 2, 0),
	(248, 248, '123445', 46800, '2024-01-01', 'card', 2, 0),
	(250, 250, '123445', 46800, '2024-03-01', 'card', 2, 0),
	(251, 251, '123445', 46800, '2024-04-01', 'card', 2, 0),
	(254, 254, '123445', 46800, '2024-03-01', 'card', 2, 0),
	(255, 255, '123445', 46800, '2024-02-01', 'card', 2, 0),
	(256, 256, '123445', 46800, '2024-02-01', 'card', 2, 0),
	(257, 257, '123445', 46800, '2024-01-01', 'card', 2, 0),
	(258, 258, '123445', 46800, '2024-03-01', 'card', 2, 0),
	(259, 259, '123445', 46800, '2024-04-01', 'card', 2, 0),
	(260, 260, '123445', 46800, '2024-04-01', 'card', 2, 0),
	(261, 261, '123445', 46800, '2024-02-01', 'card', 2, 0),
	(262, 262, '123445', 46800, '2024-04-01', 'card', 2, 0),
	(265, 265, '123445', 46800, '2024-03-01', 'card', 2, 0),
	(266, 266, '123445', 46800, '2024-01-01', 'card', 2, 0),
	(269, 269, '123445', 46800, '2024-04-01', 'card', 2, 0),
	(270, 270, '123445', 46800, '2024-01-01', 'card', 2, 0),
	(271, 271, '123445', 46800, '2024-01-01', 'card', 2, 0),
	(272, 272, '123445', 46800, '2024-04-01', 'card', 2, 0),
	(273, 273, '123445', 46800, '2024-02-01', 'card', 2, 0),
	(274, 274, '123445', 46800, '2024-04-01', 'card', 2, 0),
	(275, 275, '123445', 46800, '2024-02-01', 'card', 2, 0),
	(276, 276, '123445', 46800, '2024-02-01', 'card', 2, 0),
	(277, 277, '123445', 46800, '2024-04-01', 'card', 2, 0),
	(278, 278, '123445', 46800, '2024-01-01', 'card', 2, 0),
	(279, 279, '123445', 46800, '2024-01-01', 'card', 2, 0),
	(280, 280, '123445', 46800, '2024-04-01', 'card', 2, 0),
	(281, 281, '123445', 46800, '2024-02-01', 'card', 2, 0),
	(282, 282, '123445', 46800, '2024-04-01', 'card', 2, 0),
	(283, 283, '123445', 46800, '2024-02-01', 'card', 2, 0),
	(285, 285, '123445', 46800, '2024-02-01', 'card', 2, 0),
	(286, 286, '123445', 46800, '2024-03-01', 'card', 2, 0),
	(287, 287, '123445', 46800, '2024-03-01', 'card', 2, 0),
	(289, 289, '123445', 46800, '2024-04-01', 'card', 2, 0),
	(292, 292, '123445', 46800, '2024-04-01', 'card', 2, 0),
	(293, 293, '123445', 46800, '2024-04-01', 'card', 2, 0),
	(294, 294, '123445', 46800, '2024-04-01', 'card', 2, 0),
	(298, 298, '123445', 46800, '2024-04-01', 'card', 2, 0),
	(299, 299, '123445', 46800, '2024-01-01', 'card', 2, 0),
	(300, 1, '123445', 46800, '2024-04-01', 'card', 2, 0),
	(301, 2, '123445', 46800, '2024-03-01', 'card', 2, 0),
	(302, 3, '123445', 46800, '2024-01-01', 'card', 2, 0),
	(303, 4, '123445', 46800, '2024-03-01', 'card', 2, 0),
	(304, 5, '123445', 46800, '2024-04-01', 'card', 2, 0),
	(306, 7, '123445', 46800, '2024-04-01', 'card', 2, 0),
	(307, 8, '123445', 46800, '2024-02-01', 'card', 2, 0),
	(310, 11, '123445', 46800, '2024-03-01', 'card', 2, 0),
	(314, 15, '123445', 46800, '2024-04-01', 'card', 2, 0),
	(315, 16, '123445', 46800, '2024-02-01', 'card', 2, 0),
	(316, 17, '123445', 46800, '2024-01-01', 'card', 2, 0),
	(318, 19, '123445', 46800, '2024-01-01', 'card', 2, 0),
	(320, 21, '123445', 46800, '2024-01-01', 'card', 2, 0),
	(321, 22, '123445', 46800, '2024-01-01', 'card', 2, 0),
	(322, 23, '123445', 46800, '2024-01-01', 'card', 2, 0),
	(323, 24, '123445', 46800, '2024-03-01', 'card', 2, 0),
	(325, 26, '123445', 46800, '2024-04-01', 'card', 2, 0),
	(326, 27, '123445', 46800, '2024-03-01', 'card', 2, 0),
	(328, 29, '123445', 46800, '2024-03-01', 'card', 2, 0),
	(329, 30, '123445', 46800, '2024-03-01', 'card', 2, 0),
	(331, 32, '123445', 46800, '2024-03-01', 'card', 2, 0),
	(333, 34, '123445', 46800, '2024-04-01', 'card', 2, 0),
	(334, 35, '123445', 46800, '2024-01-01', 'card', 2, 0),
	(335, 36, '123445', 46800, '2024-01-01', 'card', 2, 0),
	(336, 37, '123445', 46800, '2024-01-01', 'card', 2, 0),
	(337, 38, '123445', 46800, '2024-01-01', 'card', 2, 0),
	(338, 39, '123445', 46800, '2024-02-01', 'card', 2, 0),
	(339, 40, '123445', 46800, '2024-03-01', 'card', 2, 0),
	(340, 41, '123445', 46800, '2024-03-01', 'card', 2, 0),
	(342, 43, '123445', 46800, '2024-03-01', 'card', 2, 0),
	(344, 45, '123445', 46800, '2024-04-01', 'card', 2, 0),
	(346, 47, '123445', 46800, '2024-02-01', 'card', 2, 0),
	(348, 49, '123445', 46800, '2024-04-01', 'card', 2, 0),
	(349, 50, '123445', 46800, '2024-02-01', 'card', 2, 0),
	(350, 51, '123445', 46800, '2024-02-01', 'card', 2, 0),
	(351, 52, '123445', 46800, '2024-02-01', 'card', 2, 0),
	(352, 53, '123445', 46800, '2024-03-01', 'card', 2, 0),
	(353, 54, '123445', 46800, '2024-03-01', 'card', 2, 0),
	(354, 55, '123445', 46800, '2024-01-01', 'card', 2, 0),
	(355, 56, '123445', 46800, '2024-03-01', 'card', 2, 0),
	(356, 57, '123445', 46800, '2024-04-01', 'card', 2, 0),
	(357, 58, '123445', 46800, '2024-01-01', 'card', 2, 0),
	(358, 59, '123445', 46800, '2024-02-01', 'card', 2, 0),
	(359, 60, '123445', 46800, '2024-01-01', 'card', 2, 0),
	(360, 61, '123445', 46800, '2024-04-01', 'card', 2, 0),
	(361, 62, '123445', 46800, '2024-02-01', 'card', 2, 0),
	(362, 63, '123445', 46800, '2024-01-01', 'card', 2, 0),
	(363, 64, '123445', 46800, '2024-04-01', 'card', 2, 0),
	(364, 65, '123445', 46800, '2024-03-01', 'card', 2, 0),
	(365, 66, '123445', 46800, '2024-01-01', 'card', 2, 0),
	(366, 67, '123445', 46800, '2024-03-01', 'card', 2, 0),
	(367, 68, '123445', 46800, '2024-02-01', 'card', 2, 0),
	(368, 69, '123445', 46800, '2024-01-01', 'card', 2, 0),
	(370, 71, '123445', 46800, '2024-03-01', 'card', 2, 0),
	(371, 72, '123445', 46800, '2024-02-01', 'card', 2, 0),
	(372, 73, '123445', 46800, '2024-03-01', 'card', 2, 0),
	(374, 75, '123445', 46800, '2024-01-01', 'card', 2, 0),
	(375, 76, '123445', 46800, '2024-04-01', 'card', 2, 0),
	(376, 77, '123445', 46800, '2024-04-01', 'card', 2, 0),
	(377, 78, '123445', 46800, '2024-03-01', 'card', 2, 0),
	(378, 79, '123445', 46800, '2024-01-01', 'card', 2, 0),
	(379, 80, '123445', 46800, '2024-04-01', 'card', 2, 0),
	(380, 81, '123445', 46800, '2024-03-01', 'card', 2, 0),
	(381, 82, '123445', 46800, '2024-01-01', 'card', 2, 0),
	(382, 83, '123445', 46800, '2024-02-01', 'card', 2, 0),
	(383, 84, '123445', 46800, '2024-01-01', 'card', 2, 0),
	(384, 85, '123445', 46800, '2024-04-01', 'card', 2, 0),
	(385, 86, '123445', 46800, '2024-04-01', 'card', 2, 0),
	(386, 87, '123445', 46800, '2024-03-01', 'card', 2, 0),
	(387, 88, '123445', 46800, '2024-04-01', 'card', 2, 0),
	(388, 89, '123445', 46800, '2024-04-01', 'card', 2, 0),
	(389, 90, '123445', 46800, '2024-03-01', 'card', 2, 0),
	(390, 91, '123445', 46800, '2024-01-01', 'card', 2, 0),
	(392, 93, '123445', 46800, '2024-04-01', 'card', 2, 0),
	(393, 94, '123445', 46800, '2024-01-01', 'card', 2, 0),
	(394, 95, '123445', 46800, '2024-04-01', 'card', 2, 0),
	(395, 96, '123445', 46800, '2024-04-01', 'card', 2, 0),
	(396, 97, '123445', 46800, '2024-04-01', 'card', 2, 0),
	(397, 98, '123445', 46800, '2024-01-01', 'card', 2, 0),
	(398, 99, '123445', 46800, '2024-02-01', 'card', 2, 0),
	(399, 100, '123445', 46800, '2024-04-01', 'card', 2, 0),
	(400, 101, '123445', 46800, '2024-03-01', 'card', 2, 0),
	(401, 102, '123445', 46800, '2024-02-01', 'card', 2, 0),
	(402, 103, '123445', 46800, '2024-02-01', 'card', 2, 0),
	(403, 104, '123445', 46800, '2024-01-01', 'card', 2, 0),
	(404, 105, '123445', 46800, '2024-02-01', 'card', 2, 0),
	(405, 106, '123445', 46800, '2024-01-01', 'card', 2, 0),
	(406, 107, '123445', 46800, '2024-03-01', 'card', 2, 0),
	(407, 108, '123445', 46800, '2024-01-01', 'card', 2, 0),
	(409, 110, '123445', 46800, '2024-03-01', 'card', 2, 0),
	(410, 111, '123445', 46800, '2024-04-01', 'card', 2, 0),
	(411, 112, '123445', 46800, '2024-02-01', 'card', 2, 0),
	(412, 113, '123445', 46800, '2024-01-01', 'card', 2, 0),
	(416, 117, '123445', 46800, '2024-03-01', 'card', 2, 0),
	(417, 118, '123445', 46800, '2024-04-01', 'card', 2, 0),
	(418, 119, '123445', 46800, '2024-02-01', 'card', 2, 0),
	(419, 120, '123445', 46800, '2024-01-01', 'card', 2, 0),
	(420, 121, '123445', 46800, '2024-04-01', 'card', 2, 0),
	(421, 122, '123445', 46800, '2024-01-01', 'card', 2, 0),
	(422, 123, '123445', 46800, '2024-02-01', 'card', 2, 0),
	(423, 124, '123445', 46800, '2024-01-01', 'card', 2, 0),
	(424, 125, '123445', 46800, '2024-04-01', 'card', 2, 0),
	(425, 126, '123445', 46800, '2024-01-01', 'card', 2, 0),
	(426, 127, '123445', 46800, '2024-02-01', 'card', 2, 0),
	(427, 128, '123445', 46800, '2024-04-01', 'card', 2, 0),
	(428, 129, '123445', 46800, '2024-04-01', 'card', 2, 0),
	(429, 130, '123445', 46800, '2024-04-01', 'card', 2, 0),
	(433, 134, '123445', 46800, '2024-04-01', 'card', 2, 0),
	(434, 135, '123445', 46800, '2024-02-01', 'card', 2, 0),
	(435, 136, '123445', 46800, '2024-03-01', 'card', 2, 0),
	(437, 138, '123445', 46800, '2024-02-01', 'card', 2, 0),
	(440, 141, '123445', 46800, '2024-04-01', 'card', 2, 0),
	(441, 142, '123445', 46800, '2024-04-01', 'card', 2, 0),
	(442, 143, '123445', 46800, '2024-01-01', 'card', 2, 0),
	(443, 144, '123445', 46800, '2024-02-01', 'card', 2, 0),
	(444, 145, '123445', 46800, '2024-03-01', 'card', 2, 0),
	(445, 146, '123445', 46800, '2024-03-01', 'card', 2, 0),
	(446, 147, '123445', 46800, '2024-04-01', 'card', 2, 0),
	(447, 148, '123445', 46800, '2024-01-01', 'card', 2, 0),
	(449, 150, '123445', 46800, '2024-02-01', 'card', 2, 0),
	(451, 152, '123445', 46800, '2024-04-01', 'card', 2, 0),
	(452, 153, '123445', 46800, '2024-01-01', 'card', 2, 0),
	(453, 154, '123445', 46800, '2024-01-01', 'card', 2, 0),
	(454, 155, '123445', 46800, '2024-02-01', 'card', 2, 0),
	(455, 156, '123445', 46800, '2024-04-01', 'card', 2, 0),
	(456, 157, '123445', 46800, '2024-02-01', 'card', 2, 0),
	(457, 158, '123445', 46800, '2024-02-01', 'card', 2, 0),
	(458, 159, '123445', 46800, '2024-02-01', 'card', 2, 0),
	(459, 160, '123445', 46800, '2024-03-01', 'card', 2, 0),
	(461, 162, '123445', 46800, '2024-04-01', 'card', 2, 0),
	(462, 163, '123445', 46800, '2024-04-01', 'card', 2, 0),
	(463, 164, '123445', 46800, '2024-03-01', 'card', 2, 0),
	(465, 166, '123445', 46800, '2024-02-01', 'card', 2, 0),
	(466, 167, '123445', 46800, '2024-03-01', 'card', 2, 0),
	(468, 169, '123445', 46800, '2024-01-01', 'card', 2, 0),
	(469, 170, '123445', 46800, '2024-03-01', 'card', 2, 0),
	(470, 171, '123445', 46800, '2024-01-01', 'card', 2, 0),
	(471, 172, '123445', 46800, '2024-03-01', 'card', 2, 0),
	(474, 175, '123445', 46800, '2024-02-01', 'card', 2, 0),
	(475, 176, '123445', 46800, '2024-01-01', 'card', 2, 0),
	(476, 177, '123445', 46800, '2024-02-01', 'card', 2, 0),
	(478, 179, '123445', 46800, '2024-04-01', 'card', 2, 0),
	(480, 181, '123445', 46800, '2024-03-01', 'card', 2, 0),
	(481, 182, '123445', 46800, '2024-04-01', 'card', 2, 0),
	(483, 184, '123445', 46800, '2024-01-01', 'card', 2, 0),
	(484, 185, '123445', 46800, '2024-03-01', 'card', 2, 0),
	(486, 187, '123445', 46800, '2024-02-01', 'card', 2, 0),
	(487, 188, '123445', 46800, '2024-03-01', 'card', 2, 0),
	(488, 189, '123445', 46800, '2024-04-01', 'card', 2, 0),
	(489, 190, '123445', 46800, '2024-02-01', 'card', 2, 0),
	(490, 191, '123445', 46800, '2024-02-01', 'card', 2, 0),
	(491, 192, '123445', 46800, '2024-04-01', 'card', 2, 0),
	(492, 193, '123445', 46800, '2024-01-01', 'card', 2, 0),
	(493, 194, '123445', 46800, '2024-01-01', 'card', 2, 0),
	(494, 195, '123445', 46800, '2024-04-01', 'card', 2, 0),
	(495, 196, '123445', 46800, '2024-04-01', 'card', 2, 0),
	(496, 197, '123445', 46800, '2024-04-01', 'card', 2, 0),
	(497, 198, '123445', 46800, '2024-02-01', 'card', 2, 0),
	(498, 199, '123445', 46800, '2024-04-01', 'card', 2, 0),
	(499, 200, '123445', 46800, '2024-03-01', 'card', 2, 0),
	(500, 201, '123445', 46800, '2024-02-01', 'card', 2, 0),
	(501, 202, '123445', 46800, '2024-03-01', 'card', 2, 0),
	(502, 203, '123445', 46800, '2024-02-01', 'card', 2, 0),
	(503, 204, '123445', 46800, '2024-02-01', 'card', 2, 0),
	(505, 206, '123445', 46800, '2024-03-01', 'card', 2, 0),
	(506, 207, '123445', 46800, '2024-02-01', 'card', 2, 0),
	(508, 209, '123445', 46800, '2024-04-01', 'card', 2, 0),
	(511, 212, '123445', 46800, '2024-01-01', 'card', 2, 0),
	(513, 214, '123445', 46800, '2024-04-01', 'card', 2, 0),
	(514, 215, '123445', 46800, '2024-04-01', 'card', 2, 0),
	(515, 216, '123445', 46800, '2024-01-01', 'card', 2, 0),
	(516, 217, '123445', 46800, '2024-02-01', 'card', 2, 0),
	(517, 218, '123445', 46800, '2024-04-01', 'card', 2, 0),
	(518, 219, '123445', 46800, '2024-01-01', 'card', 2, 0),
	(520, 221, '123445', 46800, '2024-03-01', 'card', 2, 0),
	(521, 222, '123445', 46800, '2024-03-01', 'card', 2, 0),
	(523, 224, '123445', 46800, '2024-04-01', 'card', 2, 0),
	(524, 225, '123445', 46800, '2024-04-01', 'card', 2, 0),
	(525, 226, '123445', 46800, '2024-03-01', 'card', 2, 0),
	(528, 229, '123445', 46800, '2024-02-01', 'card', 2, 0),
	(529, 230, '123445', 46800, '2024-03-01', 'card', 2, 0),
	(530, 231, '123445', 46800, '2024-02-01', 'card', 2, 0),
	(532, 233, '123445', 46800, '2024-02-01', 'card', 2, 0),
	(533, 234, '123445', 46800, '2024-03-01', 'card', 2, 0),
	(534, 235, '123445', 46800, '2024-02-01', 'card', 2, 0),
	(535, 236, '123445', 46800, '2024-01-01', 'card', 2, 0),
	(536, 237, '123445', 46800, '2024-04-01', 'card', 2, 0),
	(537, 238, '123445', 46800, '2024-02-01', 'card', 2, 0),
	(538, 239, '123445', 46800, '2024-01-01', 'card', 2, 0),
	(539, 240, '123445', 46800, '2024-03-01', 'card', 2, 0),
	(540, 241, '123445', 46800, '2024-03-01', 'card', 2, 0),
	(542, 243, '123445', 46800, '2024-04-01', 'card', 2, 0),
	(543, 244, '123445', 46800, '2024-04-01', 'card', 2, 0),
	(544, 245, '123445', 46800, '2024-01-01', 'card', 2, 0),
	(545, 246, '123445', 46800, '2024-01-01', 'card', 2, 0),
	(546, 247, '123445', 46800, '2024-03-01', 'card', 2, 0),
	(547, 248, '123445', 46800, '2024-03-01', 'card', 2, 0),
	(548, 249, '123445', 46800, '2024-04-01', 'card', 2, 0),
	(549, 250, '123445', 46800, '2024-04-01', 'card', 2, 0),
	(550, 251, '123445', 46800, '2024-04-01', 'card', 2, 0),
	(551, 252, '123445', 46800, '2024-03-01', 'card', 2, 0),
	(552, 253, '123445', 46800, '2024-04-01', 'card', 2, 0),
	(553, 254, '123445', 46800, '2024-04-01', 'card', 2, 0),
	(554, 255, '123445', 46800, '2024-02-01', 'card', 2, 0),
	(555, 256, '123445', 46800, '2024-01-01', 'card', 2, 0),
	(556, 257, '123445', 46800, '2024-02-01', 'card', 2, 0),
	(558, 259, '123445', 46800, '2024-02-01', 'card', 2, 0),
	(560, 261, '123445', 46800, '2024-02-01', 'card', 2, 0),
	(561, 262, '123445', 46800, '2024-02-01', 'card', 2, 0),
	(562, 263, '123445', 46800, '2024-01-01', 'card', 2, 0),
	(564, 265, '123445', 46800, '2024-03-01', 'card', 2, 0),
	(565, 266, '123445', 46800, '2024-04-01', 'card', 2, 0),
	(566, 267, '123445', 46800, '2024-01-01', 'card', 2, 0),
	(567, 268, '123445', 46800, '2024-04-01', 'card', 2, 0),
	(568, 269, '123445', 46800, '2024-04-01', 'card', 2, 0),
	(569, 270, '123445', 46800, '2024-04-01', 'card', 2, 0),
	(571, 272, '123445', 46800, '2024-04-01', 'card', 2, 0),
	(572, 273, '123445', 46800, '2024-03-01', 'card', 2, 0),
	(573, 274, '123445', 46800, '2024-01-01', 'card', 2, 0),
	(574, 275, '123445', 46800, '2024-01-01', 'card', 2, 0),
	(575, 276, '123445', 46800, '2024-01-01', 'card', 2, 0),
	(576, 277, '123445', 46800, '2024-01-01', 'card', 2, 0),
	(577, 278, '123445', 46800, '2024-03-01', 'card', 2, 0),
	(578, 279, '123445', 46800, '2024-01-01', 'card', 2, 0),
	(579, 280, '123445', 46800, '2024-01-01', 'card', 2, 0),
	(580, 281, '123445', 46800, '2024-03-01', 'card', 2, 0),
	(581, 282, '123445', 46800, '2024-01-01', 'card', 2, 0),
	(582, 283, '123445', 46800, '2024-03-01', 'card', 2, 0),
	(583, 284, '123445', 46800, '2024-02-01', 'card', 2, 0),
	(584, 285, '123445', 46800, '2024-03-01', 'card', 2, 0),
	(585, 286, '123445', 46800, '2024-01-01', 'card', 2, 0),
	(587, 288, '123445', 46800, '2024-04-01', 'card', 2, 0),
	(588, 289, '123445', 46800, '2024-02-01', 'card', 2, 0),
	(589, 290, '123445', 46800, '2024-01-01', 'card', 2, 0),
	(590, 291, '123445', 46800, '2024-02-01', 'card', 2, 0),
	(592, 293, '123445', 46800, '2024-03-01', 'card', 2, 0),
	(593, 294, '123445', 46800, '2024-02-01', 'card', 2, 0),
	(595, 296, '123445', 46800, '2024-04-01', 'card', 2, 0),
	(596, 297, '123445', 46800, '2024-01-01', 'card', 2, 0),
	(597, 298, '123445', 46800, '2024-04-01', 'card', 2, 0),
	(598, 299, '123445', 46800, '2024-04-01', 'card', 2, 0),
	(599, 1, '123445', 27800, '2024-04-15', 'card', 1, 0),
	(600, 2, '123445', 27800, '2024-04-15', 'card', 1, 0),
	(601, 3, '123445', 27800, '2024-04-15', 'card', 1, 0),
	(602, 4, '123445', 27800, '2024-04-15', 'card', 1, 0),
	(603, 5, '123445', 27800, '2024-04-15', 'card', 1, 0),
	(604, 6, '123445', 27800, '2024-04-15', 'card', 1, 0),
	(605, 7, '123445', 27800, '2024-04-15', 'card', 1, 0),
	(606, 8, '123445', 27800, '2024-04-15', 'card', 1, 0),
	(607, 9, '123445', 27800, '2024-04-15', 'card', 1, 0),
	(608, 10, '123445', 27800, '2024-04-15', 'card', 1, 0),
	(609, 11, '123445', 27800, '2024-04-15', 'card', 1, 0),
	(610, 12, '123445', 27800, '2024-04-15', 'card', 1, 0),
	(611, 13, '123445', 27800, '2024-04-15', 'card', 1, 0),
	(612, 14, '123445', 27800, '2024-04-15', 'card', 1, 0),
	(613, 15, '123445', 27800, '2024-04-15', 'card', 1, 0),
	(614, 16, '123445', 27800, '2024-04-15', 'card', 1, 0),
	(615, 17, '123445', 27800, '2024-04-15', 'card', 1, 0),
	(616, 18, '123445', 27800, '2024-04-15', 'card', 1, 0),
	(617, 19, '123445', 27800, '2024-04-15', 'card', 1, 0),
	(618, 20, '123445', 27800, '2024-04-15', 'card', 1, 0),
	(619, 21, '123445', 27800, '2024-04-15', 'card', 1, 0),
	(620, 22, '123445', 27800, '2024-04-15', 'card', 1, 0),
	(621, 23, '123445', 27800, '2024-04-15', 'card', 1, 0),
	(622, 24, '123445', 27800, '2024-04-15', 'card', 1, 0),
	(623, 25, '123445', 27800, '2024-04-15', 'card', 1, 0),
	(624, 26, '123445', 27800, '2024-04-15', 'card', 1, 0),
	(625, 27, '123445', 27800, '2024-04-15', 'card', 1, 0),
	(626, 28, '123445', 27800, '2024-04-15', 'card', 1, 0),
	(627, 29, '123445', 27800, '2024-04-15', 'card', 1, 0),
	(628, 30, '123445', 27800, '2024-04-15', 'card', 1, 0),
	(629, 31, '123445', 27800, '2024-04-15', 'card', 1, 0),
	(630, 32, '123445', 27800, '2024-04-15', 'card', 1, 0),
	(631, 33, '123445', 27800, '2024-04-15', 'card', 1, 0),
	(632, 34, '123445', 27800, '2024-04-15', 'card', 1, 0),
	(633, 35, '123445', 27800, '2024-04-15', 'card', 1, 0),
	(634, 36, '123445', 27800, '2024-04-15', 'card', 1, 0),
	(635, 37, '123445', 27800, '2024-04-15', 'card', 1, 0),
	(636, 38, '123445', 27800, '2024-04-15', 'card', 1, 0),
	(637, 39, '123445', 27800, '2024-04-15', 'card', 1, 0),
	(638, 40, '123445', 27800, '2024-04-15', 'card', 1, 0),
	(639, 41, '123445', 27800, '2024-04-15', 'card', 1, 0),
	(640, 42, '123445', 27800, '2024-04-15', 'card', 1, 0),
	(641, 43, '123445', 27800, '2024-04-15', 'card', 1, 0),
	(642, 44, '123445', 27800, '2024-04-15', 'card', 1, 0),
	(643, 45, '123445', 27800, '2024-04-15', 'card', 1, 0),
	(644, 46, '123445', 27800, '2024-04-15', 'card', 1, 0),
	(645, 47, '123445', 27800, '2024-04-15', 'card', 1, 0),
	(646, 48, '123445', 27800, '2024-04-15', 'card', 1, 0),
	(647, 49, '123445', 27800, '2024-04-15', 'card', 1, 0),
	(648, 50, '123445', 27800, '2024-04-15', 'card', 1, 0),
	(649, 51, '123445', 27800, '2024-04-15', 'card', 1, 0),
	(650, 52, '123445', 27800, '2024-04-15', 'card', 1, 0),
	(651, 53, '123445', 27800, '2024-04-15', 'card', 1, 0),
	(652, 54, '123445', 27800, '2024-04-15', 'card', 1, 0),
	(653, 55, '123445', 27800, '2024-04-15', 'card', 1, 0),
	(654, 56, '123445', 27800, '2024-04-15', 'card', 1, 0),
	(655, 57, '123445', 27800, '2024-04-15', 'card', 1, 0),
	(656, 58, '123445', 27800, '2024-04-15', 'card', 1, 0),
	(657, 59, '123445', 27800, '2024-04-15', 'card', 1, 0),
	(658, 60, '123445', 27800, '2024-04-15', 'card', 1, 0),
	(659, 61, '123445', 27800, '2024-04-15', 'card', 1, 0),
	(660, 62, '123445', 27800, '2024-04-15', 'card', 1, 0),
	(661, 63, '123445', 27800, '2024-04-15', 'card', 1, 0),
	(662, 64, '123445', 27800, '2024-04-15', 'card', 1, 0),
	(663, 65, '123445', 27800, '2024-04-15', 'card', 1, 0),
	(664, 66, '123445', 27800, '2024-04-15', 'card', 1, 0),
	(665, 67, '123445', 27800, '2024-04-15', 'card', 1, 0),
	(666, 68, '123445', 27800, '2024-04-15', 'card', 1, 0),
	(667, 69, '123445', 27800, '2024-04-15', 'card', 1, 0),
	(668, 70, '123445', 27800, '2024-04-15', 'card', 1, 0),
	(669, 71, '123445', 27800, '2024-04-15', 'card', 1, 0),
	(670, 72, '123445', 27800, '2024-04-15', 'card', 1, 0),
	(671, 73, '123445', 27800, '2024-04-15', 'card', 1, 0),
	(672, 74, '123445', 27800, '2024-04-15', 'card', 1, 0),
	(673, 75, '123445', 27800, '2024-04-15', 'card', 1, 0),
	(674, 76, '123445', 27800, '2024-04-15', 'card', 1, 0),
	(675, 77, '123445', 27800, '2024-04-15', 'card', 1, 0),
	(676, 78, '123445', 27800, '2024-04-15', 'card', 1, 0),
	(677, 79, '123445', 27800, '2024-04-15', 'card', 1, 0),
	(678, 80, '123445', 27800, '2024-04-15', 'card', 1, 0),
	(679, 81, '123445', 27800, '2024-04-15', 'card', 1, 0),
	(680, 82, '123445', 27800, '2024-04-15', 'card', 1, 0),
	(681, 83, '123445', 27800, '2024-04-15', 'card', 1, 0),
	(682, 84, '123445', 27800, '2024-04-15', 'card', 1, 0),
	(683, 85, '123445', 27800, '2024-04-15', 'card', 1, 0),
	(684, 86, '123445', 27800, '2024-04-15', 'card', 1, 0),
	(685, 87, '123445', 27800, '2024-04-15', 'card', 1, 0),
	(686, 88, '123445', 27800, '2024-04-15', 'card', 1, 0),
	(687, 89, '123445', 27800, '2024-04-15', 'card', 1, 0),
	(688, 90, '123445', 27800, '2024-04-15', 'card', 1, 0),
	(689, 91, '123445', 27800, '2024-04-15', 'card', 1, 0),
	(690, 92, '123445', 27800, '2024-04-15', 'card', 1, 0),
	(691, 93, '123445', 27800, '2024-04-15', 'card', 1, 0),
	(692, 94, '123445', 27800, '2024-04-15', 'card', 1, 0),
	(693, 95, '123445', 27800, '2024-04-15', 'card', 1, 0),
	(694, 96, '123445', 27800, '2024-04-15', 'card', 1, 0),
	(695, 97, '123445', 27800, '2024-04-15', 'card', 1, 0),
	(696, 98, '123445', 27800, '2024-04-15', 'card', 1, 0),
	(697, 99, '123445', 27800, '2024-04-15', 'card', 1, 0),
	(698, 100, '123445', 27800, '2024-04-15', 'card', 1, 0),
	(699, 101, '123445', 27800, '2024-04-15', 'card', 1, 0),
	(700, 102, '123445', 27800, '2024-04-15', 'card', 1, 0),
	(701, 103, '123445', 27800, '2024-04-15', 'card', 1, 0),
	(702, 104, '123445', 27800, '2024-04-15', 'card', 1, 0),
	(703, 105, '123445', 27800, '2024-04-15', 'card', 1, 0),
	(704, 106, '123445', 27800, '2024-04-15', 'card', 1, 0),
	(705, 107, '123445', 27800, '2024-04-15', 'card', 1, 0),
	(706, 108, '123445', 27800, '2024-04-15', 'card', 1, 0),
	(707, 109, '123445', 27800, '2024-04-15', 'card', 1, 0),
	(708, 110, '123445', 27800, '2024-04-15', 'card', 1, 0),
	(709, 111, '123445', 27800, '2024-04-15', 'card', 1, 0),
	(710, 112, '123445', 27800, '2024-04-15', 'card', 1, 0),
	(711, 113, '123445', 27800, '2024-04-15', 'card', 1, 0),
	(712, 114, '123445', 27800, '2024-04-15', 'card', 1, 0),
	(713, 115, '123445', 27800, '2024-04-15', 'card', 1, 0),
	(714, 116, '123445', 27800, '2024-04-15', 'card', 1, 0),
	(715, 117, '123445', 27800, '2024-04-15', 'card', 1, 0),
	(716, 118, '123445', 27800, '2024-04-15', 'card', 1, 0),
	(717, 119, '123445', 27800, '2024-04-15', 'card', 1, 0),
	(718, 120, '123445', 27800, '2024-04-15', 'card', 1, 0),
	(719, 121, '123445', 27800, '2024-04-15', 'card', 1, 0),
	(720, 122, '123445', 27800, '2024-04-15', 'card', 1, 0),
	(721, 123, '123445', 27800, '2024-04-15', 'card', 1, 0),
	(722, 124, '123445', 27800, '2024-04-15', 'card', 1, 0),
	(723, 125, '123445', 27800, '2024-04-15', 'card', 1, 0),
	(724, 126, '123445', 27800, '2024-04-15', 'card', 1, 0),
	(725, 127, '123445', 27800, '2024-04-15', 'card', 1, 0),
	(726, 128, '123445', 27800, '2024-04-15', 'card', 1, 0),
	(727, 129, '123445', 27800, '2024-04-15', 'card', 1, 0),
	(728, 130, '123445', 27800, '2024-04-15', 'card', 1, 0),
	(729, 131, '123445', 27800, '2024-04-15', 'card', 1, 0),
	(730, 132, '123445', 27800, '2024-04-15', 'card', 1, 0),
	(731, 133, '123445', 27800, '2024-04-15', 'card', 1, 0),
	(732, 134, '123445', 27800, '2024-04-15', 'card', 1, 0),
	(733, 135, '123445', 27800, '2024-04-15', 'card', 1, 0),
	(734, 136, '123445', 27800, '2024-04-15', 'card', 1, 0),
	(735, 137, '123445', 27800, '2024-04-15', 'card', 1, 0),
	(736, 138, '123445', 27800, '2024-04-15', 'card', 1, 0),
	(737, 139, '123445', 27800, '2024-04-15', 'card', 1, 0),
	(738, 140, '123445', 27800, '2024-04-15', 'card', 1, 0),
	(739, 141, '123445', 27800, '2024-04-15', 'card', 1, 0),
	(740, 142, '123445', 27800, '2024-04-15', 'card', 1, 0),
	(741, 143, '123445', 27800, '2024-04-15', 'card', 1, 0),
	(742, 144, '123445', 27800, '2024-04-15', 'card', 1, 0),
	(743, 145, '123445', 27800, '2024-04-15', 'card', 1, 0),
	(744, 146, '123445', 27800, '2024-04-15', 'card', 1, 0),
	(745, 147, '123445', 27800, '2024-04-15', 'card', 1, 0),
	(746, 148, '123445', 27800, '2024-04-15', 'card', 1, 0),
	(747, 149, '123445', 27800, '2024-04-15', 'card', 1, 0),
	(748, 150, '123445', 27800, '2024-04-15', 'card', 1, 0),
	(749, 151, '123445', 27800, '2024-04-15', 'card', 1, 0),
	(750, 152, '123445', 27800, '2024-04-15', 'card', 1, 0),
	(751, 153, '123445', 27800, '2024-04-15', 'card', 1, 0),
	(752, 154, '123445', 27800, '2024-04-15', 'card', 1, 0),
	(753, 155, '123445', 27800, '2024-04-15', 'card', 1, 0),
	(754, 156, '123445', 27800, '2024-04-15', 'card', 1, 0),
	(755, 157, '123445', 27800, '2024-04-15', 'card', 1, 0),
	(756, 158, '123445', 27800, '2024-04-15', 'card', 1, 0),
	(757, 159, '123445', 27800, '2024-04-15', 'card', 1, 0),
	(758, 160, '123445', 27800, '2024-04-15', 'card', 1, 0),
	(759, 161, '123445', 27800, '2024-04-15', 'card', 1, 0),
	(760, 162, '123445', 27800, '2024-04-15', 'card', 1, 0),
	(761, 163, '123445', 27800, '2024-04-15', 'card', 1, 0),
	(762, 164, '123445', 27800, '2024-04-15', 'card', 1, 0),
	(763, 165, '123445', 27800, '2024-04-15', 'card', 1, 0),
	(764, 166, '123445', 27800, '2024-04-15', 'card', 1, 0),
	(765, 167, '123445', 27800, '2024-04-15', 'card', 1, 0),
	(766, 168, '123445', 27800, '2024-04-15', 'card', 1, 0),
	(767, 169, '123445', 27800, '2024-04-15', 'card', 1, 0),
	(768, 170, '123445', 27800, '2024-04-15', 'card', 1, 0),
	(769, 171, '123445', 27800, '2024-04-15', 'card', 1, 0),
	(770, 172, '123445', 27800, '2024-04-15', 'card', 1, 0),
	(771, 173, '123445', 27800, '2024-04-15', 'card', 1, 0),
	(772, 174, '123445', 27800, '2024-04-15', 'card', 1, 0),
	(773, 175, '123445', 27800, '2024-04-15', 'card', 1, 0),
	(774, 176, '123445', 27800, '2024-04-15', 'card', 1, 0),
	(775, 177, '123445', 27800, '2024-04-15', 'card', 1, 0),
	(776, 178, '123445', 27800, '2024-04-15', 'card', 1, 0),
	(777, 179, '123445', 27800, '2024-04-15', 'card', 1, 0),
	(778, 180, '123445', 27800, '2024-04-15', 'card', 1, 0),
	(779, 181, '123445', 27800, '2024-04-15', 'card', 1, 0),
	(780, 182, '123445', 27800, '2024-04-15', 'card', 1, 0),
	(781, 183, '123445', 27800, '2024-04-15', 'card', 1, 0),
	(782, 184, '123445', 27800, '2024-04-15', 'card', 1, 0),
	(783, 185, '123445', 27800, '2024-04-15', 'card', 1, 0),
	(784, 186, '123445', 27800, '2024-04-15', 'card', 1, 0),
	(785, 187, '123445', 27800, '2024-04-15', 'card', 1, 0),
	(786, 188, '123445', 27800, '2024-04-15', 'card', 1, 0),
	(787, 189, '123445', 27800, '2024-04-15', 'card', 1, 0),
	(788, 190, '123445', 27800, '2024-04-15', 'card', 1, 0),
	(789, 191, '123445', 27800, '2024-04-15', 'card', 1, 0),
	(790, 192, '123445', 27800, '2024-04-15', 'card', 1, 0),
	(791, 193, '123445', 27800, '2024-04-15', 'card', 1, 0),
	(792, 194, '123445', 27800, '2024-04-15', 'card', 1, 0),
	(793, 195, '123445', 27800, '2024-04-15', 'card', 1, 0),
	(794, 196, '123445', 27800, '2024-04-15', 'card', 1, 0),
	(795, 197, '123445', 27800, '2024-04-15', 'card', 1, 0),
	(796, 198, '123445', 27800, '2024-04-15', 'card', 1, 0),
	(797, 199, '123445', 27800, '2024-04-15', 'card', 1, 0);

-- 테이블 projectdb.companysa 구조 내보내기
CREATE TABLE IF NOT EXISTS `companysa` (
  `num` int NOT NULL AUTO_INCREMENT,
  `id` varchar(255) DEFAULT NULL,
  `postnum` varchar(255) DEFAULT NULL,
  `city` varchar(255) DEFAULT NULL,
  `streetaddr` varchar(255) DEFAULT NULL,
  `size` int DEFAULT NULL,
  `callnum` varchar(255) DEFAULT NULL,
  `companyinfo` varchar(255) DEFAULT NULL,
  PRIMARY KEY (`num`)
) ENGINE=InnoDB AUTO_INCREMENT=21 DEFAULT CHARSET=utf8mb4 COLLATE=utf8mb4_0900_ai_ci;

-- 테이블 데이터 projectdb.companysa:~20 rows (대략적) 내보내기
INSERT INTO `companysa` (`num`, `id`, `postnum`, `city`, `streetaddr`, `size`, `callnum`, `companyinfo`) VALUES
	(1, 'c0', 'c', 'c', 'c', 300, '051-000-0000', 'java'),
	(2, 'c1', 'c', 'c', 'c', 300, '051-000-0000', 'java'),
	(3, 'c2', 'c', 'c', 'c', 300, '051-000-0000', 'java'),
	(4, 'c3', 'c', 'c', 'c', 300, '051-000-0000', 'java'),
	(5, 'c4', 'c', 'c', 'c', 300, '051-000-0000', 'java'),
	(6, 'c5', 'c', 'c', 'c', 300, '051-000-0000', 'java'),
	(7, 'c6', 'c', 'c', 'c', 300, '051-000-0000', 'java'),
	(8, 'c7', 'c', 'c', 'c', 300, '051-000-0000', 'java'),
	(9, 'c8', 'c', 'c', 'c', 300, '051-000-0000', 'java'),
	(10, 'c9', 'c', 'c', 'c', 300, '051-000-0000', 'java'),
	(11, 'c10', 'c', 'c', 'c', 300, '051-000-0000', 'java'),
	(12, 'c11', 'c', 'c', 'c', 300, '051-000-0000', 'java'),
	(13, 'c12', 'c', 'c', 'c', 300, '051-000-0000', 'java'),
	(14, 'c13', 'c', 'c', 'c', 300, '051-000-0000', 'java'),
	(15, 'c14', 'c', 'c', 'c', 300, '051-000-0000', 'java'),
	(16, 'c15', 'c', 'c', 'c', 300, '051-000-0000', 'java'),
	(17, 'c16', 'c', 'c', 'c', 300, '051-000-0000', 'java'),
	(18, 'c17', 'c', 'c', 'c', 300, '051-000-0000', 'java'),
	(19, 'c18', 'c', 'c', 'c', 300, '051-000-0000', 'java'),
	(20, 'c19', 'c', 'c', 'c', 300, '051-000-0000', 'java');

-- 테이블 projectdb.healthitemsa 구조 내보내기
CREATE TABLE IF NOT EXISTS `healthitemsa` (
  `num` int NOT NULL AUTO_INCREMENT,
  `name` varchar(255) DEFAULT NULL,
  `hcontent` text,
  `fcperiod` varchar(255) DEFAULT NULL,
  `ptnum` int DEFAULT NULL,
  `gxnum` int DEFAULT NULL,
  `frnum` int DEFAULT NULL,
  `sellperiod` varchar(255) DEFAULT NULL,
  `price` int DEFAULT NULL,
  `sellflag` int DEFAULT NULL,
  PRIMARY KEY (`num`)
) ENGINE=InnoDB AUTO_INCREMENT=7 DEFAULT CHARSET=utf8mb4 COLLATE=utf8mb4_0900_ai_ci;

-- 테이블 데이터 projectdb.healthitemsa:~6 rows (대략적) 내보내기
INSERT INTO `healthitemsa` (`num`, `name`, `hcontent`, `fcperiod`, `ptnum`, `gxnum`, `frnum`, `sellperiod`, `price`, `sellflag`) VALUES
	(1, '결제 테스트용 상품', '1111', '0000-03-00', 10, 20, 1, '2024-03-27', 100, 0),
	(2, '핼스 이용권', '1000', '0000-01-00', 0, 0, 2, '2026-01-01', 45000, 1),
	(3, '헬스+gx 이용권', '1001', '0000-03-00', 0, 5, 3, '2026-01-01', 100000, 1),
	(4, '일일 핼스 이용권', '1000', '0000-00-01', 0, 0, 1, '2026-01-01', 17000, 1),
	(5, '1대1pt권', '1100', '0000-00-30', 1, 0, 1, '2026-01-01', 60000, 1),
	(6, '그룹 pt이용권', '1010', '0000-03-00', 0, 1, 1, '2024-04-16', 25000, 1);

-- 테이블 projectdb.locationsa 구조 내보내기
CREATE TABLE IF NOT EXISTS `locationsa` (
  `num` int NOT NULL AUTO_INCREMENT,
  `id` varchar(255) DEFAULT NULL,
  `postnum` varchar(255) DEFAULT NULL,
  `city` varchar(255) DEFAULT NULL,
  `streetaddr` varchar(255) DEFAULT NULL,
  `parking` int DEFAULT NULL,
  `size` int DEFAULT NULL,
  `callnum` varchar(255) DEFAULT NULL,
  `companyinfo` varchar(255) DEFAULT NULL,
  `ip` varchar(255) DEFAULT NULL,
  PRIMARY KEY (`num`)
) ENGINE=InnoDB AUTO_INCREMENT=4 DEFAULT CHARSET=utf8mb4 COLLATE=utf8mb4_0900_ai_ci;

-- 테이블 데이터 projectdb.locationsa:~3 rows (대략적) 내보내기
INSERT INTO `locationsa` (`num`, `id`, `postnum`, `city`, `streetaddr`, `parking`, `size`, `callnum`, `companyinfo`, `ip`) VALUES
	(1, 'loc1', '12345', 'New York', '123 Main St', 1, 1000, '123-456-7890', 'Gym A', NULL),
	(2, 'loc2', '54321', 'Los Angeles', '456 Oak St', 0, 800, '987-654-3210', 'Gym B', NULL),
	(3, 'loc3', '78945', 'Seoul', '789 DD St', 1, 500, '051-456-7890', 'Gym C', NULL);

-- 테이블 projectdb.payitemsa 구조 내보내기
CREATE TABLE IF NOT EXISTS `payitemsa` (
  `num` int NOT NULL AUTO_INCREMENT,
  `usernum` int DEFAULT NULL,
  `paydate` varchar(255) CHARACTER SET utf8mb4 COLLATE utf8mb4_0900_ai_ci DEFAULT NULL,
  `itemnum` int DEFAULT NULL,
  `payprice` int DEFAULT NULL,
  `paymethod` varchar(255) CHARACTER SET utf8mb4 COLLATE utf8mb4_0900_ai_ci DEFAULT NULL,
  `payflag` int DEFAULT NULL,
  `ccflag` int DEFAULT NULL,
  `payback` int DEFAULT NULL,
  PRIMARY KEY (`num`) USING BTREE
) ENGINE=InnoDB AUTO_INCREMENT=531 DEFAULT CHARSET=utf8mb4 COLLATE=utf8mb4_0900_ai_ci;

-- 테이블 데이터 projectdb.payitemsa:~0 rows (대략적) 내보내기
INSERT INTO `payitemsa` (`num`, `usernum`, `paydate`, `itemnum`, `payprice`, `paymethod`, `payflag`, `ccflag`, `payback`) VALUES
	(1, 1, '2024-04-15 14:50:43', 1, 50000, 'card', 1, 0, 0),
	(2, 2, '2024-04-15 14:50:43', 1, 50000, 'card', 1, 0, 0),
	(3, 3, '2024-04-15 14:50:43', 1, 50000, 'card', 1, 0, 0),
	(4, 4, '2024-04-15 14:50:43', 1, 50000, 'card', 1, 0, 0),
	(5, 5, '2024-04-15 14:50:43', 1, 50000, 'card', 1, 0, 0),
	(6, 6, '2024-04-15 14:50:43', 1, 50000, 'card', 1, 0, 0),
	(7, 7, '2024-04-15 14:50:43', 1, 50000, 'card', 1, 0, 0),
	(8, 8, '2024-04-15 14:50:43', 1, 50000, 'card', 1, 0, 0),
	(9, 9, '2024-04-15 14:50:43', 1, 50000, 'card', 1, 0, 0),
	(10, 10, '2024-04-15 14:50:43', 1, 50000, 'card', 1, 0, 0),
	(11, 11, '2024-04-15 14:50:43', 1, 50000, 'card', 1, 0, 0),
	(12, 12, '2024-04-15 14:50:43', 1, 50000, 'card', 1, 0, 0),
	(13, 13, '2024-04-15 14:50:43', 1, 50000, 'card', 1, 0, 0),
	(14, 14, '2024-04-15 14:50:43', 1, 50000, 'card', 1, 0, 0),
	(15, 15, '2024-04-15 14:50:43', 1, 50000, 'card', 1, 0, 0),
	(16, 16, '2024-04-15 14:50:43', 1, 50000, 'card', 1, 0, 0),
	(17, 17, '2024-04-15 14:50:43', 1, 50000, 'card', 1, 0, 0),
	(18, 18, '2024-04-15 14:50:43', 1, 50000, 'card', 1, 0, 0),
	(19, 19, '2024-04-15 14:50:43', 1, 50000, 'card', 1, 0, 0),
	(20, 20, '2024-04-15 14:50:43', 1, 50000, 'card', 1, 0, 0),
	(21, 21, '2024-04-15 14:50:43', 1, 50000, 'card', 1, 0, 0),
	(22, 22, '2024-04-15 14:50:43', 1, 50000, 'card', 1, 0, 0),
	(23, 23, '2024-04-15 14:50:43', 1, 50000, 'card', 1, 0, 0),
	(24, 24, '2024-04-15 14:50:43', 1, 50000, 'card', 1, 0, 0),
	(25, 25, '2024-04-15 14:50:43', 1, 50000, 'card', 1, 0, 0),
	(26, 26, '2024-04-15 14:50:43', 1, 50000, 'card', 1, 0, 0),
	(27, 27, '2024-04-15 14:50:43', 1, 50000, 'card', 1, 0, 0),
	(28, 28, '2024-04-15 14:50:43', 1, 50000, 'card', 1, 0, 0),
	(29, 29, '2024-04-15 14:50:43', 1, 50000, 'card', 1, 0, 0),
	(30, 30, '2024-04-15 14:50:43', 1, 50000, 'card', 1, 0, 0),
	(31, 31, '2024-04-15 14:50:43', 1, 50000, 'card', 1, 0, 0),
	(32, 32, '2024-04-15 14:50:43', 1, 50000, 'card', 1, 0, 0),
	(33, 33, '2024-04-15 14:50:43', 1, 50000, 'card', 1, 0, 0),
	(34, 34, '2024-04-15 14:50:43', 1, 50000, 'card', 1, 0, 0),
	(35, 35, '2024-04-15 14:50:43', 1, 50000, 'card', 1, 0, 0),
	(36, 36, '2024-04-15 14:50:43', 1, 50000, 'card', 1, 0, 0),
	(37, 37, '2024-04-15 14:50:43', 1, 50000, 'card', 1, 0, 0),
	(38, 38, '2024-04-15 14:50:43', 1, 50000, 'card', 1, 0, 0),
	(39, 39, '2024-04-15 14:50:43', 1, 50000, 'card', 1, 0, 0),
	(40, 40, '2024-04-15 14:50:43', 1, 50000, 'card', 1, 0, 0),
	(41, 41, '2024-04-15 14:50:43', 1, 50000, 'card', 1, 0, 0),
	(42, 42, '2024-04-15 14:50:43', 1, 50000, 'card', 1, 0, 0),
	(43, 43, '2024-04-15 14:50:43', 1, 50000, 'card', 1, 0, 0),
	(44, 44, '2024-04-15 14:50:43', 1, 50000, 'card', 1, 0, 0),
	(45, 45, '2024-04-15 14:50:43', 1, 50000, 'card', 1, 0, 0),
	(46, 46, '2024-04-15 14:50:43', 1, 50000, 'card', 1, 0, 0),
	(47, 47, '2024-04-15 14:50:43', 1, 50000, 'card', 1, 0, 0),
	(48, 48, '2024-04-15 14:50:43', 1, 50000, 'card', 1, 0, 0),
	(49, 49, '2024-04-15 14:50:43', 1, 50000, 'card', 1, 0, 0),
	(50, 50, '2024-04-15 14:50:43', 1, 50000, 'card', 1, 0, 0),
	(51, 51, '2024-04-15 14:50:43', 1, 50000, 'card', 1, 0, 0),
	(52, 52, '2024-04-15 14:50:43', 1, 50000, 'card', 1, 0, 0),
	(53, 53, '2024-04-15 14:50:43', 1, 50000, 'card', 1, 0, 0),
	(54, 54, '2024-04-15 14:50:43', 1, 50000, 'card', 1, 0, 0),
	(55, 55, '2024-04-15 14:50:43', 1, 50000, 'card', 1, 0, 0),
	(56, 56, '2024-04-15 14:50:43', 1, 50000, 'card', 1, 0, 0),
	(57, 57, '2024-04-15 14:50:43', 1, 50000, 'card', 1, 0, 0),
	(58, 58, '2024-04-15 14:50:43', 1, 50000, 'card', 1, 0, 0),
	(59, 59, '2024-04-15 14:50:43', 1, 50000, 'card', 1, 0, 0),
	(60, 60, '2024-04-15 14:50:43', 1, 50000, 'card', 1, 0, 0),
	(61, 61, '2024-04-15 14:50:43', 1, 50000, 'card', 1, 0, 0),
	(62, 62, '2024-04-15 14:50:43', 1, 50000, 'card', 1, 0, 0),
	(63, 63, '2024-04-15 14:50:43', 1, 50000, 'card', 1, 0, 0),
	(64, 64, '2024-04-15 14:50:43', 1, 50000, 'card', 1, 0, 0),
	(65, 65, '2024-04-15 14:50:43', 1, 50000, 'card', 1, 0, 0),
	(66, 66, '2024-04-15 14:50:43', 1, 50000, 'card', 1, 0, 0),
	(67, 67, '2024-04-15 14:50:43', 1, 50000, 'card', 1, 0, 0),
	(68, 68, '2024-04-15 14:50:43', 1, 50000, 'card', 1, 0, 0),
	(69, 69, '2024-04-15 14:50:43', 1, 50000, 'card', 1, 0, 0),
	(70, 70, '2024-04-15 14:50:43', 1, 50000, 'card', 1, 0, 0),
	(71, 71, '2024-04-15 14:50:43', 1, 50000, 'card', 1, 0, 0),
	(72, 72, '2024-04-15 14:50:43', 1, 50000, 'card', 1, 0, 0),
	(73, 73, '2024-04-15 14:50:43', 1, 50000, 'card', 1, 0, 0),
	(74, 74, '2024-04-15 14:50:43', 1, 50000, 'card', 1, 0, 0),
	(75, 75, '2024-04-15 14:50:43', 1, 50000, 'card', 1, 0, 0),
	(76, 76, '2024-04-15 14:50:43', 1, 50000, 'card', 1, 0, 0),
	(77, 77, '2024-04-15 14:50:43', 1, 50000, 'card', 1, 0, 0),
	(78, 78, '2024-04-15 14:50:43', 1, 50000, 'card', 1, 0, 0),
	(79, 79, '2024-04-15 14:50:43', 1, 50000, 'card', 1, 0, 0),
	(80, 80, '2024-04-15 14:50:43', 1, 50000, 'card', 1, 0, 0),
	(81, 81, '2024-04-15 14:50:43', 1, 50000, 'card', 1, 0, 0),
	(82, 82, '2024-04-15 14:50:43', 1, 50000, 'card', 1, 0, 0),
	(83, 83, '2024-04-15 14:50:43', 1, 50000, 'card', 1, 0, 0),
	(84, 84, '2024-04-15 14:50:43', 1, 50000, 'card', 1, 0, 0),
	(85, 85, '2024-04-15 14:50:43', 1, 50000, 'card', 1, 0, 0),
	(86, 86, '2024-04-15 14:50:43', 1, 50000, 'card', 1, 0, 0),
	(87, 87, '2024-04-15 14:50:43', 1, 50000, 'card', 1, 0, 0),
	(88, 88, '2024-04-15 14:50:43', 1, 50000, 'card', 1, 0, 0),
	(89, 89, '2024-04-15 14:50:43', 1, 50000, 'card', 1, 0, 0),
	(90, 90, '2024-04-15 14:50:43', 1, 50000, 'card', 1, 0, 0),
	(91, 91, '2024-04-15 14:50:43', 1, 50000, 'card', 1, 0, 0),
	(92, 92, '2024-04-15 14:50:43', 1, 50000, 'card', 1, 0, 0),
	(93, 93, '2024-04-15 14:50:43', 1, 50000, 'card', 1, 0, 0),
	(94, 94, '2024-04-15 14:50:43', 1, 50000, 'card', 1, 0, 0),
	(95, 95, '2024-04-15 14:50:43', 1, 50000, 'card', 1, 0, 0),
	(96, 96, '2024-04-15 14:50:43', 1, 50000, 'card', 1, 0, 0),
	(97, 97, '2024-04-15 14:50:43', 1, 50000, 'card', 1, 0, 0),
	(98, 98, '2024-04-15 14:50:43', 1, 50000, 'card', 1, 0, 0),
	(99, 99, '2024-04-15 14:50:43', 1, 50000, 'card', 1, 0, 0),
	(100, 100, '2024-04-15 14:50:43', 1, 50000, 'card', 1, 0, 0),
	(101, 101, '2024-04-15 14:50:43', 1, 50000, 'card', 1, 0, 0),
	(102, 102, '2024-04-15 14:50:43', 1, 50000, 'card', 1, 0, 0),
	(103, 103, '2024-04-15 14:50:43', 1, 50000, 'card', 1, 0, 0),
	(104, 104, '2024-04-15 14:50:43', 1, 50000, 'card', 1, 0, 0),
	(105, 105, '2024-04-15 14:50:43', 1, 50000, 'card', 1, 0, 0),
	(106, 106, '2024-04-15 14:50:43', 1, 50000, 'card', 1, 0, 0),
	(107, 107, '2024-04-15 14:50:43', 1, 50000, 'card', 1, 0, 0),
	(108, 108, '2024-04-15 14:50:43', 1, 50000, 'card', 1, 0, 0),
	(109, 109, '2024-04-15 14:50:43', 1, 50000, 'card', 1, 0, 0),
	(110, 110, '2024-04-15 14:50:43', 1, 50000, 'card', 1, 0, 0),
	(111, 111, '2024-04-15 14:50:43', 1, 50000, 'card', 1, 0, 0),
	(112, 112, '2024-04-15 14:50:43', 1, 50000, 'card', 1, 0, 0),
	(113, 113, '2024-04-15 14:50:43', 1, 50000, 'card', 1, 0, 0),
	(114, 114, '2024-04-15 14:50:43', 1, 50000, 'card', 1, 0, 0),
	(115, 115, '2024-04-15 14:50:43', 1, 50000, 'card', 1, 0, 0),
	(116, 116, '2024-04-15 14:50:43', 1, 50000, 'card', 1, 0, 0),
	(117, 117, '2024-04-15 14:50:43', 1, 50000, 'card', 1, 0, 0),
	(118, 118, '2024-04-15 14:50:43', 1, 50000, 'card', 1, 0, 0),
	(119, 119, '2024-04-15 14:50:43', 1, 50000, 'card', 1, 0, 0),
	(120, 120, '2024-04-15 14:50:43', 1, 50000, 'card', 1, 0, 0),
	(121, 121, '2024-04-15 14:50:43', 1, 50000, 'card', 1, 0, 0),
	(122, 122, '2024-04-15 14:50:43', 1, 50000, 'card', 1, 0, 0),
	(123, 123, '2024-04-15 14:50:43', 1, 50000, 'card', 1, 0, 0),
	(124, 124, '2024-04-15 14:50:43', 1, 50000, 'card', 1, 0, 0),
	(125, 125, '2024-04-15 14:50:43', 1, 50000, 'card', 1, 0, 0),
	(126, 126, '2024-04-15 14:50:43', 1, 50000, 'card', 1, 0, 0),
	(127, 127, '2024-04-15 14:50:43', 1, 50000, 'card', 1, 0, 0),
	(128, 128, '2024-04-15 14:50:43', 1, 50000, 'card', 1, 0, 0),
	(129, 129, '2024-04-15 14:50:43', 1, 50000, 'card', 1, 0, 0),
	(130, 130, '2024-04-15 14:50:43', 1, 50000, 'card', 1, 0, 0),
	(131, 131, '2024-04-15 14:50:43', 1, 50000, 'card', 1, 0, 0),
	(132, 132, '2024-04-15 14:50:43', 1, 50000, 'card', 1, 0, 0),
	(133, 133, '2024-04-15 14:50:43', 1, 50000, 'card', 1, 0, 0),
	(134, 134, '2024-04-15 14:50:43', 1, 50000, 'card', 1, 0, 0),
	(135, 135, '2024-04-15 14:50:43', 1, 50000, 'card', 1, 0, 0),
	(136, 136, '2024-04-15 14:50:43', 1, 50000, 'card', 1, 0, 0),
	(137, 137, '2024-04-15 14:50:43', 1, 50000, 'card', 1, 0, 0),
	(138, 138, '2024-04-15 14:50:43', 1, 50000, 'card', 1, 0, 0),
	(139, 139, '2024-04-15 14:50:43', 1, 50000, 'card', 1, 0, 0),
	(140, 140, '2024-04-15 14:50:43', 1, 50000, 'card', 1, 0, 0),
	(141, 141, '2024-04-15 14:50:43', 1, 50000, 'card', 1, 0, 0),
	(142, 142, '2024-04-15 14:50:43', 1, 50000, 'card', 1, 0, 0),
	(143, 143, '2024-04-15 14:50:43', 1, 50000, 'card', 1, 0, 0),
	(144, 144, '2024-04-15 14:50:43', 1, 50000, 'card', 1, 0, 0),
	(145, 145, '2024-04-15 14:50:43', 1, 50000, 'card', 1, 0, 0),
	(146, 146, '2024-04-15 14:50:43', 1, 50000, 'card', 1, 0, 0),
	(147, 147, '2024-04-15 14:50:43', 1, 50000, 'card', 1, 0, 0),
	(148, 148, '2024-04-15 14:50:43', 1, 50000, 'card', 1, 0, 0),
	(149, 149, '2024-04-15 14:50:43', 1, 50000, 'card', 1, 0, 0),
	(150, 150, '2024-04-15 14:50:43', 1, 50000, 'card', 1, 0, 0),
	(151, 151, '2024-04-15 14:50:43', 1, 50000, 'card', 1, 0, 0),
	(152, 152, '2024-04-15 14:50:43', 1, 50000, 'card', 1, 0, 0),
	(153, 153, '2024-04-15 14:50:43', 1, 50000, 'card', 1, 0, 0),
	(154, 154, '2024-04-15 14:50:43', 1, 50000, 'card', 1, 0, 0),
	(155, 155, '2024-04-15 14:50:43', 1, 50000, 'card', 1, 0, 0),
	(156, 156, '2024-04-15 14:50:43', 1, 50000, 'card', 1, 0, 0),
	(157, 157, '2024-04-15 14:50:43', 1, 50000, 'card', 1, 0, 0),
	(158, 158, '2024-04-15 14:50:43', 1, 50000, 'card', 1, 0, 0),
	(159, 159, '2024-04-15 14:50:43', 1, 50000, 'card', 1, 0, 0),
	(160, 160, '2024-04-15 14:50:43', 1, 50000, 'card', 1, 0, 0),
	(161, 161, '2024-04-15 14:50:43', 1, 50000, 'card', 1, 0, 0),
	(162, 162, '2024-04-15 14:50:43', 1, 50000, 'card', 1, 0, 0),
	(163, 163, '2024-04-15 14:50:43', 1, 50000, 'card', 1, 0, 0),
	(164, 164, '2024-04-15 14:50:43', 1, 50000, 'card', 1, 0, 0),
	(165, 165, '2024-04-15 14:50:43', 1, 50000, 'card', 1, 0, 0),
	(166, 166, '2024-04-15 14:50:43', 1, 50000, 'card', 1, 0, 0),
	(167, 167, '2024-04-15 14:50:43', 1, 50000, 'card', 1, 0, 0),
	(168, 168, '2024-04-15 14:50:43', 1, 50000, 'card', 1, 0, 0),
	(169, 169, '2024-04-15 14:50:43', 1, 50000, 'card', 1, 0, 0),
	(170, 170, '2024-04-15 14:50:43', 1, 50000, 'card', 1, 0, 0),
	(171, 171, '2024-04-15 14:50:43', 1, 50000, 'card', 1, 0, 0),
	(172, 172, '2024-04-15 14:50:43', 1, 50000, 'card', 1, 0, 0),
	(173, 173, '2024-04-15 14:50:43', 1, 50000, 'card', 1, 0, 0),
	(174, 174, '2024-04-15 14:50:43', 1, 50000, 'card', 1, 0, 0),
	(175, 175, '2024-04-15 14:50:43', 1, 50000, 'card', 1, 0, 0),
	(176, 176, '2024-04-15 14:50:43', 1, 50000, 'card', 1, 0, 0),
	(177, 177, '2024-04-15 14:50:43', 1, 50000, 'card', 1, 0, 0),
	(178, 178, '2024-04-15 14:50:43', 1, 50000, 'card', 1, 0, 0),
	(179, 179, '2024-04-15 14:50:43', 1, 50000, 'card', 1, 0, 0),
	(180, 180, '2024-04-15 14:50:43', 1, 50000, 'card', 1, 0, 0),
	(181, 181, '2024-04-15 14:50:43', 1, 50000, 'card', 1, 0, 0),
	(182, 182, '2024-04-15 14:50:43', 1, 50000, 'card', 1, 0, 0),
	(183, 183, '2024-04-15 14:50:43', 1, 50000, 'card', 1, 0, 0),
	(184, 184, '2024-04-15 14:50:43', 1, 50000, 'card', 1, 0, 0),
	(185, 185, '2024-04-15 14:50:43', 1, 50000, 'card', 1, 0, 0),
	(186, 186, '2024-04-15 14:50:43', 1, 50000, 'card', 1, 0, 0),
	(187, 187, '2024-04-15 14:50:43', 1, 50000, 'card', 1, 0, 0),
	(188, 188, '2024-04-15 14:50:43', 1, 50000, 'card', 1, 0, 0),
	(189, 189, '2024-04-15 14:50:43', 1, 50000, 'card', 1, 0, 0),
	(190, 190, '2024-04-15 14:50:43', 1, 50000, 'card', 1, 0, 0),
	(191, 191, '2024-04-15 14:50:43', 1, 50000, 'card', 1, 0, 0),
	(192, 192, '2024-04-15 14:50:43', 1, 50000, 'card', 1, 0, 0),
	(193, 193, '2024-04-15 14:50:43', 1, 50000, 'card', 1, 0, 0),
	(194, 194, '2024-04-15 14:50:43', 1, 50000, 'card', 1, 0, 0),
	(195, 195, '2024-04-15 14:50:43', 1, 50000, 'card', 1, 0, 0),
	(196, 196, '2024-04-15 14:50:43', 1, 50000, 'card', 1, 0, 0),
	(197, 197, '2024-04-15 14:50:43', 1, 50000, 'card', 1, 0, 0),
	(198, 198, '2024-04-15 14:50:43', 1, 50000, 'card', 1, 0, 0),
	(199, 199, '2024-04-15 14:50:43', 1, 50000, 'card', 1, 0, 0),
	(200, 200, '2024-04-15 14:50:43', 1, 50000, 'card', 1, 0, 0),
	(201, 201, '2024-04-15 14:50:43', 1, 50000, 'card', 1, 0, 0),
	(202, 202, '2024-04-15 14:50:43', 1, 50000, 'card', 1, 0, 0),
	(203, 203, '2024-04-15 14:50:43', 1, 50000, 'card', 1, 0, 0),
	(204, 204, '2024-04-15 14:50:43', 1, 50000, 'card', 1, 0, 0),
	(205, 205, '2024-04-15 14:50:43', 1, 50000, 'card', 1, 0, 0),
	(206, 206, '2024-04-15 14:50:43', 1, 50000, 'card', 1, 0, 0),
	(207, 207, '2024-04-15 14:50:43', 1, 50000, 'card', 1, 0, 0),
	(208, 208, '2024-04-15 14:50:43', 1, 50000, 'card', 1, 0, 0),
	(209, 209, '2024-04-15 14:50:43', 1, 50000, 'card', 1, 0, 0),
	(210, 210, '2024-04-15 14:50:43', 1, 50000, 'card', 1, 0, 0),
	(211, 211, '2024-04-15 14:50:43', 1, 50000, 'card', 1, 0, 0),
	(212, 212, '2024-04-15 14:50:43', 1, 50000, 'card', 1, 0, 0),
	(213, 213, '2024-04-15 14:50:43', 1, 50000, 'card', 1, 0, 0),
	(214, 214, '2024-04-15 14:50:43', 1, 50000, 'card', 1, 0, 0),
	(215, 215, '2024-04-15 14:50:43', 1, 50000, 'card', 1, 0, 0),
	(216, 216, '2024-04-15 14:50:43', 1, 50000, 'card', 1, 0, 0),
	(217, 217, '2024-04-15 14:50:43', 1, 50000, 'card', 1, 0, 0),
	(218, 218, '2024-04-15 14:50:43', 1, 50000, 'card', 1, 0, 0),
	(219, 219, '2024-04-15 14:50:43', 1, 50000, 'card', 1, 0, 0),
	(220, 220, '2024-04-15 14:50:43', 1, 50000, 'card', 1, 0, 0),
	(221, 221, '2024-04-15 14:50:43', 1, 50000, 'card', 1, 0, 0),
	(222, 222, '2024-04-15 14:50:43', 1, 50000, 'card', 1, 0, 0),
	(223, 223, '2024-04-15 14:50:43', 1, 50000, 'card', 1, 0, 0),
	(224, 224, '2024-04-15 14:50:43', 1, 50000, 'card', 1, 0, 0),
	(225, 225, '2024-04-15 14:50:43', 1, 50000, 'card', 1, 0, 0),
	(226, 226, '2024-04-15 14:50:43', 1, 50000, 'card', 1, 0, 0),
	(227, 227, '2024-04-15 14:50:43', 1, 50000, 'card', 1, 0, 0),
	(228, 228, '2024-04-15 14:50:43', 1, 50000, 'card', 1, 0, 0),
	(229, 229, '2024-04-15 14:50:43', 1, 50000, 'card', 1, 0, 0),
	(230, 230, '2024-04-15 14:50:43', 1, 50000, 'card', 1, 0, 0),
	(231, 231, '2024-04-15 14:50:43', 1, 50000, 'card', 1, 0, 0),
	(232, 232, '2024-04-15 14:50:43', 1, 50000, 'card', 1, 0, 0),
	(233, 233, '2024-04-15 14:50:43', 1, 50000, 'card', 1, 0, 0),
	(234, 234, '2024-04-15 14:50:43', 1, 50000, 'card', 1, 0, 0),
	(235, 235, '2024-04-15 14:50:43', 1, 50000, 'card', 1, 0, 0),
	(236, 236, '2024-04-15 14:50:43', 1, 50000, 'card', 1, 0, 0),
	(237, 237, '2024-04-15 14:50:43', 1, 50000, 'card', 1, 0, 0),
	(238, 238, '2024-04-15 14:50:43', 1, 50000, 'card', 1, 0, 0),
	(239, 239, '2024-04-15 14:50:43', 1, 50000, 'card', 1, 0, 0),
	(240, 240, '2024-04-15 14:50:43', 1, 50000, 'card', 1, 0, 0),
	(241, 241, '2024-04-15 14:50:43', 1, 50000, 'card', 1, 0, 0),
	(242, 242, '2024-04-15 14:50:43', 1, 50000, 'card', 1, 0, 0),
	(243, 243, '2024-04-15 14:50:43', 1, 50000, 'card', 1, 0, 0),
	(244, 244, '2024-04-15 14:50:43', 1, 50000, 'card', 1, 0, 0),
	(245, 245, '2024-04-15 14:50:43', 1, 50000, 'card', 1, 0, 0),
	(246, 246, '2024-04-15 14:50:43', 1, 50000, 'card', 1, 0, 0),
	(247, 247, '2024-04-15 14:50:43', 1, 50000, 'card', 1, 0, 0),
	(248, 248, '2024-04-15 14:50:43', 1, 50000, 'card', 1, 0, 0),
	(249, 249, '2024-04-15 14:50:43', 1, 50000, 'card', 1, 0, 0),
	(250, 250, '2024-04-15 14:50:43', 1, 50000, 'card', 1, 0, 0),
	(251, 251, '2024-04-15 14:50:43', 1, 50000, 'card', 1, 0, 0),
	(252, 252, '2024-04-15 14:50:43', 1, 50000, 'card', 1, 0, 0),
	(253, 253, '2024-04-15 14:50:43', 1, 50000, 'card', 1, 0, 0),
	(254, 254, '2024-04-15 14:50:43', 1, 50000, 'card', 1, 0, 0),
	(255, 255, '2024-04-15 14:50:43', 1, 50000, 'card', 1, 0, 0),
	(256, 256, '2024-04-15 14:50:43', 1, 50000, 'card', 1, 0, 0),
	(257, 257, '2024-04-15 14:50:43', 1, 50000, 'card', 1, 0, 0),
	(258, 258, '2024-04-15 14:50:43', 1, 50000, 'card', 1, 0, 0),
	(259, 259, '2024-04-15 14:50:43', 1, 50000, 'card', 1, 0, 0),
	(260, 260, '2024-04-15 14:50:43', 1, 50000, 'card', 1, 0, 0),
	(261, 261, '2024-04-15 14:50:43', 1, 50000, 'card', 1, 0, 0),
	(262, 262, '2024-04-15 14:50:43', 1, 50000, 'card', 1, 0, 0),
	(263, 263, '2024-04-15 14:50:43', 1, 50000, 'card', 1, 0, 0),
	(264, 264, '2024-04-15 14:50:43', 1, 50000, 'card', 1, 0, 0),
	(265, 265, '2024-04-15 14:50:43', 1, 50000, 'card', 1, 0, 0),
	(266, 266, '2024-04-15 14:50:43', 1, 50000, 'card', 1, 0, 0),
	(267, 267, '2024-04-15 14:50:43', 1, 50000, 'card', 1, 0, 0),
	(268, 268, '2024-04-15 14:50:43', 1, 50000, 'card', 1, 0, 0),
	(269, 269, '2024-04-15 14:50:43', 1, 50000, 'card', 1, 0, 0),
	(270, 270, '2024-04-15 14:50:43', 1, 50000, 'card', 1, 0, 0),
	(271, 271, '2024-04-15 14:50:43', 1, 50000, 'card', 1, 0, 0),
	(272, 272, '2024-04-15 14:50:43', 1, 50000, 'card', 1, 0, 0),
	(273, 273, '2024-04-15 14:50:43', 1, 50000, 'card', 1, 0, 0),
	(274, 274, '2024-04-15 14:50:43', 1, 50000, 'card', 1, 0, 0),
	(275, 275, '2024-04-15 14:50:43', 1, 50000, 'card', 1, 0, 0),
	(276, 276, '2024-04-15 14:50:43', 1, 50000, 'card', 1, 0, 0),
	(277, 277, '2024-04-15 14:50:43', 1, 50000, 'card', 1, 0, 0),
	(278, 278, '2024-04-15 14:50:43', 1, 50000, 'card', 1, 0, 0),
	(279, 279, '2024-04-15 14:50:43', 1, 50000, 'card', 1, 0, 0),
	(280, 280, '2024-04-15 14:50:43', 1, 50000, 'card', 1, 0, 0),
	(281, 281, '2024-04-15 14:50:43', 1, 50000, 'card', 1, 0, 0),
	(282, 282, '2024-04-15 14:50:43', 1, 50000, 'card', 1, 0, 0),
	(283, 283, '2024-04-15 14:50:43', 1, 50000, 'card', 1, 0, 0),
	(284, 284, '2024-04-15 14:50:43', 1, 50000, 'card', 1, 0, 0),
	(285, 285, '2024-04-15 14:50:43', 1, 50000, 'card', 1, 0, 0),
	(286, 286, '2024-04-15 14:50:43', 1, 50000, 'card', 1, 0, 0),
	(287, 287, '2024-04-15 14:50:43', 1, 50000, 'card', 1, 0, 0),
	(288, 288, '2024-04-15 14:50:43', 1, 50000, 'card', 1, 0, 0),
	(289, 289, '2024-04-15 14:50:43', 1, 50000, 'card', 1, 0, 0),
	(290, 290, '2024-04-15 14:50:43', 1, 50000, 'card', 1, 0, 0),
	(291, 291, '2024-04-15 14:50:43', 1, 50000, 'card', 1, 0, 0),
	(292, 292, '2024-04-15 14:50:43', 1, 50000, 'card', 1, 0, 0),
	(293, 293, '2024-04-15 14:50:43', 1, 50000, 'card', 1, 0, 0),
	(294, 294, '2024-04-15 14:50:43', 1, 50000, 'card', 1, 0, 0),
	(295, 295, '2024-04-15 14:50:43', 1, 50000, 'card', 1, 0, 0),
	(296, 296, '2024-04-15 14:50:43', 1, 50000, 'card', 1, 0, 0),
	(297, 297, '2024-04-15 14:50:43', 1, 50000, 'card', 1, 0, 0),
	(298, 298, '2024-04-15 14:50:43', 1, 50000, 'card', 1, 0, 0),
	(299, 299, '2024-04-15 14:50:43', 1, 50000, 'card', 1, 0, 0),
	(300, 300, '2024-04-15 14:50:43', 1, 50000, 'card', 1, 0, 0),
	(301, 301, '2024-04-15 14:50:43', 1, 50000, 'card', 1, 0, 0),
	(302, 302, '2024-04-15 14:50:43', 1, 50000, 'card', 1, 0, 0),
	(303, 303, '2024-04-15 14:50:43', 1, 50000, 'card', 1, 0, 0),
	(304, 304, '2024-04-15 14:50:43', 1, 50000, 'card', 1, 0, 0),
	(305, 305, '2024-04-15 14:50:43', 1, 50000, 'card', 1, 0, 0),
	(306, 306, '2024-04-15 14:50:43', 1, 50000, 'card', 1, 0, 0),
	(307, 307, '2024-04-15 14:50:43', 1, 50000, 'card', 1, 0, 0),
	(308, 308, '2024-04-15 14:50:43', 1, 50000, 'card', 1, 0, 0),
	(309, 309, '2024-04-15 14:50:43', 1, 50000, 'card', 1, 0, 0),
	(310, 310, '2024-04-15 14:50:43', 1, 50000, 'card', 1, 0, 0),
	(311, 311, '2024-04-15 14:50:43', 1, 50000, 'card', 1, 0, 0),
	(312, 312, '2024-04-15 14:50:43', 1, 50000, 'card', 1, 0, 0),
	(313, 313, '2024-04-15 14:50:43', 1, 50000, 'card', 1, 0, 0),
	(314, 314, '2024-04-15 14:50:43', 1, 50000, 'card', 1, 0, 0),
	(315, 315, '2024-04-15 14:50:43', 1, 50000, 'card', 1, 0, 0),
	(316, 316, '2024-04-15 14:50:43', 1, 50000, 'card', 1, 0, 0),
	(317, 317, '2024-04-15 14:50:43', 1, 50000, 'card', 1, 0, 0),
	(318, 318, '2024-04-15 14:50:43', 1, 50000, 'card', 1, 0, 0),
	(319, 319, '2024-04-15 14:50:43', 1, 50000, 'card', 1, 0, 0),
	(320, 320, '2024-04-15 14:50:43', 1, 50000, 'card', 1, 0, 0),
	(321, 321, '2024-04-15 14:50:43', 1, 50000, 'card', 1, 0, 0),
	(322, 322, '2024-04-15 14:50:43', 1, 50000, 'card', 1, 0, 0),
	(323, 323, '2024-04-15 14:50:43', 1, 50000, 'card', 1, 0, 0),
	(324, 324, '2024-04-15 14:50:43', 1, 50000, 'card', 1, 0, 0),
	(325, 325, '2024-04-15 14:50:43', 1, 50000, 'card', 1, 0, 0),
	(326, 326, '2024-04-15 14:50:43', 1, 50000, 'card', 1, 0, 0),
	(327, 327, '2024-04-15 14:50:43', 1, 50000, 'card', 1, 0, 0),
	(328, 328, '2024-04-15 14:50:43', 1, 50000, 'card', 1, 0, 0),
	(329, 329, '2024-04-15 14:50:43', 1, 50000, 'card', 1, 0, 0),
	(330, 330, '2024-04-15 14:50:43', 1, 50000, 'card', 1, 0, 0),
	(331, 331, '2024-04-15 14:50:43', 1, 50000, 'card', 1, 0, 0),
	(332, 332, '2024-04-15 14:50:43', 1, 50000, 'card', 1, 0, 0),
	(333, 333, '2024-04-15 14:50:43', 1, 50000, 'card', 1, 0, 0),
	(334, 334, '2024-04-15 14:50:43', 1, 50000, 'card', 1, 0, 0),
	(335, 335, '2024-04-15 14:50:43', 1, 50000, 'card', 1, 0, 0),
	(336, 336, '2024-04-15 14:50:43', 1, 50000, 'card', 1, 0, 0),
	(337, 337, '2024-04-15 14:50:43', 1, 50000, 'card', 1, 0, 0),
	(338, 338, '2024-04-15 14:50:43', 1, 50000, 'card', 1, 0, 0),
	(339, 339, '2024-04-15 14:50:43', 1, 50000, 'card', 1, 0, 0),
	(340, 340, '2024-04-15 14:50:43', 1, 50000, 'card', 1, 0, 0),
	(341, 341, '2024-04-15 14:50:43', 1, 50000, 'card', 1, 0, 0),
	(342, 342, '2024-04-15 14:50:43', 1, 50000, 'card', 1, 0, 0),
	(343, 343, '2024-04-15 14:50:43', 1, 50000, 'card', 1, 0, 0),
	(344, 344, '2024-04-15 14:50:43', 1, 50000, 'card', 1, 0, 0),
	(345, 345, '2024-04-15 14:50:43', 1, 50000, 'card', 1, 0, 0),
	(346, 346, '2024-04-15 14:50:43', 1, 50000, 'card', 1, 0, 0),
	(347, 347, '2024-04-15 14:50:43', 1, 50000, 'card', 1, 0, 0),
	(348, 348, '2024-04-15 14:50:43', 1, 50000, 'card', 1, 0, 0),
	(349, 349, '2024-04-15 14:50:43', 1, 50000, 'card', 1, 0, 0),
	(350, 350, '2024-04-15 14:50:43', 1, 50000, 'card', 1, 0, 0),
	(351, 351, '2024-04-15 14:50:43', 1, 50000, 'card', 1, 0, 0),
	(352, 352, '2024-04-15 14:50:43', 1, 50000, 'card', 1, 0, 0),
	(353, 353, '2024-04-15 14:50:43', 1, 50000, 'card', 1, 0, 0),
	(354, 354, '2024-04-15 14:50:43', 1, 50000, 'card', 1, 0, 0),
	(355, 355, '2024-04-15 14:50:43', 1, 50000, 'card', 1, 0, 0),
	(356, 356, '2024-04-15 14:50:43', 1, 50000, 'card', 1, 0, 0),
	(357, 357, '2024-04-15 14:50:43', 1, 50000, 'card', 1, 0, 0),
	(358, 358, '2024-04-15 14:50:43', 1, 50000, 'card', 1, 0, 0),
	(359, 359, '2024-04-15 14:50:43', 1, 50000, 'card', 1, 0, 0),
	(360, 360, '2024-04-15 14:50:43', 1, 50000, 'card', 1, 0, 0),
	(361, 361, '2024-04-15 14:50:43', 1, 50000, 'card', 1, 0, 0),
	(362, 362, '2024-04-15 14:50:43', 1, 50000, 'card', 1, 0, 0),
	(363, 363, '2024-04-15 14:50:43', 1, 50000, 'card', 1, 0, 0),
	(364, 364, '2024-04-15 14:50:43', 1, 50000, 'card', 1, 0, 0),
	(365, 365, '2024-04-15 14:50:43', 1, 50000, 'card', 1, 0, 0),
	(366, 366, '2024-04-15 14:50:43', 1, 50000, 'card', 1, 0, 0),
	(367, 367, '2024-04-15 14:50:43', 1, 50000, 'card', 1, 0, 0),
	(368, 368, '2024-04-15 14:50:43', 1, 50000, 'card', 1, 0, 0),
	(369, 369, '2024-04-15 14:50:43', 1, 50000, 'card', 1, 0, 0),
	(370, 370, '2024-04-15 14:50:43', 1, 50000, 'card', 1, 0, 0),
	(371, 371, '2024-04-15 14:50:43', 1, 50000, 'card', 1, 0, 0),
	(372, 372, '2024-04-15 14:50:43', 1, 50000, 'card', 1, 0, 0),
	(373, 373, '2024-04-15 14:50:43', 1, 50000, 'card', 1, 0, 0),
	(374, 374, '2024-04-15 14:50:43', 1, 50000, 'card', 1, 0, 0),
	(375, 375, '2024-04-15 14:50:43', 1, 50000, 'card', 1, 0, 0),
	(376, 376, '2024-04-15 14:50:43', 1, 50000, 'card', 1, 0, 0),
	(377, 377, '2024-04-15 14:50:43', 1, 50000, 'card', 1, 0, 0),
	(378, 378, '2024-04-15 14:50:43', 1, 50000, 'card', 1, 0, 0),
	(379, 379, '2024-04-15 14:50:43', 1, 50000, 'card', 1, 0, 0),
	(380, 380, '2024-04-15 14:50:43', 1, 50000, 'card', 1, 0, 0),
	(381, 381, '2024-04-15 14:50:43', 1, 50000, 'card', 1, 0, 0),
	(382, 382, '2024-04-15 14:50:43', 1, 50000, 'card', 1, 0, 0),
	(383, 383, '2024-04-15 14:50:43', 1, 50000, 'card', 1, 0, 0),
	(384, 384, '2024-04-15 14:50:43', 1, 50000, 'card', 1, 0, 0),
	(385, 385, '2024-04-15 14:50:43', 1, 50000, 'card', 1, 0, 0),
	(386, 386, '2024-04-15 14:50:43', 1, 50000, 'card', 1, 0, 0),
	(387, 387, '2024-04-15 14:50:43', 1, 50000, 'card', 1, 0, 0),
	(388, 388, '2024-04-15 14:50:43', 1, 50000, 'card', 1, 0, 0),
	(389, 389, '2024-04-15 14:50:43', 1, 50000, 'card', 1, 0, 0),
	(390, 390, '2024-04-15 14:50:43', 1, 50000, 'card', 1, 0, 0),
	(391, 391, '2024-04-15 14:50:43', 1, 50000, 'card', 1, 0, 0),
	(392, 392, '2024-04-15 14:50:43', 1, 50000, 'card', 1, 0, 0),
	(393, 393, '2024-04-15 14:50:43', 1, 50000, 'card', 1, 0, 0),
	(394, 394, '2024-04-15 14:50:43', 1, 50000, 'card', 1, 0, 0),
	(395, 395, '2024-04-15 14:50:43', 1, 50000, 'card', 1, 0, 0),
	(396, 396, '2024-04-15 14:50:43', 1, 50000, 'card', 1, 0, 0),
	(397, 397, '2024-04-15 14:50:43', 1, 50000, 'card', 1, 0, 0),
	(398, 398, '2024-04-15 14:50:43', 1, 50000, 'card', 1, 0, 0),
	(399, 399, '2024-04-15 14:50:43', 1, 50000, 'card', 1, 0, 0),
	(400, 400, '2024-04-15 14:50:43', 1, 50000, 'card', 1, 0, 0),
	(401, 401, '2024-04-15 14:50:43', 1, 50000, 'card', 1, 0, 0),
	(402, 402, '2024-04-15 14:50:43', 1, 50000, 'card', 1, 0, 0),
	(403, 403, '2024-04-15 14:50:43', 1, 50000, 'card', 1, 0, 0),
	(404, 404, '2024-04-15 14:50:43', 1, 50000, 'card', 1, 0, 0),
	(405, 405, '2024-04-15 14:50:43', 1, 50000, 'card', 1, 0, 0),
	(406, 406, '2024-04-15 14:50:43', 1, 50000, 'card', 1, 0, 0),
	(407, 407, '2024-04-15 14:50:43', 1, 50000, 'card', 1, 0, 0),
	(408, 408, '2024-04-15 14:50:43', 1, 50000, 'card', 1, 0, 0),
	(409, 409, '2024-04-15 14:50:43', 1, 50000, 'card', 1, 0, 0),
	(410, 410, '2024-04-15 14:50:43', 1, 50000, 'card', 1, 0, 0),
	(411, 411, '2024-04-15 14:50:43', 1, 50000, 'card', 1, 0, 0),
	(412, 412, '2024-04-15 14:50:43', 1, 50000, 'card', 1, 0, 0),
	(413, 413, '2024-04-15 14:50:43', 1, 50000, 'card', 1, 0, 0),
	(414, 414, '2024-04-15 14:50:43', 1, 50000, 'card', 1, 0, 0),
	(415, 415, '2024-04-15 14:50:43', 1, 50000, 'card', 1, 0, 0),
	(416, 416, '2024-04-15 14:50:43', 1, 50000, 'card', 1, 0, 0),
	(417, 417, '2024-04-15 14:50:43', 1, 50000, 'card', 1, 0, 0),
	(418, 418, '2024-04-15 14:50:43', 1, 50000, 'card', 1, 0, 0),
	(419, 419, '2024-04-15 14:50:43', 1, 50000, 'card', 1, 0, 0),
	(420, 420, '2024-04-15 14:50:43', 1, 50000, 'card', 1, 0, 0),
	(421, 421, '2024-04-15 14:50:43', 1, 50000, 'card', 1, 0, 0),
	(422, 422, '2024-04-15 14:50:43', 1, 50000, 'card', 1, 0, 0),
	(423, 423, '2024-04-15 14:50:43', 1, 50000, 'card', 1, 0, 0),
	(424, 424, '2024-04-15 14:50:43', 1, 50000, 'card', 1, 0, 0),
	(425, 425, '2024-04-15 14:50:43', 1, 50000, 'card', 1, 0, 0),
	(426, 426, '2024-04-15 14:50:43', 1, 50000, 'card', 1, 0, 0),
	(427, 427, '2024-04-15 14:50:43', 1, 50000, 'card', 1, 0, 0),
	(428, 428, '2024-04-15 14:50:43', 1, 50000, 'card', 1, 0, 0),
	(429, 429, '2024-04-15 14:50:43', 1, 50000, 'card', 1, 0, 0),
	(430, 430, '2024-04-15 14:50:43', 1, 50000, 'card', 1, 0, 0),
	(431, 431, '2024-04-15 14:50:43', 1, 50000, 'card', 1, 0, 0),
	(432, 432, '2024-04-15 14:50:43', 1, 50000, 'card', 1, 0, 0),
	(433, 433, '2024-04-15 14:50:43', 1, 50000, 'card', 1, 0, 0),
	(434, 434, '2024-04-15 14:50:43', 1, 50000, 'card', 1, 0, 0),
	(435, 435, '2024-04-15 14:50:43', 1, 50000, 'card', 1, 0, 0),
	(436, 436, '2024-04-15 14:50:43', 1, 50000, 'card', 1, 0, 0),
	(437, 437, '2024-04-15 14:50:43', 1, 50000, 'card', 1, 0, 0),
	(438, 438, '2024-04-15 14:50:43', 1, 50000, 'card', 1, 0, 0),
	(439, 439, '2024-04-15 14:50:43', 1, 50000, 'card', 1, 0, 0),
	(440, 440, '2024-04-15 14:50:43', 1, 50000, 'card', 1, 0, 0),
	(441, 441, '2024-04-15 14:50:43', 1, 50000, 'card', 1, 0, 0),
	(442, 442, '2024-04-15 14:50:43', 1, 50000, 'card', 1, 0, 0),
	(443, 443, '2024-04-15 14:50:43', 1, 50000, 'card', 1, 0, 0),
	(444, 444, '2024-04-15 14:50:43', 1, 50000, 'card', 1, 0, 0),
	(445, 445, '2024-04-15 14:50:43', 1, 50000, 'card', 1, 0, 0),
	(446, 446, '2024-04-15 14:50:43', 1, 50000, 'card', 1, 0, 0),
	(447, 447, '2024-04-15 14:50:43', 1, 50000, 'card', 1, 0, 0),
	(448, 448, '2024-04-15 14:50:43', 1, 50000, 'card', 1, 0, 0),
	(449, 449, '2024-04-15 14:50:43', 1, 50000, 'card', 1, 0, 0),
	(450, 450, '2024-04-15 14:50:43', 1, 50000, 'card', 1, 0, 0),
	(451, 451, '2024-04-15 14:50:43', 1, 50000, 'card', 1, 0, 0),
	(452, 452, '2024-04-15 14:50:43', 1, 50000, 'card', 1, 0, 0),
	(453, 453, '2024-04-15 14:50:43', 1, 50000, 'card', 1, 0, 0),
	(454, 454, '2024-04-15 14:50:43', 1, 50000, 'card', 1, 0, 0),
	(455, 455, '2024-04-15 14:50:43', 1, 50000, 'card', 1, 0, 0),
	(456, 456, '2024-04-15 14:50:43', 1, 50000, 'card', 1, 0, 0),
	(457, 457, '2024-04-15 14:50:43', 1, 50000, 'card', 1, 0, 0),
	(458, 458, '2024-04-15 14:50:43', 1, 50000, 'card', 1, 0, 0),
	(459, 459, '2024-04-15 14:50:43', 1, 50000, 'card', 1, 0, 0),
	(460, 460, '2024-04-15 14:50:43', 1, 50000, 'card', 1, 0, 0),
	(461, 461, '2024-04-15 14:50:43', 1, 50000, 'card', 1, 0, 0),
	(462, 462, '2024-04-15 14:50:43', 1, 50000, 'card', 1, 0, 0),
	(463, 463, '2024-04-15 14:50:43', 1, 50000, 'card', 1, 0, 0),
	(464, 464, '2024-04-15 14:50:43', 1, 50000, 'card', 1, 0, 0),
	(465, 465, '2024-04-15 14:50:43', 1, 50000, 'card', 1, 0, 0),
	(466, 466, '2024-04-15 14:50:43', 1, 50000, 'card', 1, 0, 0),
	(467, 467, '2024-04-15 14:50:43', 1, 50000, 'card', 1, 0, 0),
	(468, 468, '2024-04-15 14:50:43', 1, 50000, 'card', 1, 0, 0),
	(469, 469, '2024-04-15 14:50:43', 1, 50000, 'card', 1, 0, 0),
	(470, 470, '2024-04-15 14:50:43', 1, 50000, 'card', 1, 0, 0),
	(471, 471, '2024-04-15 14:50:43', 1, 50000, 'card', 1, 0, 0),
	(472, 472, '2024-04-15 14:50:43', 1, 50000, 'card', 1, 0, 0),
	(473, 473, '2024-04-15 14:50:43', 1, 50000, 'card', 1, 0, 0),
	(474, 474, '2024-04-15 14:50:43', 1, 50000, 'card', 1, 0, 0),
	(475, 475, '2024-04-15 14:50:43', 1, 50000, 'card', 1, 0, 0),
	(476, 476, '2024-04-15 14:50:43', 1, 50000, 'card', 1, 0, 0),
	(477, 477, '2024-04-15 14:50:43', 1, 50000, 'card', 1, 0, 0),
	(478, 478, '2024-04-15 14:50:43', 1, 50000, 'card', 1, 0, 0),
	(479, 479, '2024-04-15 14:50:43', 1, 50000, 'card', 1, 0, 0),
	(480, 480, '2024-04-15 14:50:43', 1, 50000, 'card', 1, 0, 0),
	(481, 481, '2024-04-15 14:50:43', 1, 50000, 'card', 1, 0, 0),
	(482, 482, '2024-04-15 14:50:43', 1, 50000, 'card', 1, 0, 0),
	(483, 483, '2024-04-15 14:50:43', 1, 50000, 'card', 1, 0, 0),
	(484, 484, '2024-04-15 14:50:43', 1, 50000, 'card', 1, 0, 0),
	(485, 485, '2024-04-15 14:50:43', 1, 50000, 'card', 1, 0, 0),
	(486, 486, '2024-04-15 14:50:43', 1, 50000, 'card', 1, 0, 0),
	(487, 487, '2024-04-15 14:50:43', 1, 50000, 'card', 1, 0, 0),
	(488, 488, '2024-04-15 14:50:43', 1, 50000, 'card', 1, 0, 0),
	(489, 489, '2024-04-15 14:50:43', 1, 50000, 'card', 1, 0, 0),
	(490, 490, '2024-04-15 14:50:43', 1, 50000, 'card', 1, 0, 0),
	(491, 491, '2024-04-15 14:50:43', 1, 50000, 'card', 1, 0, 0),
	(492, 492, '2024-04-15 14:50:43', 1, 50000, 'card', 1, 0, 0),
	(493, 493, '2024-04-15 14:50:43', 1, 50000, 'card', 1, 0, 0),
	(494, 494, '2024-04-15 14:50:43', 1, 50000, 'card', 1, 0, 0),
	(495, 495, '2024-04-15 14:50:43', 1, 50000, 'card', 1, 0, 0),
	(496, 496, '2024-04-15 14:50:43', 1, 50000, 'card', 1, 0, 0),
	(497, 497, '2024-04-15 14:50:43', 1, 50000, 'card', 1, 0, 0),
	(498, 498, '2024-04-15 14:50:43', 1, 50000, 'card', 1, 0, 0),
	(499, 499, '2024-04-15 14:50:43', 1, 50000, 'card', 1, 0, 0),
	(500, 500, '2024-04-15 14:50:43', 1, 50000, 'card', 1, 0, 0),
	(501, 502, '2024-04-15 14:50:43', 1, 50000, '외상', 0, 0, 0),
	(502, 503, '2024-04-15 14:50:43', 1, 50000, '외상', 0, 0, 0),
	(503, 504, '2024-04-15 14:50:43', 1, 50000, '외상', 0, 0, 0),
	(504, 505, '2024-04-15 14:50:43', 1, 50000, '외상', 0, 0, 0),
	(505, 506, '2024-04-15 14:50:43', 1, 50000, '외상', 0, 0, 0),
	(506, 507, '2024-04-15 14:50:43', 1, 50000, '외상', 0, 0, 0),
	(507, 508, '2024-04-15 14:50:43', 1, 50000, '외상', 0, 0, 0),
	(508, 509, '2024-04-15 14:50:43', 1, 50000, '외상', 0, 0, 0),
	(509, 510, '2024-04-15 14:50:43', 1, 50000, '외상', 0, 0, 0),
	(510, 511, '2024-04-15 14:50:43', 1, 50000, '외상', 0, 0, 0),
	(511, 512, '2024-04-15 14:50:43', 1, 50000, '외상', 0, 0, 0),
	(512, 513, '2024-04-15 14:50:43', 1, 50000, '외상', 0, 0, 0),
	(513, 514, '2024-04-15 14:50:43', 1, 50000, '외상', 0, 0, 0),
	(514, 515, '2024-04-15 14:50:43', 1, 50000, '외상', 0, 0, 0),
	(515, 516, '2024-04-15 14:50:43', 1, 50000, '외상', 0, 0, 0),
	(516, 517, '2024-04-15 14:50:43', 1, 50000, '외상', 0, 0, 0),
	(517, 518, '2024-04-15 14:50:43', 1, 50000, '외상', 0, 0, 0),
	(518, 519, '2024-04-15 14:50:43', 1, 50000, '외상', 0, 0, 0),
	(519, 520, '2024-04-15 14:50:43', 1, 50000, '외상', 0, 0, 0),
	(520, 521, '2024-04-15 14:50:43', 1, 50000, '외상', 0, 0, 0),
	(521, 522, '2024-04-15 14:50:43', 1, 50000, '외상', 0, 0, 0),
	(522, 523, '2024-04-15 14:50:43', 1, 50000, '외상', 0, 0, 0),
	(523, 524, '2024-04-15 14:50:43', 1, 50000, '외상', 0, 0, 0),
	(524, 525, '2024-04-15 14:50:43', 1, 50000, '외상', 0, 0, 0),
	(525, 526, '2024-04-15 14:50:43', 1, 50000, '외상', 0, 0, 0),
	(526, 527, '2024-04-15 14:50:43', 1, 50000, '외상', 0, 0, 0),
	(527, 528, '2024-04-15 14:50:43', 1, 50000, '외상', 0, 0, 0),
	(528, 529, '2024-04-15 14:50:43', 1, 50000, '외상', 0, 0, 0),
	(529, 530, '2024-04-15 14:50:43', 1, 50000, '외상', 0, 0, 0),
	(530, 531, '2024-04-15 14:50:43', 1, 50000, '외상', 0, 0, 0);

-- 테이블 projectdb.qnasa 구조 내보내기
CREATE TABLE IF NOT EXISTS `qnasa` (
  `num` int NOT NULL AUTO_INCREMENT,
  `title` varchar(255) DEFAULT NULL,
  `content` text,
  `date` varchar(255) DEFAULT NULL,
  `usernum` int DEFAULT NULL,
  `ip` varchar(15) DEFAULT NULL,
  `secret` tinyint DEFAULT NULL,
  `frnum` int DEFAULT NULL,
  `ansflag` tinyint DEFAULT NULL,
  PRIMARY KEY (`num`)
) ENGINE=InnoDB AUTO_INCREMENT=200 DEFAULT CHARSET=utf8mb4 COLLATE=utf8mb4_0900_ai_ci;

-- 테이블 데이터 projectdb.qnasa:~198 rows (대략적) 내보내기
INSERT INTO `qnasa` (`num`, `title`, `content`, `date`, `usernum`, `ip`, `secret`, `frnum`, `ansflag`) VALUES
	(1, '취직', '언제하지', '2024-04-13 18:18:57', 1, '192.168.1.1', 0, 2, 0),
	(2, '취직', '언제하지', '2024-04-13 18:18:57', 2, '192.168.1.1', 0, 2, 0),
	(3, '취직', '언제하지', '2024-04-13 18:18:57', 3, '192.168.1.1', 0, 2, 0),
	(4, '취직', '언제하지', '2024-04-13 18:18:57', 4, '192.168.1.1', 0, 2, 0),
	(5, '취직', '언제하지', '2024-04-13 18:18:57', 5, '192.168.1.1', 0, 2, 0),
	(6, '취직', '언제하지', '2024-04-13 18:18:57', 6, '192.168.1.1', 0, 2, 0),
	(7, '취직', '언제하지', '2024-04-13 18:18:57', 7, '192.168.1.1', 0, 2, 0),
	(8, '취직', '언제하지', '2024-04-13 18:18:57', 8, '192.168.1.1', 0, 2, 0),
	(9, '취직', '언제하지', '2024-04-13 18:18:57', 9, '192.168.1.1', 0, 2, 0),
	(10, '취직', '언제하지', '2024-04-13 18:18:57', 10, '192.168.1.1', 0, 2, 0),
	(11, '취직', '언제하지', '2024-04-13 18:18:57', 11, '192.168.1.1', 0, 2, 0),
	(12, '취직', '언제하지', '2024-04-13 18:18:57', 12, '192.168.1.1', 0, 2, 0),
	(13, '취직', '언제하지', '2024-04-13 18:18:57', 13, '192.168.1.1', 0, 2, 0),
	(14, '취직', '언제하지', '2024-04-13 18:18:57', 14, '192.168.1.1', 0, 2, 0),
	(15, '취직', '언제하지', '2024-04-13 18:18:57', 15, '192.168.1.1', 0, 2, 0),
	(16, '취직', '언제하지', '2024-04-13 18:18:57', 16, '192.168.1.1', 0, 2, 0),
	(17, '취직', '언제하지', '2024-04-13 18:18:57', 17, '192.168.1.1', 0, 2, 0),
	(18, '취직', '언제하지', '2024-04-13 18:18:57', 18, '192.168.1.1', 0, 2, 0),
	(19, '취직', '언제하지', '2024-04-13 18:18:57', 19, '192.168.1.1', 0, 2, 0),
	(20, '취직', '언제하지', '2024-04-13 18:18:57', 20, '192.168.1.1', 0, 2, 0),
	(21, '취직', '언제하지', '2024-04-13 18:18:57', 21, '192.168.1.1', 0, 2, 0),
	(22, '취직', '언제하지', '2024-04-13 18:18:57', 22, '192.168.1.1', 0, 2, 0),
	(23, '취직', '언제하지', '2024-04-13 18:18:57', 23, '192.168.1.1', 0, 2, 0),
	(24, '취직', '언제하지', '2024-04-13 18:18:57', 24, '192.168.1.1', 0, 2, 0),
	(25, '취직', '언제하지', '2024-04-13 18:18:57', 25, '192.168.1.1', 0, 2, 0),
	(26, '취직', '언제하지', '2024-04-13 18:18:57', 26, '192.168.1.1', 0, 2, 0),
	(27, '취직', '언제하지', '2024-04-13 18:18:57', 27, '192.168.1.1', 0, 2, 0),
	(28, '취직', '언제하지', '2024-04-13 18:18:57', 28, '192.168.1.1', 0, 2, 0),
	(29, '취직', '언제하지', '2024-04-13 18:18:57', 29, '192.168.1.1', 0, 2, 0),
	(30, '취직', '언제하지', '2024-04-13 18:18:57', 30, '192.168.1.1', 0, 2, 0),
	(31, '취직', '언제하지', '2024-04-13 18:18:57', 31, '192.168.1.1', 0, 2, 0),
	(32, '취직', '언제하지', '2024-04-13 18:18:57', 32, '192.168.1.1', 0, 2, 0),
	(33, '취직', '언제하지', '2024-04-13 18:18:57', 33, '192.168.1.1', 0, 2, 0),
	(34, '취직', '언제하지', '2024-04-13 18:18:57', 34, '192.168.1.1', 0, 2, 0),
	(35, '취직', '언제하지', '2024-04-13 18:18:57', 35, '192.168.1.1', 0, 2, 0),
	(36, '취직', '언제하지', '2024-04-13 18:18:57', 36, '192.168.1.1', 0, 2, 0),
	(37, '취직', '언제하지', '2024-04-13 18:18:57', 37, '192.168.1.1', 0, 2, 0),
	(38, '취직', '언제하지', '2024-04-13 18:18:57', 38, '192.168.1.1', 0, 2, 0),
	(39, '취직', '언제하지', '2024-04-13 18:18:57', 39, '192.168.1.1', 0, 2, 0),
	(40, '취직', '언제하지', '2024-04-13 18:18:57', 40, '192.168.1.1', 0, 2, 0),
	(41, '취직', '언제하지', '2024-04-13 18:18:57', 41, '192.168.1.1', 0, 2, 0),
	(42, '취직', '언제하지', '2024-04-13 18:18:57', 42, '192.168.1.1', 0, 2, 0),
	(43, '취직', '언제하지', '2024-04-13 18:18:57', 43, '192.168.1.1', 0, 2, 0),
	(44, '취직', '언제하지', '2024-04-13 18:18:57', 44, '192.168.1.1', 0, 2, 0),
	(45, '취직', '언제하지', '2024-04-13 18:18:57', 45, '192.168.1.1', 0, 2, 0),
	(46, '취직', '언제하지', '2024-04-13 18:18:57', 46, '192.168.1.1', 0, 2, 0),
	(47, '취직', '언제하지', '2024-04-13 18:18:57', 47, '192.168.1.1', 0, 2, 0),
	(48, '취직', '언제하지', '2024-04-13 18:18:57', 48, '192.168.1.1', 0, 2, 0),
	(49, '취직', '언제하지', '2024-04-13 18:18:57', 49, '192.168.1.1', 0, 2, 0),
	(50, '취직', '언제하지', '2024-04-13 18:18:57', 50, '192.168.1.1', 0, 2, 0),
	(51, '취직', '언제하지', '2024-04-13 18:18:57', 51, '192.168.1.1', 0, 2, 0),
	(52, '취직', '언제하지', '2024-04-13 18:18:57', 52, '192.168.1.1', 0, 2, 0),
	(53, '취직', '언제하지', '2024-04-13 18:18:57', 53, '192.168.1.1', 0, 2, 0),
	(54, '취직', '언제하지', '2024-04-13 18:18:57', 54, '192.168.1.1', 0, 2, 0),
	(55, '취직', '언제하지', '2024-04-13 18:18:57', 55, '192.168.1.1', 0, 2, 0),
	(56, '취직', '언제하지', '2024-04-13 18:18:57', 56, '192.168.1.1', 0, 2, 0),
	(57, '취직', '언제하지', '2024-04-13 18:18:57', 57, '192.168.1.1', 0, 2, 0),
	(58, '취직', '언제하지', '2024-04-13 18:18:57', 58, '192.168.1.1', 0, 2, 0),
	(59, '취직', '언제하지', '2024-04-13 18:18:57', 59, '192.168.1.1', 0, 2, 0),
	(60, '취직', '언제하지', '2024-04-13 18:18:57', 60, '192.168.1.1', 0, 2, 0),
	(61, '취직', '언제하지', '2024-04-13 18:18:57', 61, '192.168.1.1', 0, 2, 0),
	(62, '취직', '언제하지', '2024-04-13 18:18:57', 62, '192.168.1.1', 0, 2, 0),
	(63, '취직', '언제하지', '2024-04-13 18:18:57', 63, '192.168.1.1', 0, 2, 0),
	(64, '취직', '언제하지', '2024-04-13 18:18:57', 64, '192.168.1.1', 0, 2, 0),
	(65, '취직', '언제하지', '2024-04-13 18:18:57', 65, '192.168.1.1', 0, 2, 0),
	(66, '취직', '언제하지', '2024-04-13 18:18:57', 66, '192.168.1.1', 0, 2, 0),
	(67, '취직', '언제하지', '2024-04-13 18:18:57', 67, '192.168.1.1', 0, 2, 0),
	(68, '취직', '언제하지', '2024-04-13 18:18:57', 68, '192.168.1.1', 0, 2, 0),
	(69, '취직', '언제하지', '2024-04-13 18:18:57', 69, '192.168.1.1', 0, 2, 0),
	(70, '취직', '언제하지', '2024-04-13 18:18:57', 70, '192.168.1.1', 0, 2, 0),
	(71, '취직', '언제하지', '2024-04-13 18:18:57', 71, '192.168.1.1', 0, 2, 0),
	(72, '취직', '언제하지', '2024-04-13 18:18:57', 72, '192.168.1.1', 0, 2, 0),
	(73, '취직', '언제하지', '2024-04-13 18:18:57', 73, '192.168.1.1', 0, 2, 0),
	(74, '취직', '언제하지', '2024-04-13 18:18:57', 74, '192.168.1.1', 0, 2, 0),
	(75, '취직', '언제하지', '2024-04-13 18:18:57', 75, '192.168.1.1', 0, 2, 0),
	(76, '취직', '언제하지', '2024-04-13 18:18:57', 76, '192.168.1.1', 0, 2, 0),
	(77, '취직', '언제하지', '2024-04-13 18:18:57', 77, '192.168.1.1', 0, 2, 0),
	(78, '취직', '언제하지', '2024-04-13 18:18:57', 78, '192.168.1.1', 0, 2, 0),
	(79, '취직', '언제하지', '2024-04-13 18:18:57', 79, '192.168.1.1', 0, 2, 0),
	(80, '취직', '언제하지', '2024-04-13 18:18:57', 80, '192.168.1.1', 0, 2, 0),
	(81, '취직', '언제하지', '2024-04-13 18:18:57', 81, '192.168.1.1', 0, 2, 0),
	(82, '취직', '언제하지', '2024-04-13 18:18:57', 82, '192.168.1.1', 0, 2, 0),
	(83, '취직', '언제하지', '2024-04-13 18:18:57', 83, '192.168.1.1', 0, 2, 0),
	(84, '취직', '언제하지', '2024-04-13 18:18:57', 84, '192.168.1.1', 0, 2, 0),
	(85, '취직', '언제하지', '2024-04-13 18:18:57', 85, '192.168.1.1', 0, 2, 0),
	(86, '취직', '언제하지', '2024-04-13 18:18:57', 86, '192.168.1.1', 0, 2, 0),
	(87, '취직', '언제하지', '2024-04-13 18:18:57', 87, '192.168.1.1', 0, 2, 0),
	(88, '취직', '언제하지', '2024-04-13 18:18:57', 88, '192.168.1.1', 0, 2, 0),
	(89, '취직', '언제하지', '2024-04-13 18:18:57', 89, '192.168.1.1', 0, 2, 0),
	(90, '취직', '언제하지', '2024-04-13 18:18:57', 90, '192.168.1.1', 0, 2, 0),
	(91, '취직', '언제하지', '2024-04-13 18:18:57', 91, '192.168.1.1', 0, 2, 0),
	(92, '취직', '언제하지', '2024-04-13 18:18:57', 92, '192.168.1.1', 0, 2, 0),
	(93, '취직', '언제하지', '2024-04-13 18:18:57', 93, '192.168.1.1', 0, 2, 0),
	(94, '취직', '언제하지', '2024-04-13 18:18:57', 94, '192.168.1.1', 0, 2, 0),
	(95, '취직', '언제하지', '2024-04-13 18:18:57', 95, '192.168.1.1', 0, 2, 0),
	(96, '취직', '언제하지', '2024-04-13 18:18:57', 96, '192.168.1.1', 0, 2, 0),
	(97, '취직', '언제하지', '2024-04-13 18:18:57', 97, '192.168.1.1', 0, 2, 0),
	(98, '취직', '언제하지', '2024-04-13 18:18:57', 98, '192.168.1.1', 0, 2, 0),
	(99, '취직', '언제하지', '2024-04-13 18:18:57', 99, '192.168.1.1', 0, 2, 0),
	(100, '취직', '언제하지', '2024-04-13 18:18:57', 100, '192.168.1.1', 0, 2, 0),
	(101, '취직', '언제하지', '2024-04-13 18:18:57', 101, '192.168.1.1', 0, 2, 0),
	(102, '취직', '언제하지', '2024-04-13 18:18:57', 102, '192.168.1.1', 0, 2, 0),
	(103, '취직', '언제하지', '2024-04-13 18:18:57', 103, '192.168.1.1', 0, 2, 0),
	(104, '취직', '언제하지', '2024-04-13 18:18:57', 104, '192.168.1.1', 0, 2, 0),
	(105, '취직', '언제하지', '2024-04-13 18:18:57', 105, '192.168.1.1', 0, 2, 0),
	(106, '취직', '언제하지', '2024-04-13 18:18:57', 106, '192.168.1.1', 0, 2, 0),
	(107, '취직', '언제하지', '2024-04-13 18:18:57', 107, '192.168.1.1', 0, 2, 0),
	(108, '취직', '언제하지', '2024-04-13 18:18:57', 108, '192.168.1.1', 0, 2, 0),
	(109, '취직', '언제하지', '2024-04-13 18:18:57', 109, '192.168.1.1', 0, 2, 0),
	(110, '취직', '언제하지', '2024-04-13 18:18:57', 110, '192.168.1.1', 0, 2, 0),
	(111, '취직', '언제하지', '2024-04-13 18:18:57', 111, '192.168.1.1', 0, 2, 0),
	(112, '취직', '언제하지', '2024-04-13 18:18:57', 112, '192.168.1.1', 0, 2, 0),
	(113, '취직', '언제하지', '2024-04-13 18:18:57', 113, '192.168.1.1', 0, 2, 0),
	(114, '취직', '언제하지', '2024-04-13 18:18:57', 114, '192.168.1.1', 0, 2, 0),
	(115, '취직', '언제하지', '2024-04-13 18:18:57', 115, '192.168.1.1', 0, 2, 0),
	(116, '취직', '언제하지', '2024-04-13 18:18:57', 116, '192.168.1.1', 0, 2, 0),
	(117, '취직', '언제하지', '2024-04-13 18:18:57', 117, '192.168.1.1', 0, 2, 0),
	(118, '취직', '언제하지', '2024-04-13 18:18:57', 118, '192.168.1.1', 0, 2, 0),
	(119, '취직', '언제하지', '2024-04-13 18:18:57', 119, '192.168.1.1', 0, 2, 0),
	(120, '취직', '언제하지', '2024-04-13 18:18:57', 120, '192.168.1.1', 0, 2, 0),
	(121, '취직', '언제하지', '2024-04-13 18:18:57', 121, '192.168.1.1', 0, 2, 0),
	(122, '취직', '언제하지', '2024-04-13 18:18:57', 122, '192.168.1.1', 0, 2, 0),
	(123, '취직', '언제하지', '2024-04-13 18:18:57', 123, '192.168.1.1', 0, 2, 0),
	(124, '취직', '언제하지', '2024-04-13 18:18:57', 124, '192.168.1.1', 0, 2, 0),
	(125, '취직', '언제하지', '2024-04-13 18:18:57', 125, '192.168.1.1', 0, 2, 0),
	(126, '취직', '언제하지', '2024-04-13 18:18:57', 126, '192.168.1.1', 0, 2, 0),
	(127, '취직', '언제하지', '2024-04-13 18:18:57', 127, '192.168.1.1', 0, 2, 0),
	(128, '취직', '언제하지', '2024-04-13 18:18:57', 128, '192.168.1.1', 0, 2, 0),
	(129, '취직', '언제하지', '2024-04-13 18:18:57', 129, '192.168.1.1', 0, 2, 0),
	(130, '취직', '언제하지', '2024-04-13 18:18:57', 130, '192.168.1.1', 0, 2, 0),
	(131, '취직', '언제하지', '2024-04-13 18:18:57', 131, '192.168.1.1', 0, 2, 0),
	(132, '취직', '언제하지', '2024-04-13 18:18:57', 132, '192.168.1.1', 0, 2, 0),
	(133, '취직', '언제하지', '2024-04-13 18:18:57', 133, '192.168.1.1', 0, 2, 0),
	(134, '취직', '언제하지', '2024-04-13 18:18:57', 134, '192.168.1.1', 0, 2, 0),
	(135, '취직', '언제하지', '2024-04-13 18:18:57', 135, '192.168.1.1', 0, 2, 0),
	(136, '취직', '언제하지', '2024-04-13 18:18:57', 136, '192.168.1.1', 0, 2, 0),
	(137, '취직', '언제하지', '2024-04-13 18:18:57', 137, '192.168.1.1', 0, 2, 0),
	(138, '취직', '언제하지', '2024-04-13 18:18:57', 138, '192.168.1.1', 0, 2, 0),
	(139, '취직', '언제하지', '2024-04-13 18:18:57', 139, '192.168.1.1', 0, 2, 0),
	(140, '취직', '언제하지', '2024-04-13 18:18:57', 140, '192.168.1.1', 0, 2, 0),
	(141, '취직', '언제하지', '2024-04-13 18:18:57', 141, '192.168.1.1', 0, 2, 0),
	(142, '취직', '언제하지', '2024-04-13 18:18:57', 142, '192.168.1.1', 0, 2, 0),
	(143, '취직', '언제하지', '2024-04-13 18:18:57', 143, '192.168.1.1', 0, 2, 0),
	(144, '취직', '언제하지', '2024-04-13 18:18:57', 144, '192.168.1.1', 0, 2, 0),
	(145, '취직', '언제하지', '2024-04-13 18:18:57', 145, '192.168.1.1', 0, 2, 0),
	(146, '취직', '언제하지', '2024-04-13 18:18:57', 146, '192.168.1.1', 0, 2, 0),
	(147, '취직', '언제하지', '2024-04-13 18:18:57', 147, '192.168.1.1', 0, 2, 0),
	(148, '취직', '언제하지', '2024-04-13 18:18:57', 148, '192.168.1.1', 0, 2, 0),
	(149, '취직', '언제하지', '2024-04-13 18:18:57', 149, '192.168.1.1', 0, 2, 0),
	(150, '취직', '언제하지', '2024-04-13 18:18:57', 150, '192.168.1.1', 0, 2, 0),
	(151, '취직', '언제하지', '2024-04-13 18:18:57', 151, '192.168.1.1', 0, 2, 0),
	(152, '취직', '언제하지', '2024-04-13 18:18:57', 152, '192.168.1.1', 0, 2, 0),
	(153, '취직', '언제하지', '2024-04-13 18:18:57', 153, '192.168.1.1', 0, 2, 0),
	(154, '취직', '언제하지', '2024-04-13 18:18:57', 154, '192.168.1.1', 0, 2, 0),
	(155, '취직', '언제하지', '2024-04-13 18:18:57', 155, '192.168.1.1', 0, 2, 0),
	(156, '취직', '언제하지', '2024-04-13 18:18:57', 156, '192.168.1.1', 0, 2, 0),
	(157, '취직', '언제하지', '2024-04-13 18:18:57', 157, '192.168.1.1', 0, 2, 0),
	(158, '취직', '언제하지', '2024-04-13 18:18:57', 158, '192.168.1.1', 0, 2, 0),
	(159, '취직', '언제하지', '2024-04-13 18:18:57', 159, '192.168.1.1', 0, 2, 0),
	(160, '취직', '언제하지', '2024-04-13 18:18:57', 160, '192.168.1.1', 0, 2, 0),
	(161, '취직', '언제하지', '2024-04-13 18:18:57', 161, '192.168.1.1', 0, 2, 0),
	(162, '취직', '언제하지', '2024-04-13 18:18:57', 162, '192.168.1.1', 0, 2, 0),
	(163, '취직', '언제하지', '2024-04-13 18:18:57', 163, '192.168.1.1', 0, 2, 0),
	(164, '취직', '언제하지', '2024-04-13 18:18:57', 164, '192.168.1.1', 0, 2, 0),
	(165, '취직', '언제하지', '2024-04-13 18:18:57', 165, '192.168.1.1', 0, 2, 0),
	(166, '취직', '언제하지', '2024-04-13 18:18:57', 166, '192.168.1.1', 0, 2, 0),
	(167, '취직', '언제하지', '2024-04-13 18:18:57', 167, '192.168.1.1', 0, 2, 0),
	(168, '취직', '언제하지', '2024-04-13 18:18:57', 168, '192.168.1.1', 0, 2, 0),
	(169, '취직', '언제하지', '2024-04-13 18:18:57', 169, '192.168.1.1', 0, 2, 0),
	(170, '취직', '언제하지', '2024-04-13 18:18:57', 170, '192.168.1.1', 0, 2, 0),
	(171, '취직', '언제하지', '2024-04-13 18:18:57', 171, '192.168.1.1', 0, 2, 0),
	(172, '취직', '언제하지', '2024-04-13 18:18:57', 172, '192.168.1.1', 0, 2, 0),
	(173, '취직', '언제하지', '2024-04-13 18:18:57', 173, '192.168.1.1', 0, 2, 0),
	(174, '취직', '언제하지', '2024-04-13 18:18:57', 174, '192.168.1.1', 0, 2, 0),
	(175, '취직', '언제하지', '2024-04-13 18:18:57', 175, '192.168.1.1', 0, 2, 0),
	(176, '취직', '언제하지', '2024-04-13 18:18:57', 176, '192.168.1.1', 0, 2, 0),
	(177, '취직', '언제하지', '2024-04-13 18:18:57', 177, '192.168.1.1', 0, 2, 0),
	(178, '취직', '언제하지', '2024-04-13 18:18:57', 178, '192.168.1.1', 0, 2, 0),
	(179, '취직', '언제하지', '2024-04-13 18:18:57', 179, '192.168.1.1', 0, 2, 0),
	(180, '취직', '언제하지', '2024-04-13 18:18:57', 180, '192.168.1.1', 0, 2, 0),
	(181, '취직', '언제하지', '2024-04-13 18:18:57', 181, '192.168.1.1', 0, 2, 0),
	(182, '취직', '언제하지', '2024-04-13 18:18:57', 182, '192.168.1.1', 0, 2, 0),
	(183, '취직', '언제하지', '2024-04-13 18:18:57', 183, '192.168.1.1', 0, 2, 0),
	(184, '취직', '언제하지', '2024-04-13 18:18:57', 184, '192.168.1.1', 0, 2, 0),
	(185, '취직', '언제하지', '2024-04-13 18:18:57', 185, '192.168.1.1', 0, 2, 0),
	(186, '취직', '언제하지', '2024-04-13 18:18:57', 186, '192.168.1.1', 0, 2, 0),
	(187, '취직', '언제하지', '2024-04-13 18:18:57', 187, '192.168.1.1', 0, 2, 0),
	(188, '취직', '언제하지', '2024-04-13 18:18:57', 188, '192.168.1.1', 0, 2, 0),
	(189, '취직', '언제하지', '2024-04-13 18:18:57', 189, '192.168.1.1', 0, 2, 0),
	(190, '취직', '언제하지', '2024-04-13 18:18:57', 190, '192.168.1.1', 0, 2, 0),
	(191, '취직', '언제하지', '2024-04-13 18:18:57', 191, '192.168.1.1', 0, 2, 0),
	(192, '취직', '언제하지', '2024-04-13 18:18:57', 192, '192.168.1.1', 0, 2, 0),
	(193, '취직', '언제하지', '2024-04-13 18:18:57', 193, '192.168.1.1', 0, 2, 0),
	(194, '취직', '언제하지', '2024-04-13 18:18:57', 194, '192.168.1.1', 0, 2, 0),
	(195, '취직', '언제하지', '2024-04-13 18:18:57', 195, '192.168.1.1', 0, 2, 0),
	(196, '취직', '언제하지', '2024-04-13 18:18:57', 196, '192.168.1.1', 0, 2, 0),
	(197, '취직', '언제하지', '2024-04-13 18:18:57', 197, '192.168.1.1', 0, 2, 0),
	(198, '취직', '언제하지', '2024-04-13 18:18:57', 198, '192.168.1.1', 0, 2, 1);

-- 테이블 projectdb.reservationsa 구조 내보내기
CREATE TABLE IF NOT EXISTS `reservationsa` (
  `num` int NOT NULL AUTO_INCREMENT,
  `user` varchar(255) DEFAULT NULL,
  `name` varchar(255) DEFAULT NULL,
  `phone` varchar(20) DEFAULT NULL,
  `email` varchar(255) DEFAULT NULL,
  `population` int DEFAULT NULL,
  `ccflag` tinyint DEFAULT NULL,
  `frnum` int DEFAULT NULL,
  `reservdate` varchar(255) DEFAULT NULL,
  `carflag` tinyint DEFAULT NULL,
  `fnflag` tinyint DEFAULT NULL,
  PRIMARY KEY (`num`)
) ENGINE=InnoDB AUTO_INCREMENT=501 DEFAULT CHARSET=utf8mb4 COLLATE=utf8mb4_0900_ai_ci;

-- 테이블 데이터 projectdb.reservationsa:~500 rows (대략적) 내보내기
INSERT INTO `reservationsa` (`num`, `user`, `name`, `phone`, `email`, `population`, `ccflag`, `frnum`, `reservdate`, `carflag`, `fnflag`) VALUES
	(1, '1', 'aaa', '111-1111', 'aaa@aaa.aaa', 10, 0, 1, '2024-04-13 18:18:57', 1, 0),
	(2, '2', 'aaa', '111-1111', 'aaa@aaa.aaa', 10, 0, 1, '2024-04-13 18:18:57', 1, 0),
	(3, '3', 'aaa', '111-1111', 'aaa@aaa.aaa', 10, 0, 1, '2024-04-13 18:18:57', 1, 0),
	(4, '4', 'aaa', '111-1111', 'aaa@aaa.aaa', 10, 0, 1, '2024-04-13 18:18:57', 1, 0),
	(5, '5', 'aaa', '111-1111', 'aaa@aaa.aaa', 10, 0, 1, '2024-04-13 18:18:57', 1, 0),
	(6, '6', 'aaa', '111-1111', 'aaa@aaa.aaa', 10, 0, 1, '2024-04-13 18:18:57', 1, 0),
	(7, '7', 'aaa', '111-1111', 'aaa@aaa.aaa', 10, 0, 1, '2024-04-13 18:18:57', 1, 0),
	(8, '8', 'aaa', '111-1111', 'aaa@aaa.aaa', 10, 0, 1, '2024-04-13 18:18:57', 1, 0),
	(9, '9', 'aaa', '111-1111', 'aaa@aaa.aaa', 10, 0, 1, '2024-04-13 18:18:57', 1, 0),
	(10, '10', 'aaa', '111-1111', 'aaa@aaa.aaa', 10, 0, 1, '2024-04-13 18:18:57', 1, 0),
	(11, '11', 'aaa', '111-1111', 'aaa@aaa.aaa', 10, 0, 1, '2024-04-13 18:18:57', 1, 0),
	(12, '12', 'aaa', '111-1111', 'aaa@aaa.aaa', 10, 0, 1, '2024-04-13 18:18:57', 1, 0),
	(13, '13', 'aaa', '111-1111', 'aaa@aaa.aaa', 10, 0, 1, '2024-04-13 18:18:57', 1, 0),
	(14, '14', 'aaa', '111-1111', 'aaa@aaa.aaa', 10, 0, 1, '2024-04-13 18:18:57', 1, 0),
	(15, '15', 'aaa', '111-1111', 'aaa@aaa.aaa', 10, 0, 1, '2024-04-13 18:18:57', 1, 0),
	(16, '16', 'aaa', '111-1111', 'aaa@aaa.aaa', 10, 0, 1, '2024-04-13 18:18:57', 1, 0),
	(17, '17', 'aaa', '111-1111', 'aaa@aaa.aaa', 10, 0, 1, '2024-04-13 18:18:57', 1, 0),
	(18, '18', 'aaa', '111-1111', 'aaa@aaa.aaa', 10, 0, 1, '2024-04-13 18:18:57', 1, 0),
	(19, '19', 'aaa', '111-1111', 'aaa@aaa.aaa', 10, 0, 1, '2024-04-13 18:18:57', 1, 0),
	(20, '20', 'aaa', '111-1111', 'aaa@aaa.aaa', 10, 0, 1, '2024-04-13 18:18:57', 1, 0),
	(21, '21', 'aaa', '111-1111', 'aaa@aaa.aaa', 10, 0, 1, '2024-04-13 18:18:57', 1, 0),
	(22, '22', 'aaa', '111-1111', 'aaa@aaa.aaa', 10, 0, 1, '2024-04-13 18:18:57', 1, 0),
	(23, '23', 'aaa', '111-1111', 'aaa@aaa.aaa', 10, 0, 1, '2024-04-13 18:18:57', 1, 0),
	(24, '24', 'aaa', '111-1111', 'aaa@aaa.aaa', 10, 0, 1, '2024-04-13 18:18:57', 1, 0),
	(25, '25', 'aaa', '111-1111', 'aaa@aaa.aaa', 10, 0, 1, '2024-04-13 18:18:57', 1, 0),
	(26, '26', 'aaa', '111-1111', 'aaa@aaa.aaa', 10, 0, 1, '2024-04-13 18:18:57', 1, 0),
	(27, '27', 'aaa', '111-1111', 'aaa@aaa.aaa', 10, 0, 1, '2024-04-13 18:18:57', 1, 0),
	(28, '28', 'aaa', '111-1111', 'aaa@aaa.aaa', 10, 0, 1, '2024-04-13 18:18:57', 1, 0),
	(29, '29', 'aaa', '111-1111', 'aaa@aaa.aaa', 10, 0, 1, '2024-04-13 18:18:57', 1, 0),
	(30, '30', 'aaa', '111-1111', 'aaa@aaa.aaa', 10, 0, 1, '2024-04-13 18:18:57', 1, 0),
	(31, '31', 'aaa', '111-1111', 'aaa@aaa.aaa', 10, 0, 1, '2024-04-13 18:18:57', 1, 0),
	(32, '32', 'aaa', '111-1111', 'aaa@aaa.aaa', 10, 0, 1, '2024-04-13 18:18:57', 1, 0),
	(33, '33', 'aaa', '111-1111', 'aaa@aaa.aaa', 10, 0, 1, '2024-04-13 18:18:57', 1, 0),
	(34, '34', 'aaa', '111-1111', 'aaa@aaa.aaa', 10, 0, 1, '2024-04-13 18:18:57', 1, 0),
	(35, '35', 'aaa', '111-1111', 'aaa@aaa.aaa', 10, 0, 1, '2024-04-13 18:18:57', 1, 0),
	(36, '36', 'aaa', '111-1111', 'aaa@aaa.aaa', 10, 0, 1, '2024-04-13 18:18:57', 1, 0),
	(37, '37', 'aaa', '111-1111', 'aaa@aaa.aaa', 10, 0, 1, '2024-04-13 18:18:57', 1, 0),
	(38, '38', 'aaa', '111-1111', 'aaa@aaa.aaa', 10, 0, 1, '2024-04-13 18:18:57', 1, 0),
	(39, '39', 'aaa', '111-1111', 'aaa@aaa.aaa', 10, 0, 1, '2024-04-13 18:18:57', 1, 0),
	(40, '40', 'aaa', '111-1111', 'aaa@aaa.aaa', 10, 0, 1, '2024-04-13 18:18:57', 1, 0),
	(41, '41', 'aaa', '111-1111', 'aaa@aaa.aaa', 10, 0, 1, '2024-04-13 18:18:57', 1, 0),
	(42, '42', 'aaa', '111-1111', 'aaa@aaa.aaa', 10, 0, 1, '2024-04-13 18:18:57', 1, 0),
	(43, '43', 'aaa', '111-1111', 'aaa@aaa.aaa', 10, 0, 1, '2024-04-13 18:18:57', 1, 0),
	(44, '44', 'aaa', '111-1111', 'aaa@aaa.aaa', 10, 0, 1, '2024-04-13 18:18:57', 1, 0),
	(45, '45', 'aaa', '111-1111', 'aaa@aaa.aaa', 10, 0, 1, '2024-04-13 18:18:57', 1, 0),
	(46, '46', 'aaa', '111-1111', 'aaa@aaa.aaa', 10, 0, 1, '2024-04-13 18:18:57', 1, 0),
	(47, '47', 'aaa', '111-1111', 'aaa@aaa.aaa', 10, 0, 1, '2024-04-13 18:18:57', 1, 0),
	(48, '48', 'aaa', '111-1111', 'aaa@aaa.aaa', 10, 0, 1, '2024-04-13 18:18:57', 1, 0),
	(49, '49', 'aaa', '111-1111', 'aaa@aaa.aaa', 10, 0, 1, '2024-04-13 18:18:57', 1, 0),
	(50, '50', 'aaa', '111-1111', 'aaa@aaa.aaa', 10, 0, 1, '2024-04-13 18:18:57', 1, 0),
	(51, '51', 'aaa', '111-1111', 'aaa@aaa.aaa', 10, 0, 1, '2024-04-13 18:18:57', 1, 0),
	(52, '52', 'aaa', '111-1111', 'aaa@aaa.aaa', 10, 0, 1, '2024-04-13 18:18:57', 1, 0),
	(53, '53', 'aaa', '111-1111', 'aaa@aaa.aaa', 10, 0, 1, '2024-04-13 18:18:57', 1, 0),
	(54, '54', 'aaa', '111-1111', 'aaa@aaa.aaa', 10, 0, 1, '2024-04-13 18:18:57', 1, 0),
	(55, '55', 'aaa', '111-1111', 'aaa@aaa.aaa', 10, 0, 1, '2024-04-13 18:18:57', 1, 0),
	(56, '56', 'aaa', '111-1111', 'aaa@aaa.aaa', 10, 0, 1, '2024-04-13 18:18:57', 1, 0),
	(57, '57', 'aaa', '111-1111', 'aaa@aaa.aaa', 10, 0, 1, '2024-04-13 18:18:57', 1, 0),
	(58, '58', 'aaa', '111-1111', 'aaa@aaa.aaa', 10, 0, 1, '2024-04-13 18:18:57', 1, 0),
	(59, '59', 'aaa', '111-1111', 'aaa@aaa.aaa', 10, 0, 1, '2024-04-13 18:18:57', 1, 0),
	(60, '60', 'aaa', '111-1111', 'aaa@aaa.aaa', 10, 0, 1, '2024-04-13 18:18:57', 1, 0),
	(61, '61', 'aaa', '111-1111', 'aaa@aaa.aaa', 10, 0, 1, '2024-04-13 18:18:57', 1, 0),
	(62, '62', 'aaa', '111-1111', 'aaa@aaa.aaa', 10, 0, 1, '2024-04-13 18:18:57', 1, 0),
	(63, '63', 'aaa', '111-1111', 'aaa@aaa.aaa', 10, 0, 1, '2024-04-13 18:18:57', 1, 0),
	(64, '64', 'aaa', '111-1111', 'aaa@aaa.aaa', 10, 0, 1, '2024-04-13 18:18:57', 1, 0),
	(65, '65', 'aaa', '111-1111', 'aaa@aaa.aaa', 10, 0, 1, '2024-04-13 18:18:57', 1, 0),
	(66, '66', 'aaa', '111-1111', 'aaa@aaa.aaa', 10, 0, 1, '2024-04-13 18:18:57', 1, 0),
	(67, '67', 'aaa', '111-1111', 'aaa@aaa.aaa', 10, 0, 1, '2024-04-13 18:18:57', 1, 0),
	(68, '68', 'aaa', '111-1111', 'aaa@aaa.aaa', 10, 0, 1, '2024-04-13 18:18:57', 1, 0),
	(69, '69', 'aaa', '111-1111', 'aaa@aaa.aaa', 10, 0, 1, '2024-04-13 18:18:57', 1, 0),
	(70, '70', 'aaa', '111-1111', 'aaa@aaa.aaa', 10, 0, 1, '2024-04-13 18:18:57', 1, 0),
	(71, '71', 'aaa', '111-1111', 'aaa@aaa.aaa', 10, 0, 1, '2024-04-13 18:18:57', 1, 0),
	(72, '72', 'aaa', '111-1111', 'aaa@aaa.aaa', 10, 0, 1, '2024-04-13 18:18:57', 1, 0),
	(73, '73', 'aaa', '111-1111', 'aaa@aaa.aaa', 10, 0, 1, '2024-04-13 18:18:57', 1, 0),
	(74, '74', 'aaa', '111-1111', 'aaa@aaa.aaa', 10, 0, 1, '2024-04-13 18:18:57', 1, 0),
	(75, '75', 'aaa', '111-1111', 'aaa@aaa.aaa', 10, 0, 1, '2024-04-13 18:18:57', 1, 0),
	(76, '76', 'aaa', '111-1111', 'aaa@aaa.aaa', 10, 0, 1, '2024-04-13 18:18:57', 1, 0),
	(77, '77', 'aaa', '111-1111', 'aaa@aaa.aaa', 10, 0, 1, '2024-04-13 18:18:57', 1, 0),
	(78, '78', 'aaa', '111-1111', 'aaa@aaa.aaa', 10, 0, 1, '2024-04-13 18:18:57', 1, 0),
	(79, '79', 'aaa', '111-1111', 'aaa@aaa.aaa', 10, 0, 1, '2024-04-13 18:18:57', 1, 0),
	(80, '80', 'aaa', '111-1111', 'aaa@aaa.aaa', 10, 0, 1, '2024-04-13 18:18:57', 1, 0),
	(81, '81', 'aaa', '111-1111', 'aaa@aaa.aaa', 10, 0, 1, '2024-04-13 18:18:57', 1, 0),
	(82, '82', 'aaa', '111-1111', 'aaa@aaa.aaa', 10, 0, 1, '2024-04-13 18:18:57', 1, 0),
	(83, '83', 'aaa', '111-1111', 'aaa@aaa.aaa', 10, 0, 1, '2024-04-13 18:18:57', 1, 0),
	(84, '84', 'aaa', '111-1111', 'aaa@aaa.aaa', 10, 0, 1, '2024-04-13 18:18:57', 1, 0),
	(85, '85', 'aaa', '111-1111', 'aaa@aaa.aaa', 10, 0, 1, '2024-04-13 18:18:57', 1, 0),
	(86, '86', 'aaa', '111-1111', 'aaa@aaa.aaa', 10, 0, 1, '2024-04-13 18:18:57', 1, 0),
	(87, '87', 'aaa', '111-1111', 'aaa@aaa.aaa', 10, 0, 1, '2024-04-13 18:18:57', 1, 0),
	(88, '88', 'aaa', '111-1111', 'aaa@aaa.aaa', 10, 0, 1, '2024-04-13 18:18:57', 1, 0),
	(89, '89', 'aaa', '111-1111', 'aaa@aaa.aaa', 10, 0, 1, '2024-04-13 18:18:57', 1, 0),
	(90, '90', 'aaa', '111-1111', 'aaa@aaa.aaa', 10, 0, 1, '2024-04-13 18:18:57', 1, 0),
	(91, '91', 'aaa', '111-1111', 'aaa@aaa.aaa', 10, 0, 1, '2024-04-13 18:18:57', 1, 0),
	(92, '92', 'aaa', '111-1111', 'aaa@aaa.aaa', 10, 0, 1, '2024-04-13 18:18:57', 1, 0),
	(93, '93', 'aaa', '111-1111', 'aaa@aaa.aaa', 10, 0, 1, '2024-04-13 18:18:57', 1, 0),
	(94, '94', 'aaa', '111-1111', 'aaa@aaa.aaa', 10, 0, 1, '2024-04-13 18:18:57', 1, 0),
	(95, '95', 'aaa', '111-1111', 'aaa@aaa.aaa', 10, 0, 1, '2024-04-13 18:18:57', 1, 0),
	(96, '96', 'aaa', '111-1111', 'aaa@aaa.aaa', 10, 0, 1, '2024-04-13 18:18:57', 1, 0),
	(97, '97', 'aaa', '111-1111', 'aaa@aaa.aaa', 10, 0, 1, '2024-04-13 18:18:57', 1, 0),
	(98, '98', 'aaa', '111-1111', 'aaa@aaa.aaa', 10, 0, 1, '2024-04-13 18:18:57', 1, 0),
	(99, '99', 'aaa', '111-1111', 'aaa@aaa.aaa', 10, 0, 1, '2024-04-13 18:18:57', 1, 0),
	(100, '100', 'aaa', '111-1111', 'aaa@aaa.aaa', 10, 0, 1, '2024-04-13 18:18:57', 1, 0),
	(101, '101', 'aaa', '111-1111', 'aaa@aaa.aaa', 10, 0, 1, '2024-04-13 18:18:57', 1, 0),
	(102, '102', 'aaa', '111-1111', 'aaa@aaa.aaa', 10, 0, 1, '2024-04-13 18:18:57', 1, 0),
	(103, '103', 'aaa', '111-1111', 'aaa@aaa.aaa', 10, 0, 1, '2024-04-13 18:18:57', 1, 0),
	(104, '104', 'aaa', '111-1111', 'aaa@aaa.aaa', 10, 0, 1, '2024-04-13 18:18:57', 1, 0),
	(105, '105', 'aaa', '111-1111', 'aaa@aaa.aaa', 10, 0, 1, '2024-04-13 18:18:57', 1, 0),
	(106, '106', 'aaa', '111-1111', 'aaa@aaa.aaa', 10, 0, 1, '2024-04-13 18:18:57', 1, 0),
	(107, '107', 'aaa', '111-1111', 'aaa@aaa.aaa', 10, 0, 1, '2024-04-13 18:18:57', 1, 0),
	(108, '108', 'aaa', '111-1111', 'aaa@aaa.aaa', 10, 0, 1, '2024-04-13 18:18:57', 1, 0),
	(109, '109', 'aaa', '111-1111', 'aaa@aaa.aaa', 10, 0, 1, '2024-04-13 18:18:57', 1, 0),
	(110, '110', 'aaa', '111-1111', 'aaa@aaa.aaa', 10, 0, 1, '2024-04-13 18:18:57', 1, 0),
	(111, '111', 'aaa', '111-1111', 'aaa@aaa.aaa', 10, 0, 1, '2024-04-13 18:18:57', 1, 0),
	(112, '112', 'aaa', '111-1111', 'aaa@aaa.aaa', 10, 0, 1, '2024-04-13 18:18:57', 1, 0),
	(113, '113', 'aaa', '111-1111', 'aaa@aaa.aaa', 10, 0, 1, '2024-04-13 18:18:57', 1, 0),
	(114, '114', 'aaa', '111-1111', 'aaa@aaa.aaa', 10, 0, 1, '2024-04-13 18:18:57', 1, 0),
	(115, '115', 'aaa', '111-1111', 'aaa@aaa.aaa', 10, 0, 1, '2024-04-13 18:18:57', 1, 0),
	(116, '116', 'aaa', '111-1111', 'aaa@aaa.aaa', 10, 0, 1, '2024-04-13 18:18:57', 1, 0),
	(117, '117', 'aaa', '111-1111', 'aaa@aaa.aaa', 10, 0, 1, '2024-04-13 18:18:57', 1, 0),
	(118, '118', 'aaa', '111-1111', 'aaa@aaa.aaa', 10, 0, 1, '2024-04-13 18:18:57', 1, 0),
	(119, '119', 'aaa', '111-1111', 'aaa@aaa.aaa', 10, 0, 1, '2024-04-13 18:18:57', 1, 0),
	(120, '120', 'aaa', '111-1111', 'aaa@aaa.aaa', 10, 0, 1, '2024-04-13 18:18:57', 1, 0),
	(121, '121', 'aaa', '111-1111', 'aaa@aaa.aaa', 10, 0, 1, '2024-04-13 18:18:57', 1, 0),
	(122, '122', 'aaa', '111-1111', 'aaa@aaa.aaa', 10, 0, 1, '2024-04-13 18:18:57', 1, 0),
	(123, '123', 'aaa', '111-1111', 'aaa@aaa.aaa', 10, 0, 1, '2024-04-13 18:18:57', 1, 0),
	(124, '124', 'aaa', '111-1111', 'aaa@aaa.aaa', 10, 0, 1, '2024-04-13 18:18:57', 1, 0),
	(125, '125', 'aaa', '111-1111', 'aaa@aaa.aaa', 10, 0, 1, '2024-04-13 18:18:57', 1, 0),
	(126, '126', 'aaa', '111-1111', 'aaa@aaa.aaa', 10, 0, 1, '2024-04-13 18:18:57', 1, 0),
	(127, '127', 'aaa', '111-1111', 'aaa@aaa.aaa', 10, 0, 1, '2024-04-13 18:18:57', 1, 0),
	(128, '128', 'aaa', '111-1111', 'aaa@aaa.aaa', 10, 0, 1, '2024-04-13 18:18:57', 1, 0),
	(129, '129', 'aaa', '111-1111', 'aaa@aaa.aaa', 10, 0, 1, '2024-04-13 18:18:57', 1, 0),
	(130, '130', 'aaa', '111-1111', 'aaa@aaa.aaa', 10, 0, 1, '2024-04-13 18:18:57', 1, 0),
	(131, '131', 'aaa', '111-1111', 'aaa@aaa.aaa', 10, 0, 1, '2024-04-13 18:18:57', 1, 0),
	(132, '132', 'aaa', '111-1111', 'aaa@aaa.aaa', 10, 0, 1, '2024-04-13 18:18:57', 1, 0),
	(133, '133', 'aaa', '111-1111', 'aaa@aaa.aaa', 10, 0, 1, '2024-04-13 18:18:57', 1, 0),
	(134, '134', 'aaa', '111-1111', 'aaa@aaa.aaa', 10, 0, 1, '2024-04-13 18:18:57', 1, 0),
	(135, '135', 'aaa', '111-1111', 'aaa@aaa.aaa', 10, 0, 1, '2024-04-13 18:18:57', 1, 0),
	(136, '136', 'aaa', '111-1111', 'aaa@aaa.aaa', 10, 0, 1, '2024-04-13 18:18:57', 1, 0),
	(137, '137', 'aaa', '111-1111', 'aaa@aaa.aaa', 10, 0, 1, '2024-04-13 18:18:57', 1, 0),
	(138, '138', 'aaa', '111-1111', 'aaa@aaa.aaa', 10, 0, 1, '2024-04-13 18:18:57', 1, 0),
	(139, '139', 'aaa', '111-1111', 'aaa@aaa.aaa', 10, 0, 1, '2024-04-13 18:18:57', 1, 0),
	(140, '140', 'aaa', '111-1111', 'aaa@aaa.aaa', 10, 0, 1, '2024-04-13 18:18:57', 1, 0),
	(141, '141', 'aaa', '111-1111', 'aaa@aaa.aaa', 10, 0, 1, '2024-04-13 18:18:57', 1, 0),
	(142, '142', 'aaa', '111-1111', 'aaa@aaa.aaa', 10, 0, 1, '2024-04-13 18:18:57', 1, 0),
	(143, '143', 'aaa', '111-1111', 'aaa@aaa.aaa', 10, 0, 1, '2024-04-13 18:18:57', 1, 0),
	(144, '144', 'aaa', '111-1111', 'aaa@aaa.aaa', 10, 0, 1, '2024-04-13 18:18:57', 1, 0),
	(145, '145', 'aaa', '111-1111', 'aaa@aaa.aaa', 10, 0, 1, '2024-04-13 18:18:57', 1, 0),
	(146, '146', 'aaa', '111-1111', 'aaa@aaa.aaa', 10, 0, 1, '2024-04-13 18:18:57', 1, 0),
	(147, '147', 'aaa', '111-1111', 'aaa@aaa.aaa', 10, 0, 1, '2024-04-13 18:18:57', 1, 0),
	(148, '148', 'aaa', '111-1111', 'aaa@aaa.aaa', 10, 0, 1, '2024-04-13 18:18:57', 1, 0),
	(149, '149', 'aaa', '111-1111', 'aaa@aaa.aaa', 10, 0, 1, '2024-04-13 18:18:57', 1, 0),
	(150, '150', 'aaa', '111-1111', 'aaa@aaa.aaa', 10, 0, 1, '2024-04-13 18:18:57', 1, 0),
	(151, '151', 'aaa', '111-1111', 'aaa@aaa.aaa', 10, 0, 1, '2024-04-13 18:18:57', 1, 0),
	(152, '152', 'aaa', '111-1111', 'aaa@aaa.aaa', 10, 0, 1, '2024-04-13 18:18:57', 1, 0),
	(153, '153', 'aaa', '111-1111', 'aaa@aaa.aaa', 10, 0, 1, '2024-04-13 18:18:57', 1, 0),
	(154, '154', 'aaa', '111-1111', 'aaa@aaa.aaa', 10, 0, 1, '2024-04-13 18:18:57', 1, 0),
	(155, '155', 'aaa', '111-1111', 'aaa@aaa.aaa', 10, 0, 1, '2024-04-13 18:18:57', 1, 0),
	(156, '156', 'aaa', '111-1111', 'aaa@aaa.aaa', 10, 0, 1, '2024-04-13 18:18:57', 1, 0),
	(157, '157', 'aaa', '111-1111', 'aaa@aaa.aaa', 10, 0, 1, '2024-04-13 18:18:57', 1, 0),
	(158, '158', 'aaa', '111-1111', 'aaa@aaa.aaa', 10, 0, 1, '2024-04-13 18:18:57', 1, 0),
	(159, '159', 'aaa', '111-1111', 'aaa@aaa.aaa', 10, 0, 1, '2024-04-13 18:18:57', 1, 0),
	(160, '160', 'aaa', '111-1111', 'aaa@aaa.aaa', 10, 0, 1, '2024-04-13 18:18:57', 1, 0),
	(161, '161', 'aaa', '111-1111', 'aaa@aaa.aaa', 10, 0, 1, '2024-04-13 18:18:57', 1, 0),
	(162, '162', 'aaa', '111-1111', 'aaa@aaa.aaa', 10, 0, 1, '2024-04-13 18:18:57', 1, 0),
	(163, '163', 'aaa', '111-1111', 'aaa@aaa.aaa', 10, 0, 1, '2024-04-13 18:18:57', 1, 0),
	(164, '164', 'aaa', '111-1111', 'aaa@aaa.aaa', 10, 0, 1, '2024-04-13 18:18:57', 1, 0),
	(165, '165', 'aaa', '111-1111', 'aaa@aaa.aaa', 10, 0, 1, '2024-04-13 18:18:57', 1, 0),
	(166, '166', 'aaa', '111-1111', 'aaa@aaa.aaa', 10, 0, 1, '2024-04-13 18:18:57', 1, 0),
	(167, '167', 'aaa', '111-1111', 'aaa@aaa.aaa', 10, 0, 1, '2024-04-13 18:18:57', 1, 0),
	(168, '168', 'aaa', '111-1111', 'aaa@aaa.aaa', 10, 0, 1, '2024-04-13 18:18:57', 1, 0),
	(169, '169', 'aaa', '111-1111', 'aaa@aaa.aaa', 10, 0, 1, '2024-04-13 18:18:57', 1, 0),
	(170, '170', 'aaa', '111-1111', 'aaa@aaa.aaa', 10, 0, 1, '2024-04-13 18:18:57', 1, 0),
	(171, '171', 'aaa', '111-1111', 'aaa@aaa.aaa', 10, 0, 1, '2024-04-13 18:18:57', 1, 0),
	(172, '172', 'aaa', '111-1111', 'aaa@aaa.aaa', 10, 0, 1, '2024-04-13 18:18:57', 1, 0),
	(173, '173', 'aaa', '111-1111', 'aaa@aaa.aaa', 10, 0, 1, '2024-04-13 18:18:57', 1, 0),
	(174, '174', 'aaa', '111-1111', 'aaa@aaa.aaa', 10, 0, 1, '2024-04-13 18:18:57', 1, 0),
	(175, '175', 'aaa', '111-1111', 'aaa@aaa.aaa', 10, 0, 1, '2024-04-13 18:18:57', 1, 0),
	(176, '176', 'aaa', '111-1111', 'aaa@aaa.aaa', 10, 0, 1, '2024-04-13 18:18:57', 1, 0),
	(177, '177', 'aaa', '111-1111', 'aaa@aaa.aaa', 10, 0, 1, '2024-04-13 18:18:57', 1, 0),
	(178, '178', 'aaa', '111-1111', 'aaa@aaa.aaa', 10, 0, 1, '2024-04-13 18:18:57', 1, 0),
	(179, '179', 'aaa', '111-1111', 'aaa@aaa.aaa', 10, 0, 1, '2024-04-13 18:18:57', 1, 0),
	(180, '180', 'aaa', '111-1111', 'aaa@aaa.aaa', 10, 0, 1, '2024-04-13 18:18:57', 1, 0),
	(181, '181', 'aaa', '111-1111', 'aaa@aaa.aaa', 10, 0, 1, '2024-04-13 18:18:57', 1, 0),
	(182, '182', 'aaa', '111-1111', 'aaa@aaa.aaa', 10, 0, 1, '2024-04-13 18:18:57', 1, 0),
	(183, '183', 'aaa', '111-1111', 'aaa@aaa.aaa', 10, 0, 1, '2024-04-13 18:18:57', 1, 0),
	(184, '184', 'aaa', '111-1111', 'aaa@aaa.aaa', 10, 0, 1, '2024-04-13 18:18:57', 1, 0),
	(185, '185', 'aaa', '111-1111', 'aaa@aaa.aaa', 10, 0, 1, '2024-04-13 18:18:57', 1, 0),
	(186, '186', 'aaa', '111-1111', 'aaa@aaa.aaa', 10, 0, 1, '2024-04-13 18:18:57', 1, 0),
	(187, '187', 'aaa', '111-1111', 'aaa@aaa.aaa', 10, 0, 1, '2024-04-13 18:18:57', 1, 0),
	(188, '188', 'aaa', '111-1111', 'aaa@aaa.aaa', 10, 0, 1, '2024-04-13 18:18:57', 1, 0),
	(189, '189', 'aaa', '111-1111', 'aaa@aaa.aaa', 10, 0, 1, '2024-04-13 18:18:57', 1, 0),
	(190, '190', 'aaa', '111-1111', 'aaa@aaa.aaa', 10, 0, 1, '2024-04-13 18:18:57', 1, 0),
	(191, '191', 'aaa', '111-1111', 'aaa@aaa.aaa', 10, 0, 1, '2024-04-13 18:18:57', 1, 0),
	(192, '192', 'aaa', '111-1111', 'aaa@aaa.aaa', 10, 0, 1, '2024-04-13 18:18:57', 1, 0),
	(193, '193', 'aaa', '111-1111', 'aaa@aaa.aaa', 10, 0, 1, '2024-04-13 18:18:57', 1, 0),
	(194, '194', 'aaa', '111-1111', 'aaa@aaa.aaa', 10, 0, 1, '2024-04-13 18:18:57', 1, 0),
	(195, '195', 'aaa', '111-1111', 'aaa@aaa.aaa', 10, 0, 1, '2024-04-13 18:18:57', 1, 0),
	(196, '196', 'aaa', '111-1111', 'aaa@aaa.aaa', 10, 0, 1, '2024-04-13 18:18:57', 1, 0),
	(197, '197', 'aaa', '111-1111', 'aaa@aaa.aaa', 10, 0, 1, '2024-04-13 18:18:57', 1, 0),
	(198, '198', 'aaa', '111-1111', 'aaa@aaa.aaa', 10, 0, 1, '2024-04-13 18:18:57', 1, 0),
	(199, '199', 'aaa', '111-1111', 'aaa@aaa.aaa', 10, 0, 1, '2024-04-13 18:18:57', 1, 0),
	(200, '200', 'aaa', '111-1111', 'aaa@aaa.aaa', 10, 0, 1, '2024-04-13 18:18:57', 1, 0),
	(201, '201', 'aaa', '111-1111', 'aaa@aaa.aaa', 10, 0, 1, '2024-04-13 18:18:57', 1, 0),
	(202, '202', 'aaa', '111-1111', 'aaa@aaa.aaa', 10, 0, 1, '2024-04-13 18:18:57', 1, 0),
	(203, '203', 'aaa', '111-1111', 'aaa@aaa.aaa', 10, 0, 1, '2024-04-13 18:18:57', 1, 0),
	(204, '204', 'aaa', '111-1111', 'aaa@aaa.aaa', 10, 0, 1, '2024-04-13 18:18:57', 1, 0),
	(205, '205', 'aaa', '111-1111', 'aaa@aaa.aaa', 10, 0, 1, '2024-04-13 18:18:57', 1, 0),
	(206, '206', 'aaa', '111-1111', 'aaa@aaa.aaa', 10, 0, 1, '2024-04-13 18:18:57', 1, 0),
	(207, '207', 'aaa', '111-1111', 'aaa@aaa.aaa', 10, 0, 1, '2024-04-13 18:18:57', 1, 0),
	(208, '208', 'aaa', '111-1111', 'aaa@aaa.aaa', 10, 0, 1, '2024-04-13 18:18:57', 1, 0),
	(209, '209', 'aaa', '111-1111', 'aaa@aaa.aaa', 10, 0, 1, '2024-04-13 18:18:57', 1, 0),
	(210, '210', 'aaa', '111-1111', 'aaa@aaa.aaa', 10, 0, 1, '2024-04-13 18:18:57', 1, 0),
	(211, '211', 'aaa', '111-1111', 'aaa@aaa.aaa', 10, 0, 1, '2024-04-13 18:18:57', 1, 0),
	(212, '212', 'aaa', '111-1111', 'aaa@aaa.aaa', 10, 0, 1, '2024-04-13 18:18:57', 1, 0),
	(213, '213', 'aaa', '111-1111', 'aaa@aaa.aaa', 10, 0, 1, '2024-04-13 18:18:57', 1, 0),
	(214, '214', 'aaa', '111-1111', 'aaa@aaa.aaa', 10, 0, 1, '2024-04-13 18:18:57', 1, 0),
	(215, '215', 'aaa', '111-1111', 'aaa@aaa.aaa', 10, 0, 1, '2024-04-13 18:18:57', 1, 0),
	(216, '216', 'aaa', '111-1111', 'aaa@aaa.aaa', 10, 0, 1, '2024-04-13 18:18:57', 1, 0),
	(217, '217', 'aaa', '111-1111', 'aaa@aaa.aaa', 10, 0, 1, '2024-04-13 18:18:57', 1, 0),
	(218, '218', 'aaa', '111-1111', 'aaa@aaa.aaa', 10, 0, 1, '2024-04-13 18:18:57', 1, 0),
	(219, '219', 'aaa', '111-1111', 'aaa@aaa.aaa', 10, 0, 1, '2024-04-13 18:18:57', 1, 0),
	(220, '220', 'aaa', '111-1111', 'aaa@aaa.aaa', 10, 0, 1, '2024-04-13 18:18:57', 1, 0),
	(221, '221', 'aaa', '111-1111', 'aaa@aaa.aaa', 10, 0, 1, '2024-04-13 18:18:57', 1, 0),
	(222, '222', 'aaa', '111-1111', 'aaa@aaa.aaa', 10, 0, 1, '2024-04-13 18:18:57', 1, 0),
	(223, '223', 'aaa', '111-1111', 'aaa@aaa.aaa', 10, 0, 1, '2024-04-13 18:18:57', 1, 0),
	(224, '224', 'aaa', '111-1111', 'aaa@aaa.aaa', 10, 0, 1, '2024-04-13 18:18:57', 1, 0),
	(225, '225', 'aaa', '111-1111', 'aaa@aaa.aaa', 10, 0, 1, '2024-04-13 18:18:57', 1, 0),
	(226, '226', 'aaa', '111-1111', 'aaa@aaa.aaa', 10, 0, 1, '2024-04-13 18:18:57', 1, 0),
	(227, '227', 'aaa', '111-1111', 'aaa@aaa.aaa', 10, 0, 1, '2024-04-13 18:18:57', 1, 0),
	(228, '228', 'aaa', '111-1111', 'aaa@aaa.aaa', 10, 0, 1, '2024-04-13 18:18:57', 1, 0),
	(229, '229', 'aaa', '111-1111', 'aaa@aaa.aaa', 10, 0, 1, '2024-04-13 18:18:57', 1, 0),
	(230, '230', 'aaa', '111-1111', 'aaa@aaa.aaa', 10, 0, 1, '2024-04-13 18:18:57', 1, 0),
	(231, '231', 'aaa', '111-1111', 'aaa@aaa.aaa', 10, 0, 1, '2024-04-13 18:18:57', 1, 0),
	(232, '232', 'aaa', '111-1111', 'aaa@aaa.aaa', 10, 0, 1, '2024-04-13 18:18:57', 1, 0),
	(233, '233', 'aaa', '111-1111', 'aaa@aaa.aaa', 10, 0, 1, '2024-04-13 18:18:57', 1, 0),
	(234, '234', 'aaa', '111-1111', 'aaa@aaa.aaa', 10, 0, 1, '2024-04-13 18:18:57', 1, 0),
	(235, '235', 'aaa', '111-1111', 'aaa@aaa.aaa', 10, 0, 1, '2024-04-13 18:18:57', 1, 0),
	(236, '236', 'aaa', '111-1111', 'aaa@aaa.aaa', 10, 0, 1, '2024-04-13 18:18:57', 1, 0),
	(237, '237', 'aaa', '111-1111', 'aaa@aaa.aaa', 10, 0, 1, '2024-04-13 18:18:57', 1, 0),
	(238, '238', 'aaa', '111-1111', 'aaa@aaa.aaa', 10, 0, 1, '2024-04-13 18:18:57', 1, 0),
	(239, '239', 'aaa', '111-1111', 'aaa@aaa.aaa', 10, 0, 1, '2024-04-13 18:18:57', 1, 0),
	(240, '240', 'aaa', '111-1111', 'aaa@aaa.aaa', 10, 0, 1, '2024-04-13 18:18:57', 1, 0),
	(241, '241', 'aaa', '111-1111', 'aaa@aaa.aaa', 10, 0, 1, '2024-04-13 18:18:57', 1, 0),
	(242, '242', 'aaa', '111-1111', 'aaa@aaa.aaa', 10, 0, 1, '2024-04-13 18:18:57', 1, 0),
	(243, '243', 'aaa', '111-1111', 'aaa@aaa.aaa', 10, 0, 1, '2024-04-13 18:18:57', 1, 0),
	(244, '244', 'aaa', '111-1111', 'aaa@aaa.aaa', 10, 0, 1, '2024-04-13 18:18:57', 1, 0),
	(245, '245', 'aaa', '111-1111', 'aaa@aaa.aaa', 10, 0, 1, '2024-04-13 18:18:57', 1, 0),
	(246, '246', 'aaa', '111-1111', 'aaa@aaa.aaa', 10, 0, 1, '2024-04-13 18:18:57', 1, 0),
	(247, '247', 'aaa', '111-1111', 'aaa@aaa.aaa', 10, 0, 1, '2024-04-13 18:18:57', 1, 0),
	(248, '248', 'aaa', '111-1111', 'aaa@aaa.aaa', 10, 0, 1, '2024-04-13 18:18:57', 1, 0),
	(249, '249', 'aaa', '111-1111', 'aaa@aaa.aaa', 10, 0, 1, '2024-04-13 18:18:57', 1, 0),
	(250, '250', 'aaa', '111-1111', 'aaa@aaa.aaa', 10, 0, 1, '2024-04-13 18:18:57', 1, 0),
	(251, '251', 'aaa', '111-1111', 'aaa@aaa.aaa', 10, 0, 1, '2024-04-13 18:18:57', 1, 0),
	(252, '252', 'aaa', '111-1111', 'aaa@aaa.aaa', 10, 0, 1, '2024-04-13 18:18:57', 1, 0),
	(253, '253', 'aaa', '111-1111', 'aaa@aaa.aaa', 10, 0, 1, '2024-04-13 18:18:57', 1, 0),
	(254, '254', 'aaa', '111-1111', 'aaa@aaa.aaa', 10, 0, 1, '2024-04-13 18:18:57', 1, 0),
	(255, '255', 'aaa', '111-1111', 'aaa@aaa.aaa', 10, 0, 1, '2024-04-13 18:18:57', 1, 0),
	(256, '256', 'aaa', '111-1111', 'aaa@aaa.aaa', 10, 0, 1, '2024-04-13 18:18:57', 1, 0),
	(257, '257', 'aaa', '111-1111', 'aaa@aaa.aaa', 10, 0, 1, '2024-04-13 18:18:57', 1, 0),
	(258, '258', 'aaa', '111-1111', 'aaa@aaa.aaa', 10, 0, 1, '2024-04-13 18:18:57', 1, 0),
	(259, '259', 'aaa', '111-1111', 'aaa@aaa.aaa', 10, 0, 1, '2024-04-13 18:18:57', 1, 0),
	(260, '260', 'aaa', '111-1111', 'aaa@aaa.aaa', 10, 0, 1, '2024-04-13 18:18:57', 1, 0),
	(261, '261', 'aaa', '111-1111', 'aaa@aaa.aaa', 10, 0, 1, '2024-04-13 18:18:57', 1, 0),
	(262, '262', 'aaa', '111-1111', 'aaa@aaa.aaa', 10, 0, 1, '2024-04-13 18:18:57', 1, 0),
	(263, '263', 'aaa', '111-1111', 'aaa@aaa.aaa', 10, 0, 1, '2024-04-13 18:18:57', 1, 0),
	(264, '264', 'aaa', '111-1111', 'aaa@aaa.aaa', 10, 0, 1, '2024-04-13 18:18:57', 1, 0),
	(265, '265', 'aaa', '111-1111', 'aaa@aaa.aaa', 10, 0, 1, '2024-04-13 18:18:57', 1, 0),
	(266, '266', 'aaa', '111-1111', 'aaa@aaa.aaa', 10, 0, 1, '2024-04-13 18:18:57', 1, 0),
	(267, '267', 'aaa', '111-1111', 'aaa@aaa.aaa', 10, 0, 1, '2024-04-13 18:18:57', 1, 0),
	(268, '268', 'aaa', '111-1111', 'aaa@aaa.aaa', 10, 0, 1, '2024-04-13 18:18:57', 1, 0),
	(269, '269', 'aaa', '111-1111', 'aaa@aaa.aaa', 10, 0, 1, '2024-04-13 18:18:57', 1, 0),
	(270, '270', 'aaa', '111-1111', 'aaa@aaa.aaa', 10, 0, 1, '2024-04-13 18:18:57', 1, 0),
	(271, '271', 'aaa', '111-1111', 'aaa@aaa.aaa', 10, 0, 1, '2024-04-13 18:18:57', 1, 0),
	(272, '272', 'aaa', '111-1111', 'aaa@aaa.aaa', 10, 0, 1, '2024-04-13 18:18:57', 1, 0),
	(273, '273', 'aaa', '111-1111', 'aaa@aaa.aaa', 10, 0, 1, '2024-04-13 18:18:57', 1, 0),
	(274, '274', 'aaa', '111-1111', 'aaa@aaa.aaa', 10, 0, 1, '2024-04-13 18:18:57', 1, 0),
	(275, '275', 'aaa', '111-1111', 'aaa@aaa.aaa', 10, 0, 1, '2024-04-13 18:18:57', 1, 0),
	(276, '276', 'aaa', '111-1111', 'aaa@aaa.aaa', 10, 0, 1, '2024-04-13 18:18:57', 1, 0),
	(277, '277', 'aaa', '111-1111', 'aaa@aaa.aaa', 10, 0, 1, '2024-04-13 18:18:57', 1, 0),
	(278, '278', 'aaa', '111-1111', 'aaa@aaa.aaa', 10, 0, 1, '2024-04-13 18:18:57', 1, 0),
	(279, '279', 'aaa', '111-1111', 'aaa@aaa.aaa', 10, 0, 1, '2024-04-13 18:18:57', 1, 0),
	(280, '280', 'aaa', '111-1111', 'aaa@aaa.aaa', 10, 0, 1, '2024-04-13 18:18:57', 1, 0),
	(281, '281', 'aaa', '111-1111', 'aaa@aaa.aaa', 10, 0, 1, '2024-04-13 18:18:57', 1, 0),
	(282, '282', 'aaa', '111-1111', 'aaa@aaa.aaa', 10, 0, 1, '2024-04-13 18:18:57', 1, 0),
	(283, '283', 'aaa', '111-1111', 'aaa@aaa.aaa', 10, 0, 1, '2024-04-13 18:18:57', 1, 0),
	(284, '284', 'aaa', '111-1111', 'aaa@aaa.aaa', 10, 0, 1, '2024-04-13 18:18:57', 1, 0),
	(285, '285', 'aaa', '111-1111', 'aaa@aaa.aaa', 10, 0, 1, '2024-04-13 18:18:57', 1, 0),
	(286, '286', 'aaa', '111-1111', 'aaa@aaa.aaa', 10, 0, 1, '2024-04-13 18:18:57', 1, 0),
	(287, '287', 'aaa', '111-1111', 'aaa@aaa.aaa', 10, 0, 1, '2024-04-13 18:18:57', 1, 0),
	(288, '288', 'aaa', '111-1111', 'aaa@aaa.aaa', 10, 0, 1, '2024-04-13 18:18:57', 1, 0),
	(289, '289', 'aaa', '111-1111', 'aaa@aaa.aaa', 10, 0, 1, '2024-04-13 18:18:57', 1, 0),
	(290, '290', 'aaa', '111-1111', 'aaa@aaa.aaa', 10, 0, 1, '2024-04-13 18:18:57', 1, 0),
	(291, '291', 'aaa', '111-1111', 'aaa@aaa.aaa', 10, 0, 1, '2024-04-13 18:18:57', 1, 0),
	(292, '292', 'aaa', '111-1111', 'aaa@aaa.aaa', 10, 0, 1, '2024-04-13 18:18:57', 1, 0),
	(293, '293', 'aaa', '111-1111', 'aaa@aaa.aaa', 10, 0, 1, '2024-04-13 18:18:57', 1, 0),
	(294, '294', 'aaa', '111-1111', 'aaa@aaa.aaa', 10, 0, 1, '2024-04-13 18:18:57', 1, 0),
	(295, '295', 'aaa', '111-1111', 'aaa@aaa.aaa', 10, 0, 1, '2024-04-13 18:18:57', 1, 0),
	(296, '296', 'aaa', '111-1111', 'aaa@aaa.aaa', 10, 0, 1, '2024-04-13 18:18:57', 1, 0),
	(297, '297', 'aaa', '111-1111', 'aaa@aaa.aaa', 10, 0, 1, '2024-04-13 18:18:57', 1, 0),
	(298, '298', 'aaa', '111-1111', 'aaa@aaa.aaa', 10, 0, 1, '2024-04-13 18:18:57', 1, 0),
	(299, '299', 'aaa', '111-1111', 'aaa@aaa.aaa', 10, 0, 1, '2024-04-13 18:18:57', 1, 0),
	(300, '300', 'aaa', '111-1111', 'aaa@aaa.aaa', 10, 0, 1, '2024-04-13 18:18:57', 1, 0),
	(301, '301', 'aaa', '111-1111', 'aaa@aaa.aaa', 10, 0, 1, '2024-04-13 18:18:57', 1, 0),
	(302, '302', 'aaa', '111-1111', 'aaa@aaa.aaa', 10, 0, 1, '2024-04-13 18:18:57', 1, 0),
	(303, '303', 'aaa', '111-1111', 'aaa@aaa.aaa', 10, 0, 1, '2024-04-13 18:18:57', 1, 0),
	(304, '304', 'aaa', '111-1111', 'aaa@aaa.aaa', 10, 0, 1, '2024-04-13 18:18:57', 1, 0),
	(305, '305', 'aaa', '111-1111', 'aaa@aaa.aaa', 10, 0, 1, '2024-04-13 18:18:57', 1, 0),
	(306, '306', 'aaa', '111-1111', 'aaa@aaa.aaa', 10, 0, 1, '2024-04-13 18:18:57', 1, 0),
	(307, '307', 'aaa', '111-1111', 'aaa@aaa.aaa', 10, 0, 1, '2024-04-13 18:18:57', 1, 0),
	(308, '308', 'aaa', '111-1111', 'aaa@aaa.aaa', 10, 0, 1, '2024-04-13 18:18:57', 1, 0),
	(309, '309', 'aaa', '111-1111', 'aaa@aaa.aaa', 10, 0, 1, '2024-04-13 18:18:57', 1, 0),
	(310, '310', 'aaa', '111-1111', 'aaa@aaa.aaa', 10, 0, 1, '2024-04-13 18:18:57', 1, 0),
	(311, '311', 'aaa', '111-1111', 'aaa@aaa.aaa', 10, 0, 1, '2024-04-13 18:18:57', 1, 0),
	(312, '312', 'aaa', '111-1111', 'aaa@aaa.aaa', 10, 0, 1, '2024-04-13 18:18:57', 1, 0),
	(313, '313', 'aaa', '111-1111', 'aaa@aaa.aaa', 10, 0, 1, '2024-04-13 18:18:57', 1, 0),
	(314, '314', 'aaa', '111-1111', 'aaa@aaa.aaa', 10, 0, 1, '2024-04-13 18:18:57', 1, 0),
	(315, '315', 'aaa', '111-1111', 'aaa@aaa.aaa', 10, 0, 1, '2024-04-13 18:18:57', 1, 0),
	(316, '316', 'aaa', '111-1111', 'aaa@aaa.aaa', 10, 0, 1, '2024-04-13 18:18:57', 1, 0),
	(317, '317', 'aaa', '111-1111', 'aaa@aaa.aaa', 10, 0, 1, '2024-04-13 18:18:57', 1, 0),
	(318, '318', 'aaa', '111-1111', 'aaa@aaa.aaa', 10, 0, 1, '2024-04-13 18:18:57', 1, 0),
	(319, '319', 'aaa', '111-1111', 'aaa@aaa.aaa', 10, 0, 1, '2024-04-13 18:18:57', 1, 0),
	(320, '320', 'aaa', '111-1111', 'aaa@aaa.aaa', 10, 0, 1, '2024-04-13 18:18:57', 1, 0),
	(321, '321', 'aaa', '111-1111', 'aaa@aaa.aaa', 10, 0, 1, '2024-04-13 18:18:57', 1, 0),
	(322, '322', 'aaa', '111-1111', 'aaa@aaa.aaa', 10, 0, 1, '2024-04-13 18:18:57', 1, 0),
	(323, '323', 'aaa', '111-1111', 'aaa@aaa.aaa', 10, 0, 1, '2024-04-13 18:18:57', 1, 0),
	(324, '324', 'aaa', '111-1111', 'aaa@aaa.aaa', 10, 0, 1, '2024-04-13 18:18:57', 1, 0),
	(325, '325', 'aaa', '111-1111', 'aaa@aaa.aaa', 10, 0, 1, '2024-04-13 18:18:57', 1, 0),
	(326, '326', 'aaa', '111-1111', 'aaa@aaa.aaa', 10, 0, 1, '2024-04-13 18:18:57', 1, 0),
	(327, '327', 'aaa', '111-1111', 'aaa@aaa.aaa', 10, 0, 1, '2024-04-13 18:18:57', 1, 0),
	(328, '328', 'aaa', '111-1111', 'aaa@aaa.aaa', 10, 0, 1, '2024-04-13 18:18:57', 1, 0),
	(329, '329', 'aaa', '111-1111', 'aaa@aaa.aaa', 10, 0, 1, '2024-04-13 18:18:57', 1, 0),
	(330, '330', 'aaa', '111-1111', 'aaa@aaa.aaa', 10, 0, 1, '2024-04-13 18:18:57', 1, 0),
	(331, '331', 'aaa', '111-1111', 'aaa@aaa.aaa', 10, 0, 1, '2024-04-13 18:18:57', 1, 0),
	(332, '332', 'aaa', '111-1111', 'aaa@aaa.aaa', 10, 0, 1, '2024-04-13 18:18:57', 1, 0),
	(333, '333', 'aaa', '111-1111', 'aaa@aaa.aaa', 10, 0, 1, '2024-04-13 18:18:57', 1, 0),
	(334, '334', 'aaa', '111-1111', 'aaa@aaa.aaa', 10, 0, 1, '2024-04-13 18:18:57', 1, 0),
	(335, '335', 'aaa', '111-1111', 'aaa@aaa.aaa', 10, 0, 1, '2024-04-13 18:18:57', 1, 0),
	(336, '336', 'aaa', '111-1111', 'aaa@aaa.aaa', 10, 0, 1, '2024-04-13 18:18:57', 1, 0),
	(337, '337', 'aaa', '111-1111', 'aaa@aaa.aaa', 10, 0, 1, '2024-04-13 18:18:58', 1, 0),
	(338, '338', 'aaa', '111-1111', 'aaa@aaa.aaa', 10, 0, 1, '2024-04-13 18:18:58', 1, 0),
	(339, '339', 'aaa', '111-1111', 'aaa@aaa.aaa', 10, 0, 1, '2024-04-13 18:18:58', 1, 0),
	(340, '340', 'aaa', '111-1111', 'aaa@aaa.aaa', 10, 0, 1, '2024-04-13 18:18:58', 1, 1),
	(341, '341', 'aaa', '111-1111', 'aaa@aaa.aaa', 10, 0, 1, '2024-04-13 18:18:58', 1, 0),
	(342, '342', 'aaa', '111-1111', 'aaa@aaa.aaa', 10, 0, 1, '2024-04-13 18:18:58', 1, 0),
	(343, '343', 'aaa', '111-1111', 'aaa@aaa.aaa', 10, 0, 1, '2024-04-13 18:18:58', 1, 0),
	(344, '344', 'aaa', '111-1111', 'aaa@aaa.aaa', 10, 0, 1, '2024-04-13 18:18:58', 1, 0),
	(345, '345', 'aaa', '111-1111', 'aaa@aaa.aaa', 10, 0, 1, '2024-04-13 18:18:58', 1, 0),
	(346, '346', 'aaa', '111-1111', 'aaa@aaa.aaa', 10, 0, 1, '2024-04-13 18:18:58', 1, 1),
	(347, '347', 'aaa', '111-1111', 'aaa@aaa.aaa', 10, 0, 1, '2024-04-13 18:18:58', 1, 0),
	(348, '348', 'aaa', '111-1111', 'aaa@aaa.aaa', 10, 0, 1, '2024-04-13 18:18:58', 1, 0),
	(349, '349', 'aaa', '111-1111', 'aaa@aaa.aaa', 10, 0, 1, '2024-04-13 18:18:58', 1, 0),
	(350, '350', 'aaa', '111-1111', 'aaa@aaa.aaa', 10, 0, 1, '2024-04-13 18:18:58', 1, 0),
	(351, '351', 'aaa', '111-1111', 'aaa@aaa.aaa', 10, 0, 1, '2024-04-13 18:18:58', 1, 0),
	(352, '352', 'aaa', '111-1111', 'aaa@aaa.aaa', 10, 0, 1, '2024-04-13 18:18:58', 1, 0),
	(353, '353', 'aaa', '111-1111', 'aaa@aaa.aaa', 10, 0, 1, '2024-04-13 18:18:58', 1, 0),
	(354, '354', 'aaa', '111-1111', 'aaa@aaa.aaa', 10, 0, 1, '2024-04-13 18:18:58', 1, 0),
	(355, '355', 'aaa', '111-1111', 'aaa@aaa.aaa', 10, 0, 1, '2024-04-13 18:18:58', 1, 0),
	(356, '356', 'aaa', '111-1111', 'aaa@aaa.aaa', 10, 0, 1, '2024-04-13 18:18:58', 1, 0),
	(357, '357', 'aaa', '111-1111', 'aaa@aaa.aaa', 10, 0, 1, '2024-04-13 18:18:58', 1, 0),
	(358, '358', 'aaa', '111-1111', 'aaa@aaa.aaa', 10, 0, 1, '2024-04-13 18:18:58', 1, 0),
	(359, '359', 'aaa', '111-1111', 'aaa@aaa.aaa', 10, 0, 1, '2024-04-13 18:18:58', 1, 0),
	(360, '360', 'aaa', '111-1111', 'aaa@aaa.aaa', 10, 0, 1, '2024-04-13 18:18:58', 1, 0),
	(361, '361', 'aaa', '111-1111', 'aaa@aaa.aaa', 10, 0, 1, '2024-04-13 18:18:58', 1, 0),
	(362, '362', 'aaa', '111-1111', 'aaa@aaa.aaa', 10, 0, 1, '2024-04-13 18:18:58', 1, 0),
	(363, '363', 'aaa', '111-1111', 'aaa@aaa.aaa', 10, 0, 1, '2024-04-13 18:18:58', 1, 0),
	(364, '364', 'aaa', '111-1111', 'aaa@aaa.aaa', 10, 0, 1, '2024-04-13 18:18:58', 1, 0),
	(365, '365', 'aaa', '111-1111', 'aaa@aaa.aaa', 10, 0, 1, '2024-04-13 18:18:58', 1, 0),
	(366, '366', 'aaa', '111-1111', 'aaa@aaa.aaa', 10, 0, 1, '2024-04-13 18:18:58', 1, 0),
	(367, '367', 'aaa', '111-1111', 'aaa@aaa.aaa', 10, 0, 1, '2024-04-13 18:18:58', 1, 0),
	(368, '368', 'aaa', '111-1111', 'aaa@aaa.aaa', 10, 0, 1, '2024-04-13 18:18:58', 1, 0),
	(369, '369', 'aaa', '111-1111', 'aaa@aaa.aaa', 10, 0, 1, '2024-04-13 18:18:58', 1, 0),
	(370, '370', 'aaa', '111-1111', 'aaa@aaa.aaa', 10, 0, 1, '2024-04-13 18:18:58', 1, 0),
	(371, '371', 'aaa', '111-1111', 'aaa@aaa.aaa', 10, 0, 1, '2024-04-13 18:18:58', 1, 0),
	(372, '372', 'aaa', '111-1111', 'aaa@aaa.aaa', 10, 0, 1, '2024-04-13 18:18:58', 1, 0),
	(373, '373', 'aaa', '111-1111', 'aaa@aaa.aaa', 10, 0, 1, '2024-04-13 18:18:58', 1, 0),
	(374, '374', 'aaa', '111-1111', 'aaa@aaa.aaa', 10, 0, 1, '2024-04-13 18:18:58', 1, 0),
	(375, '375', 'aaa', '111-1111', 'aaa@aaa.aaa', 10, 0, 1, '2024-04-13 18:18:58', 1, 0),
	(376, '376', 'aaa', '111-1111', 'aaa@aaa.aaa', 10, 0, 1, '2024-04-13 18:18:58', 1, 0),
	(377, '377', 'aaa', '111-1111', 'aaa@aaa.aaa', 10, 0, 1, '2024-04-13 18:18:58', 1, 0),
	(378, '378', 'aaa', '111-1111', 'aaa@aaa.aaa', 10, 0, 1, '2024-04-13 18:18:58', 1, 0),
	(379, '379', 'aaa', '111-1111', 'aaa@aaa.aaa', 10, 0, 1, '2024-04-13 18:18:58', 1, 0),
	(380, '380', 'aaa', '111-1111', 'aaa@aaa.aaa', 10, 0, 1, '2024-04-13 18:18:58', 1, 0),
	(381, '381', 'aaa', '111-1111', 'aaa@aaa.aaa', 10, 0, 1, '2024-04-13 18:18:58', 1, 0),
	(382, '382', 'aaa', '111-1111', 'aaa@aaa.aaa', 10, 0, 1, '2024-04-13 18:18:58', 1, 0),
	(383, '383', 'aaa', '111-1111', 'aaa@aaa.aaa', 10, 0, 1, '2024-04-13 18:18:58', 1, 0),
	(384, '384', 'aaa', '111-1111', 'aaa@aaa.aaa', 10, 0, 1, '2024-04-13 18:18:58', 1, 0),
	(385, '385', 'aaa', '111-1111', 'aaa@aaa.aaa', 10, 0, 1, '2024-04-13 18:18:58', 1, 0),
	(386, '386', 'aaa', '111-1111', 'aaa@aaa.aaa', 10, 0, 1, '2024-04-13 18:18:58', 1, 0),
	(387, '387', 'aaa', '111-1111', 'aaa@aaa.aaa', 10, 0, 1, '2024-04-13 18:18:58', 1, 0),
	(388, '388', 'aaa', '111-1111', 'aaa@aaa.aaa', 10, 0, 1, '2024-04-13 18:18:58', 1, 0),
	(389, '389', 'aaa', '111-1111', 'aaa@aaa.aaa', 10, 0, 1, '2024-04-13 18:18:58', 1, 0),
	(390, '390', 'aaa', '111-1111', 'aaa@aaa.aaa', 10, 0, 1, '2024-04-13 18:18:58', 1, 0),
	(391, '391', 'aaa', '111-1111', 'aaa@aaa.aaa', 10, 0, 1, '2024-04-13 18:18:58', 1, 0),
	(392, '392', 'aaa', '111-1111', 'aaa@aaa.aaa', 10, 0, 1, '2024-04-13 18:18:58', 1, 0),
	(393, '393', 'aaa', '111-1111', 'aaa@aaa.aaa', 10, 0, 1, '2024-04-13 18:18:58', 1, 0),
	(394, '394', 'aaa', '111-1111', 'aaa@aaa.aaa', 10, 0, 1, '2024-04-13 18:18:58', 1, 0),
	(395, '395', 'aaa', '111-1111', 'aaa@aaa.aaa', 10, 0, 1, '2024-04-13 18:18:58', 1, 0),
	(396, '396', 'aaa', '111-1111', 'aaa@aaa.aaa', 10, 0, 1, '2024-04-13 18:18:58', 1, 0),
	(397, '397', 'aaa', '111-1111', 'aaa@aaa.aaa', 10, 0, 1, '2024-04-13 18:18:58', 1, 0),
	(398, '398', 'aaa', '111-1111', 'aaa@aaa.aaa', 10, 0, 1, '2024-04-13 18:18:58', 1, 0),
	(399, '399', 'aaa', '111-1111', 'aaa@aaa.aaa', 10, 0, 1, '2024-04-13 18:18:58', 1, 0),
	(400, '400', 'aaa', '111-1111', 'aaa@aaa.aaa', 10, 0, 1, '2024-04-13 18:18:58', 1, 0),
	(401, '401', 'aaa', '111-1111', 'aaa@aaa.aaa', 10, 0, 1, '2024-04-13 18:18:58', 1, 0),
	(402, '402', 'aaa', '111-1111', 'aaa@aaa.aaa', 10, 0, 1, '2024-04-13 18:18:58', 1, 0),
	(403, '403', 'aaa', '111-1111', 'aaa@aaa.aaa', 10, 0, 1, '2024-04-13 18:18:58', 1, 0),
	(404, '404', 'aaa', '111-1111', 'aaa@aaa.aaa', 10, 0, 1, '2024-04-13 18:18:58', 1, 0),
	(405, '405', 'aaa', '111-1111', 'aaa@aaa.aaa', 10, 0, 1, '2024-04-13 18:18:58', 1, 0),
	(406, '406', 'aaa', '111-1111', 'aaa@aaa.aaa', 10, 0, 1, '2024-04-13 18:18:58', 1, 0),
	(407, '407', 'aaa', '111-1111', 'aaa@aaa.aaa', 10, 0, 1, '2024-04-13 18:18:58', 1, 0),
	(408, '408', 'aaa', '111-1111', 'aaa@aaa.aaa', 10, 0, 1, '2024-04-13 18:18:58', 1, 0),
	(409, '409', 'aaa', '111-1111', 'aaa@aaa.aaa', 10, 0, 1, '2024-04-13 18:18:58', 1, 0),
	(410, '410', 'aaa', '111-1111', 'aaa@aaa.aaa', 10, 0, 1, '2024-04-13 18:18:58', 1, 0),
	(411, '411', 'aaa', '111-1111', 'aaa@aaa.aaa', 10, 0, 1, '2024-04-13 18:18:58', 1, 0),
	(412, '412', 'aaa', '111-1111', 'aaa@aaa.aaa', 10, 0, 1, '2024-04-13 18:18:58', 1, 0),
	(413, '413', 'aaa', '111-1111', 'aaa@aaa.aaa', 10, 0, 1, '2024-04-13 18:18:58', 1, 0),
	(414, '414', 'aaa', '111-1111', 'aaa@aaa.aaa', 10, 0, 1, '2024-04-13 18:18:58', 1, 0),
	(415, '415', 'aaa', '111-1111', 'aaa@aaa.aaa', 10, 0, 1, '2024-04-13 18:18:58', 1, 0),
	(416, '416', 'aaa', '111-1111', 'aaa@aaa.aaa', 10, 0, 1, '2024-04-13 18:18:58', 1, 0),
	(417, '417', 'aaa', '111-1111', 'aaa@aaa.aaa', 10, 0, 1, '2024-04-13 18:18:58', 1, 0),
	(418, '418', 'aaa', '111-1111', 'aaa@aaa.aaa', 10, 0, 1, '2024-04-13 18:18:58', 1, 0),
	(419, '419', 'aaa', '111-1111', 'aaa@aaa.aaa', 10, 0, 1, '2024-04-13 18:18:58', 1, 0),
	(420, '420', 'aaa', '111-1111', 'aaa@aaa.aaa', 10, 0, 1, '2024-04-13 18:18:58', 1, 0),
	(421, '421', 'aaa', '111-1111', 'aaa@aaa.aaa', 10, 0, 1, '2024-04-13 18:18:58', 1, 0),
	(422, '422', 'aaa', '111-1111', 'aaa@aaa.aaa', 10, 0, 1, '2024-04-13 18:18:58', 1, 0),
	(423, '423', 'aaa', '111-1111', 'aaa@aaa.aaa', 10, 0, 1, '2024-04-13 18:18:58', 1, 0),
	(424, '424', 'aaa', '111-1111', 'aaa@aaa.aaa', 10, 0, 1, '2024-04-13 18:18:58', 1, 0),
	(425, '425', 'aaa', '111-1111', 'aaa@aaa.aaa', 10, 0, 1, '2024-04-13 18:18:58', 1, 0),
	(426, '426', 'aaa', '111-1111', 'aaa@aaa.aaa', 10, 0, 1, '2024-04-13 18:18:58', 1, 0),
	(427, '427', 'aaa', '111-1111', 'aaa@aaa.aaa', 10, 0, 1, '2024-04-13 18:18:58', 1, 0),
	(428, '428', 'aaa', '111-1111', 'aaa@aaa.aaa', 10, 0, 1, '2024-04-13 18:18:58', 1, 0),
	(429, '429', 'aaa', '111-1111', 'aaa@aaa.aaa', 10, 0, 1, '2024-04-13 18:18:58', 1, 0),
	(430, '430', 'aaa', '111-1111', 'aaa@aaa.aaa', 10, 0, 1, '2024-04-13 18:18:58', 1, 0),
	(431, '431', 'aaa', '111-1111', 'aaa@aaa.aaa', 10, 0, 1, '2024-04-13 18:18:58', 1, 0),
	(432, '432', 'aaa', '111-1111', 'aaa@aaa.aaa', 10, 0, 1, '2024-04-13 18:18:58', 1, 0),
	(433, '433', 'aaa', '111-1111', 'aaa@aaa.aaa', 10, 0, 1, '2024-04-13 18:18:58', 1, 0),
	(434, '434', 'aaa', '111-1111', 'aaa@aaa.aaa', 10, 0, 1, '2024-04-13 18:18:58', 1, 0),
	(435, '435', 'aaa', '111-1111', 'aaa@aaa.aaa', 10, 0, 1, '2024-04-13 18:18:58', 1, 0),
	(436, '436', 'aaa', '111-1111', 'aaa@aaa.aaa', 10, 0, 1, '2024-04-13 18:18:58', 1, 0),
	(437, '437', 'aaa', '111-1111', 'aaa@aaa.aaa', 10, 0, 1, '2024-04-13 18:18:58', 1, 0),
	(438, '438', 'aaa', '111-1111', 'aaa@aaa.aaa', 10, 0, 1, '2024-04-13 18:18:58', 1, 1),
	(439, '439', 'aaa', '111-1111', 'aaa@aaa.aaa', 10, 0, 1, '2024-04-13 18:18:58', 1, 0),
	(440, '440', 'aaa', '111-1111', 'aaa@aaa.aaa', 10, 0, 1, '2024-04-13 18:18:58', 1, 0),
	(441, '441', 'aaa', '111-1111', 'aaa@aaa.aaa', 10, 0, 1, '2024-04-13 18:18:58', 1, 0),
	(442, '442', 'aaa', '111-1111', 'aaa@aaa.aaa', 10, 0, 1, '2024-04-13 18:18:58', 1, 0),
	(443, '443', 'aaa', '111-1111', 'aaa@aaa.aaa', 10, 0, 1, '2024-04-13 18:18:58', 1, 0),
	(444, '444', 'aaa', '111-1111', 'aaa@aaa.aaa', 10, 0, 1, '2024-04-13 18:18:58', 1, 0),
	(445, '445', 'aaa', '111-1111', 'aaa@aaa.aaa', 10, 0, 1, '2024-04-13 18:18:58', 1, 0),
	(446, '446', 'aaa', '111-1111', 'aaa@aaa.aaa', 10, 0, 1, '2024-04-13 18:18:58', 1, 0),
	(447, '447', 'aaa', '111-1111', 'aaa@aaa.aaa', 10, 0, 1, '2024-04-13 18:18:58', 1, 0),
	(448, '448', 'aaa', '111-1111', 'aaa@aaa.aaa', 10, 0, 1, '2024-04-13 18:18:58', 1, 0),
	(449, '449', 'aaa', '111-1111', 'aaa@aaa.aaa', 10, 0, 1, '2024-04-13 18:18:58', 1, 0),
	(450, '450', 'aaa', '111-1111', 'aaa@aaa.aaa', 10, 0, 1, '2024-04-13 18:18:58', 1, 0),
	(451, '451', 'aaa', '111-1111', 'aaa@aaa.aaa', 10, 0, 1, '2024-04-13 18:18:58', 1, 0),
	(452, '452', 'aaa', '111-1111', 'aaa@aaa.aaa', 10, 0, 1, '2024-04-13 18:18:58', 1, 0),
	(453, '453', 'aaa', '111-1111', 'aaa@aaa.aaa', 10, 0, 1, '2024-04-13 18:18:58', 1, 0),
	(454, '454', 'aaa', '111-1111', 'aaa@aaa.aaa', 10, 0, 1, '2024-04-13 18:18:58', 1, 0),
	(455, '455', 'aaa', '111-1111', 'aaa@aaa.aaa', 10, 0, 1, '2024-04-13 18:18:58', 1, 0),
	(456, '456', 'aaa', '111-1111', 'aaa@aaa.aaa', 10, 0, 1, '2024-04-13 18:18:58', 1, 0),
	(457, '457', 'aaa', '111-1111', 'aaa@aaa.aaa', 10, 0, 1, '2024-04-13 18:18:58', 1, 0),
	(458, '458', 'aaa', '111-1111', 'aaa@aaa.aaa', 10, 0, 1, '2024-04-13 18:18:58', 1, 0),
	(459, '459', 'aaa', '111-1111', 'aaa@aaa.aaa', 10, 0, 1, '2024-04-13 18:18:58', 1, 0),
	(460, '460', 'aaa', '111-1111', 'aaa@aaa.aaa', 10, 0, 1, '2024-04-13 18:18:58', 1, 0),
	(461, '461', 'aaa', '111-1111', 'aaa@aaa.aaa', 10, 0, 1, '2024-04-13 18:18:58', 1, 0),
	(462, '462', 'aaa', '111-1111', 'aaa@aaa.aaa', 10, 0, 1, '2024-04-13 18:18:58', 1, 0),
	(463, '463', 'aaa', '111-1111', 'aaa@aaa.aaa', 10, 0, 1, '2024-04-13 18:18:58', 1, 0),
	(464, '464', 'aaa', '111-1111', 'aaa@aaa.aaa', 10, 0, 1, '2024-04-13 18:18:58', 1, 0),
	(465, '465', 'aaa', '111-1111', 'aaa@aaa.aaa', 10, 0, 1, '2024-04-13 18:18:58', 1, 0),
	(466, '466', 'aaa', '111-1111', 'aaa@aaa.aaa', 10, 0, 1, '2024-04-13 18:18:58', 1, 0),
	(467, '467', 'aaa', '111-1111', 'aaa@aaa.aaa', 10, 0, 1, '2024-04-13 18:18:58', 1, 0),
	(468, '468', 'aaa', '111-1111', 'aaa@aaa.aaa', 10, 0, 1, '2024-04-13 18:18:58', 1, 0),
	(469, '469', 'aaa', '111-1111', 'aaa@aaa.aaa', 10, 0, 1, '2024-04-13 18:18:58', 1, 0),
	(470, '470', 'aaa', '111-1111', 'aaa@aaa.aaa', 10, 0, 1, '2024-04-13 18:18:58', 1, 0),
	(471, '471', 'aaa', '111-1111', 'aaa@aaa.aaa', 10, 0, 1, '2024-04-13 18:18:58', 1, 0),
	(472, '472', 'aaa', '111-1111', 'aaa@aaa.aaa', 10, 0, 1, '2024-04-13 18:18:58', 1, 0),
	(473, '473', 'aaa', '111-1111', 'aaa@aaa.aaa', 10, 0, 1, '2024-04-13 18:18:58', 1, 0),
	(474, '474', 'aaa', '111-1111', 'aaa@aaa.aaa', 10, 0, 1, '2024-04-13 18:18:58', 1, 0),
	(475, '475', 'aaa', '111-1111', 'aaa@aaa.aaa', 10, 0, 1, '2024-04-13 18:18:58', 1, 0),
	(476, '476', 'aaa', '111-1111', 'aaa@aaa.aaa', 10, 0, 1, '2024-04-13 18:18:58', 1, 0),
	(477, '477', 'aaa', '111-1111', 'aaa@aaa.aaa', 10, 0, 1, '2024-04-13 18:18:58', 1, 0),
	(478, '478', 'aaa', '111-1111', 'aaa@aaa.aaa', 10, 0, 1, '2024-04-13 18:18:58', 1, 0),
	(479, '479', 'aaa', '111-1111', 'aaa@aaa.aaa', 10, 0, 1, '2024-04-13 18:18:58', 1, 0),
	(480, '480', 'aaa', '111-1111', 'aaa@aaa.aaa', 10, 0, 1, '2024-04-13 18:18:58', 1, 0),
	(481, '481', 'aaa', '111-1111', 'aaa@aaa.aaa', 10, 0, 1, '2024-04-13 18:18:58', 1, 0),
	(482, '482', 'aaa', '111-1111', 'aaa@aaa.aaa', 10, 0, 1, '2024-04-13 18:18:58', 1, 0),
	(483, '483', 'aaa', '111-1111', 'aaa@aaa.aaa', 10, 0, 1, '2024-04-13 18:18:58', 1, 0),
	(484, '484', 'aaa', '111-1111', 'aaa@aaa.aaa', 10, 0, 1, '2024-04-13 18:18:58', 1, 0),
	(485, '485', 'aaa', '111-1111', 'aaa@aaa.aaa', 10, 0, 1, '2024-04-13 18:18:58', 1, 0),
	(486, '486', 'aaa', '111-1111', 'aaa@aaa.aaa', 10, 0, 1, '2024-04-13 18:18:58', 1, 0),
	(487, '487', 'aaa', '111-1111', 'aaa@aaa.aaa', 10, 0, 1, '2024-04-13 18:18:58', 1, 0),
	(488, '488', 'aaa', '111-1111', 'aaa@aaa.aaa', 10, 0, 1, '2024-04-13 18:18:58', 1, 0),
	(489, '489', 'aaa', '111-1111', 'aaa@aaa.aaa', 10, 0, 1, '2024-04-13 18:18:58', 1, 0),
	(490, '490', 'aaa', '111-1111', 'aaa@aaa.aaa', 10, 0, 1, '2024-04-13 18:18:58', 1, 0),
	(491, '491', 'aaa', '111-1111', 'aaa@aaa.aaa', 10, 0, 1, '2024-04-13 18:18:58', 1, 0),
	(492, '492', 'aaa', '111-1111', 'aaa@aaa.aaa', 10, 0, 1, '2024-04-13 18:18:58', 1, 0),
	(493, '493', 'aaa', '111-1111', 'aaa@aaa.aaa', 10, 0, 1, '2024-04-13 18:18:58', 1, 0),
	(494, '494', 'aaa', '111-1111', 'aaa@aaa.aaa', 10, 0, 1, '2024-04-13 18:18:58', 1, 0),
	(495, '495', 'aaa', '111-1111', 'aaa@aaa.aaa', 10, 0, 1, '2024-04-13 18:18:58', 1, 0),
	(496, '496', 'aaa', '111-1111', 'aaa@aaa.aaa', 10, 0, 1, '2024-04-13 18:18:58', 1, 0),
	(497, '497', 'aaa', '111-1111', 'aaa@aaa.aaa', 10, 0, 1, '2024-04-13 18:18:58', 1, 0),
	(498, '498', 'aaa', '111-1111', 'aaa@aaa.aaa', 10, 0, 1, '2024-04-13 18:18:58', 1, 0),
	(499, '499', 'aaa', '111-1111', 'aaa@aaa.aaa', 10, 0, 1, '2024-04-13 18:18:58', 1, 0),
	(500, '500', 'aaa', '111-1111', 'aaa@aaa.aaa', 10, 0, 1, '2024-04-13 18:18:58', 1, 0);

-- 테이블 projectdb.reviewsa 구조 내보내기
CREATE TABLE IF NOT EXISTS `reviewsa` (
  `num` int NOT NULL AUTO_INCREMENT,
  `title` varchar(255) DEFAULT NULL,
  `content` text,
  `date` varchar(255) DEFAULT NULL,
  `usernum` int DEFAULT NULL,
  `ip` varchar(15) DEFAULT NULL,
  `frnum` int DEFAULT NULL,
  PRIMARY KEY (`num`)
) ENGINE=InnoDB AUTO_INCREMENT=200 DEFAULT CHARSET=utf8mb4 COLLATE=utf8mb4_0900_ai_ci;

-- 테이블 데이터 projectdb.reviewsa:~198 rows (대략적) 내보내기
INSERT INTO `reviewsa` (`num`, `title`, `content`, `date`, `usernum`, `ip`, `frnum`) VALUES
	(1, '피곤하다', '오늘 발표다', '2024-04-13 18:18:57', 1, '192.168.1.1', 1),
	(2, '피곤하다', '오늘 발표다', '2024-04-13 18:18:57', 2, '192.168.1.1', 1),
	(3, '피곤하다', '오늘 발표다', '2024-04-13 18:18:57', 3, '192.168.1.1', 1),
	(4, '피곤하다', '오늘 발표다', '2024-04-13 18:18:57', 4, '192.168.1.1', 1),
	(5, '피곤하다', '오늘 발표다', '2024-04-13 18:18:57', 5, '192.168.1.1', 1),
	(6, '피곤하다', '오늘 발표다', '2024-04-13 18:18:57', 6, '192.168.1.1', 1),
	(7, '피곤하다', '오늘 발표다', '2024-04-13 18:18:57', 7, '192.168.1.1', 1),
	(8, '피곤하다', '오늘 발표다', '2024-04-13 18:18:57', 8, '192.168.1.1', 1),
	(9, '피곤하다', '오늘 발표다', '2024-04-13 18:18:57', 9, '192.168.1.1', 1),
	(10, '피곤하다', '오늘 발표다', '2024-04-13 18:18:57', 10, '192.168.1.1', 1),
	(11, '피곤하다', '오늘 발표다', '2024-04-13 18:18:57', 11, '192.168.1.1', 1),
	(12, '피곤하다', '오늘 발표다', '2024-04-13 18:18:57', 12, '192.168.1.1', 1),
	(13, '피곤하다', '오늘 발표다', '2024-04-13 18:18:57', 13, '192.168.1.1', 1),
	(14, '피곤하다', '오늘 발표다', '2024-04-13 18:18:57', 14, '192.168.1.1', 1),
	(15, '피곤하다', '오늘 발표다', '2024-04-13 18:18:57', 15, '192.168.1.1', 1),
	(16, '피곤하다', '오늘 발표다', '2024-04-13 18:18:57', 16, '192.168.1.1', 1),
	(17, '피곤하다', '오늘 발표다', '2024-04-13 18:18:57', 17, '192.168.1.1', 1),
	(18, '피곤하다', '오늘 발표다', '2024-04-13 18:18:57', 18, '192.168.1.1', 1),
	(19, '피곤하다', '오늘 발표다', '2024-04-13 18:18:57', 19, '192.168.1.1', 1),
	(20, '피곤하다', '오늘 발표다', '2024-04-13 18:18:57', 20, '192.168.1.1', 1),
	(21, '피곤하다', '오늘 발표다', '2024-04-13 18:18:57', 21, '192.168.1.1', 1),
	(22, '피곤하다', '오늘 발표다', '2024-04-13 18:18:57', 22, '192.168.1.1', 1),
	(23, '피곤하다', '오늘 발표다', '2024-04-13 18:18:57', 23, '192.168.1.1', 1),
	(24, '피곤하다', '오늘 발표다', '2024-04-13 18:18:57', 24, '192.168.1.1', 1),
	(25, '피곤하다', '오늘 발표다', '2024-04-13 18:18:57', 25, '192.168.1.1', 1),
	(26, '피곤하다', '오늘 발표다', '2024-04-13 18:18:57', 26, '192.168.1.1', 1),
	(27, '피곤하다', '오늘 발표다', '2024-04-13 18:18:57', 27, '192.168.1.1', 1),
	(28, '피곤하다', '오늘 발표다', '2024-04-13 18:18:57', 28, '192.168.1.1', 1),
	(29, '피곤하다', '오늘 발표다', '2024-04-13 18:18:57', 29, '192.168.1.1', 1),
	(30, '피곤하다', '오늘 발표다', '2024-04-13 18:18:57', 30, '192.168.1.1', 1),
	(31, '피곤하다', '오늘 발표다', '2024-04-13 18:18:57', 31, '192.168.1.1', 1),
	(32, '피곤하다', '오늘 발표다', '2024-04-13 18:18:57', 32, '192.168.1.1', 1),
	(33, '피곤하다', '오늘 발표다', '2024-04-13 18:18:57', 33, '192.168.1.1', 1),
	(34, '피곤하다', '오늘 발표다', '2024-04-13 18:18:57', 34, '192.168.1.1', 1),
	(35, '피곤하다', '오늘 발표다', '2024-04-13 18:18:57', 35, '192.168.1.1', 1),
	(36, '피곤하다', '오늘 발표다', '2024-04-13 18:18:57', 36, '192.168.1.1', 1),
	(37, '피곤하다', '오늘 발표다', '2024-04-13 18:18:57', 37, '192.168.1.1', 1),
	(38, '피곤하다', '오늘 발표다', '2024-04-13 18:18:57', 38, '192.168.1.1', 1),
	(39, '피곤하다', '오늘 발표다', '2024-04-13 18:18:57', 39, '192.168.1.1', 1),
	(40, '피곤하다', '오늘 발표다', '2024-04-13 18:18:57', 40, '192.168.1.1', 1),
	(41, '피곤하다', '오늘 발표다', '2024-04-13 18:18:57', 41, '192.168.1.1', 1),
	(42, '피곤하다', '오늘 발표다', '2024-04-13 18:18:57', 42, '192.168.1.1', 1),
	(43, '피곤하다', '오늘 발표다', '2024-04-13 18:18:57', 43, '192.168.1.1', 1),
	(44, '피곤하다', '오늘 발표다', '2024-04-13 18:18:57', 44, '192.168.1.1', 1),
	(45, '피곤하다', '오늘 발표다', '2024-04-13 18:18:57', 45, '192.168.1.1', 1),
	(46, '피곤하다', '오늘 발표다', '2024-04-13 18:18:57', 46, '192.168.1.1', 1),
	(47, '피곤하다', '오늘 발표다', '2024-04-13 18:18:57', 47, '192.168.1.1', 1),
	(48, '피곤하다', '오늘 발표다', '2024-04-13 18:18:57', 48, '192.168.1.1', 1),
	(49, '피곤하다', '오늘 발표다', '2024-04-13 18:18:57', 49, '192.168.1.1', 1),
	(50, '피곤하다', '오늘 발표다', '2024-04-13 18:18:57', 50, '192.168.1.1', 1),
	(51, '피곤하다', '오늘 발표다', '2024-04-13 18:18:57', 51, '192.168.1.1', 1),
	(52, '피곤하다', '오늘 발표다', '2024-04-13 18:18:57', 52, '192.168.1.1', 1),
	(53, '피곤하다', '오늘 발표다', '2024-04-13 18:18:57', 53, '192.168.1.1', 1),
	(54, '피곤하다', '오늘 발표다', '2024-04-13 18:18:57', 54, '192.168.1.1', 1),
	(55, '피곤하다', '오늘 발표다', '2024-04-13 18:18:57', 55, '192.168.1.1', 1),
	(56, '피곤하다', '오늘 발표다', '2024-04-13 18:18:57', 56, '192.168.1.1', 1),
	(57, '피곤하다', '오늘 발표다', '2024-04-13 18:18:57', 57, '192.168.1.1', 1),
	(58, '피곤하다', '오늘 발표다', '2024-04-13 18:18:57', 58, '192.168.1.1', 1),
	(59, '피곤하다', '오늘 발표다', '2024-04-13 18:18:57', 59, '192.168.1.1', 1),
	(60, '피곤하다', '오늘 발표다', '2024-04-13 18:18:57', 60, '192.168.1.1', 1),
	(61, '피곤하다', '오늘 발표다', '2024-04-13 18:18:57', 61, '192.168.1.1', 1),
	(62, '피곤하다', '오늘 발표다', '2024-04-13 18:18:57', 62, '192.168.1.1', 1),
	(63, '피곤하다', '오늘 발표다', '2024-04-13 18:18:57', 63, '192.168.1.1', 1),
	(64, '피곤하다', '오늘 발표다', '2024-04-13 18:18:57', 64, '192.168.1.1', 1),
	(65, '피곤하다', '오늘 발표다', '2024-04-13 18:18:57', 65, '192.168.1.1', 1),
	(66, '피곤하다', '오늘 발표다', '2024-04-13 18:18:57', 66, '192.168.1.1', 1),
	(67, '피곤하다', '오늘 발표다', '2024-04-13 18:18:57', 67, '192.168.1.1', 1),
	(68, '피곤하다', '오늘 발표다', '2024-04-13 18:18:57', 68, '192.168.1.1', 1),
	(69, '피곤하다', '오늘 발표다', '2024-04-13 18:18:57', 69, '192.168.1.1', 1),
	(70, '피곤하다', '오늘 발표다', '2024-04-13 18:18:57', 70, '192.168.1.1', 1),
	(71, '피곤하다', '오늘 발표다', '2024-04-13 18:18:57', 71, '192.168.1.1', 1),
	(72, '피곤하다', '오늘 발표다', '2024-04-13 18:18:57', 72, '192.168.1.1', 1),
	(73, '피곤하다', '오늘 발표다', '2024-04-13 18:18:57', 73, '192.168.1.1', 1),
	(74, '피곤하다', '오늘 발표다', '2024-04-13 18:18:57', 74, '192.168.1.1', 1),
	(75, '피곤하다', '오늘 발표다', '2024-04-13 18:18:57', 75, '192.168.1.1', 1),
	(76, '피곤하다', '오늘 발표다', '2024-04-13 18:18:57', 76, '192.168.1.1', 1),
	(77, '피곤하다', '오늘 발표다', '2024-04-13 18:18:57', 77, '192.168.1.1', 1),
	(78, '피곤하다', '오늘 발표다', '2024-04-13 18:18:57', 78, '192.168.1.1', 1),
	(79, '피곤하다', '오늘 발표다', '2024-04-13 18:18:57', 79, '192.168.1.1', 1),
	(80, '피곤하다', '오늘 발표다', '2024-04-13 18:18:57', 80, '192.168.1.1', 1),
	(81, '피곤하다', '오늘 발표다', '2024-04-13 18:18:57', 81, '192.168.1.1', 1),
	(82, '피곤하다', '오늘 발표다', '2024-04-13 18:18:57', 82, '192.168.1.1', 1),
	(83, '피곤하다', '오늘 발표다', '2024-04-13 18:18:57', 83, '192.168.1.1', 1),
	(84, '피곤하다', '오늘 발표다', '2024-04-13 18:18:57', 84, '192.168.1.1', 1),
	(85, '피곤하다', '오늘 발표다', '2024-04-13 18:18:57', 85, '192.168.1.1', 1),
	(86, '피곤하다', '오늘 발표다', '2024-04-13 18:18:57', 86, '192.168.1.1', 1),
	(87, '피곤하다', '오늘 발표다', '2024-04-13 18:18:57', 87, '192.168.1.1', 1),
	(88, '피곤하다', '오늘 발표다', '2024-04-13 18:18:57', 88, '192.168.1.1', 1),
	(89, '피곤하다', '오늘 발표다', '2024-04-13 18:18:57', 89, '192.168.1.1', 1),
	(90, '피곤하다', '오늘 발표다', '2024-04-13 18:18:57', 90, '192.168.1.1', 1),
	(91, '피곤하다', '오늘 발표다', '2024-04-13 18:18:57', 91, '192.168.1.1', 1),
	(92, '피곤하다', '오늘 발표다', '2024-04-13 18:18:57', 92, '192.168.1.1', 1),
	(93, '피곤하다', '오늘 발표다', '2024-04-13 18:18:57', 93, '192.168.1.1', 1),
	(94, '피곤하다', '오늘 발표다', '2024-04-13 18:18:57', 94, '192.168.1.1', 1),
	(95, '피곤하다', '오늘 발표다', '2024-04-13 18:18:57', 95, '192.168.1.1', 1),
	(96, '피곤하다', '오늘 발표다', '2024-04-13 18:18:57', 96, '192.168.1.1', 1),
	(97, '피곤하다', '오늘 발표다', '2024-04-13 18:18:57', 97, '192.168.1.1', 1),
	(98, '피곤하다', '오늘 발표다', '2024-04-13 18:18:57', 98, '192.168.1.1', 1),
	(99, '피곤하다', '오늘 발표다', '2024-04-13 18:18:57', 99, '192.168.1.1', 1),
	(100, '피곤하다', '오늘 발표다', '2024-04-13 18:18:57', 100, '192.168.1.1', 1),
	(101, '피곤하다', '오늘 발표다', '2024-04-13 18:18:57', 101, '192.168.1.1', 1),
	(102, '피곤하다', '오늘 발표다', '2024-04-13 18:18:57', 102, '192.168.1.1', 1),
	(103, '피곤하다', '오늘 발표다', '2024-04-13 18:18:57', 103, '192.168.1.1', 1),
	(104, '피곤하다', '오늘 발표다', '2024-04-13 18:18:57', 104, '192.168.1.1', 1),
	(105, '피곤하다', '오늘 발표다', '2024-04-13 18:18:57', 105, '192.168.1.1', 1),
	(106, '피곤하다', '오늘 발표다', '2024-04-13 18:18:57', 106, '192.168.1.1', 1),
	(107, '피곤하다', '오늘 발표다', '2024-04-13 18:18:57', 107, '192.168.1.1', 1),
	(108, '피곤하다', '오늘 발표다', '2024-04-13 18:18:57', 108, '192.168.1.1', 1),
	(109, '피곤하다', '오늘 발표다', '2024-04-13 18:18:57', 109, '192.168.1.1', 1),
	(110, '피곤하다', '오늘 발표다', '2024-04-13 18:18:57', 110, '192.168.1.1', 1),
	(111, '피곤하다', '오늘 발표다', '2024-04-13 18:18:57', 111, '192.168.1.1', 1),
	(112, '피곤하다', '오늘 발표다', '2024-04-13 18:18:57', 112, '192.168.1.1', 1),
	(113, '피곤하다', '오늘 발표다', '2024-04-13 18:18:57', 113, '192.168.1.1', 1),
	(114, '피곤하다', '오늘 발표다', '2024-04-13 18:18:57', 114, '192.168.1.1', 1),
	(115, '피곤하다', '오늘 발표다', '2024-04-13 18:18:57', 115, '192.168.1.1', 1),
	(116, '피곤하다', '오늘 발표다', '2024-04-13 18:18:57', 116, '192.168.1.1', 1),
	(117, '피곤하다', '오늘 발표다', '2024-04-13 18:18:57', 117, '192.168.1.1', 1),
	(118, '피곤하다', '오늘 발표다', '2024-04-13 18:18:57', 118, '192.168.1.1', 1),
	(119, '피곤하다', '오늘 발표다', '2024-04-13 18:18:57', 119, '192.168.1.1', 1),
	(120, '피곤하다', '오늘 발표다', '2024-04-13 18:18:57', 120, '192.168.1.1', 1),
	(121, '피곤하다', '오늘 발표다', '2024-04-13 18:18:57', 121, '192.168.1.1', 1),
	(122, '피곤하다', '오늘 발표다', '2024-04-13 18:18:57', 122, '192.168.1.1', 1),
	(123, '피곤하다', '오늘 발표다', '2024-04-13 18:18:57', 123, '192.168.1.1', 1),
	(124, '피곤하다', '오늘 발표다', '2024-04-13 18:18:57', 124, '192.168.1.1', 1),
	(125, '피곤하다', '오늘 발표다', '2024-04-13 18:18:57', 125, '192.168.1.1', 1),
	(126, '피곤하다', '오늘 발표다', '2024-04-13 18:18:57', 126, '192.168.1.1', 1),
	(127, '피곤하다', '오늘 발표다', '2024-04-13 18:18:57', 127, '192.168.1.1', 1),
	(128, '피곤하다', '오늘 발표다', '2024-04-13 18:18:57', 128, '192.168.1.1', 1),
	(129, '피곤하다', '오늘 발표다', '2024-04-13 18:18:57', 129, '192.168.1.1', 1),
	(130, '피곤하다', '오늘 발표다', '2024-04-13 18:18:57', 130, '192.168.1.1', 1),
	(131, '피곤하다', '오늘 발표다', '2024-04-13 18:18:57', 131, '192.168.1.1', 1),
	(132, '피곤하다', '오늘 발표다', '2024-04-13 18:18:57', 132, '192.168.1.1', 1),
	(133, '피곤하다', '오늘 발표다', '2024-04-13 18:18:57', 133, '192.168.1.1', 1),
	(134, '피곤하다', '오늘 발표다', '2024-04-13 18:18:57', 134, '192.168.1.1', 1),
	(135, '피곤하다', '오늘 발표다', '2024-04-13 18:18:57', 135, '192.168.1.1', 1),
	(136, '피곤하다', '오늘 발표다', '2024-04-13 18:18:57', 136, '192.168.1.1', 1),
	(137, '피곤하다', '오늘 발표다', '2024-04-13 18:18:57', 137, '192.168.1.1', 1),
	(138, '피곤하다', '오늘 발표다', '2024-04-13 18:18:57', 138, '192.168.1.1', 1),
	(139, '피곤하다', '오늘 발표다', '2024-04-13 18:18:57', 139, '192.168.1.1', 1),
	(140, '피곤하다', '오늘 발표다', '2024-04-13 18:18:57', 140, '192.168.1.1', 1),
	(141, '피곤하다', '오늘 발표다', '2024-04-13 18:18:57', 141, '192.168.1.1', 1),
	(142, '피곤하다', '오늘 발표다', '2024-04-13 18:18:57', 142, '192.168.1.1', 1),
	(143, '피곤하다', '오늘 발표다', '2024-04-13 18:18:57', 143, '192.168.1.1', 1),
	(144, '피곤하다', '오늘 발표다', '2024-04-13 18:18:57', 144, '192.168.1.1', 1),
	(145, '피곤하다', '오늘 발표다', '2024-04-13 18:18:57', 145, '192.168.1.1', 1),
	(146, '피곤하다', '오늘 발표다', '2024-04-13 18:18:57', 146, '192.168.1.1', 1),
	(147, '피곤하다', '오늘 발표다', '2024-04-13 18:18:57', 147, '192.168.1.1', 1),
	(148, '피곤하다', '오늘 발표다', '2024-04-13 18:18:57', 148, '192.168.1.1', 1),
	(149, '피곤하다', '오늘 발표다', '2024-04-13 18:18:57', 149, '192.168.1.1', 1),
	(150, '피곤하다', '오늘 발표다', '2024-04-13 18:18:57', 150, '192.168.1.1', 1),
	(151, '피곤하다', '오늘 발표다', '2024-04-13 18:18:57', 151, '192.168.1.1', 1),
	(152, '피곤하다', '오늘 발표다', '2024-04-13 18:18:57', 152, '192.168.1.1', 1),
	(153, '피곤하다', '오늘 발표다', '2024-04-13 18:18:57', 153, '192.168.1.1', 1),
	(154, '피곤하다', '오늘 발표다', '2024-04-13 18:18:57', 154, '192.168.1.1', 1),
	(155, '피곤하다', '오늘 발표다', '2024-04-13 18:18:57', 155, '192.168.1.1', 1),
	(156, '피곤하다', '오늘 발표다', '2024-04-13 18:18:57', 156, '192.168.1.1', 1),
	(157, '피곤하다', '오늘 발표다', '2024-04-13 18:18:57', 157, '192.168.1.1', 1),
	(158, '피곤하다', '오늘 발표다', '2024-04-13 18:18:57', 158, '192.168.1.1', 1),
	(159, '피곤하다', '오늘 발표다', '2024-04-13 18:18:57', 159, '192.168.1.1', 1),
	(160, '피곤하다', '오늘 발표다', '2024-04-13 18:18:57', 160, '192.168.1.1', 1),
	(161, '피곤하다', '오늘 발표다', '2024-04-13 18:18:57', 161, '192.168.1.1', 1),
	(162, '피곤하다', '오늘 발표다', '2024-04-13 18:18:57', 162, '192.168.1.1', 1),
	(163, '피곤하다', '오늘 발표다', '2024-04-13 18:18:57', 163, '192.168.1.1', 1),
	(164, '피곤하다', '오늘 발표다', '2024-04-13 18:18:57', 164, '192.168.1.1', 1),
	(165, '피곤하다', '오늘 발표다', '2024-04-13 18:18:57', 165, '192.168.1.1', 1),
	(166, '피곤하다', '오늘 발표다', '2024-04-13 18:18:57', 166, '192.168.1.1', 1),
	(167, '피곤하다', '오늘 발표다', '2024-04-13 18:18:57', 167, '192.168.1.1', 1),
	(168, '피곤하다', '오늘 발표다', '2024-04-13 18:18:57', 168, '192.168.1.1', 1),
	(169, '피곤하다', '오늘 발표다', '2024-04-13 18:18:57', 169, '192.168.1.1', 1),
	(170, '피곤하다', '오늘 발표다', '2024-04-13 18:18:57', 170, '192.168.1.1', 1),
	(171, '피곤하다', '오늘 발표다', '2024-04-13 18:18:57', 171, '192.168.1.1', 1),
	(172, '피곤하다', '오늘 발표다', '2024-04-13 18:18:57', 172, '192.168.1.1', 1),
	(173, '피곤하다', '오늘 발표다', '2024-04-13 18:18:57', 173, '192.168.1.1', 1),
	(174, '피곤하다', '오늘 발표다', '2024-04-13 18:18:57', 174, '192.168.1.1', 1),
	(175, '피곤하다', '오늘 발표다', '2024-04-13 18:18:57', 175, '192.168.1.1', 1),
	(176, '피곤하다', '오늘 발표다', '2024-04-13 18:18:57', 176, '192.168.1.1', 1),
	(177, '피곤하다', '오늘 발표다', '2024-04-13 18:18:57', 177, '192.168.1.1', 1),
	(178, '피곤하다', '오늘 발표다', '2024-04-13 18:18:57', 178, '192.168.1.1', 1),
	(179, '피곤하다', '오늘 발표다', '2024-04-13 18:18:57', 179, '192.168.1.1', 1),
	(180, '피곤하다', '오늘 발표다', '2024-04-13 18:18:57', 180, '192.168.1.1', 1),
	(181, '피곤하다', '오늘 발표다', '2024-04-13 18:18:57', 181, '192.168.1.1', 1),
	(182, '피곤하다', '오늘 발표다', '2024-04-13 18:18:57', 182, '192.168.1.1', 1),
	(183, '피곤하다', '오늘 발표다', '2024-04-13 18:18:57', 183, '192.168.1.1', 1),
	(184, '피곤하다', '오늘 발표다', '2024-04-13 18:18:57', 184, '192.168.1.1', 1),
	(185, '피곤하다', '오늘 발표다', '2024-04-13 18:18:57', 185, '192.168.1.1', 1),
	(186, '피곤하다', '오늘 발표다', '2024-04-13 18:18:57', 186, '192.168.1.1', 1),
	(187, '피곤하다', '오늘 발표다', '2024-04-13 18:18:57', 187, '192.168.1.1', 1),
	(188, '피곤하다', '오늘 발표다', '2024-04-13 18:18:57', 188, '192.168.1.1', 1),
	(189, '피곤하다', '오늘 발표다', '2024-04-13 18:18:57', 189, '192.168.1.1', 1),
	(190, '피곤하다', '오늘 발표다', '2024-04-13 18:18:57', 190, '192.168.1.1', 1),
	(191, '피곤하다', '오늘 발표다', '2024-04-13 18:18:57', 191, '192.168.1.1', 1),
	(192, '피곤하다', '오늘 발표다', '2024-04-13 18:18:57', 192, '192.168.1.1', 1),
	(193, '피곤하다', '오늘 발표다', '2024-04-13 18:18:57', 193, '192.168.1.1', 1),
	(194, '피곤하다', '오늘 발표다', '2024-04-13 18:18:57', 194, '192.168.1.1', 1),
	(195, '피곤하다', '오늘 발표다', '2024-04-13 18:18:57', 195, '192.168.1.1', 1),
	(196, '피곤하다', '오늘 발표다', '2024-04-13 18:18:57', 196, '192.168.1.1', 1),
	(197, '피곤하다', '오늘 발표다', '2024-04-13 18:18:57', 197, '192.168.1.1', 1),
	(198, '피곤하다', '오늘 발표다', '2024-04-13 18:18:57', 198, '192.168.1.1', 1);

-- 테이블 projectdb.trainersa 구조 내보내기
CREATE TABLE IF NOT EXISTS `trainersa` (
  `num` int NOT NULL AUTO_INCREMENT,
  `user` int DEFAULT NULL,
  `imgpath` varchar(255) DEFAULT NULL,
  `career` varchar(255) DEFAULT NULL,
  `salary` int DEFAULT NULL,
  PRIMARY KEY (`num`)
) ENGINE=InnoDB AUTO_INCREMENT=17 DEFAULT CHARSET=utf8mb4 COLLATE=utf8mb4_0900_ai_ci;

-- 테이블 데이터 projectdb.trainersa:~16 rows (대략적) 내보내기
INSERT INTO `trainersa` (`num`, `user`, `imgpath`, `career`, `salary`) VALUES
	(1, 3, 'http://drive.google.com/thumbnail?id=1KKVd-4Os41pku4aXvyGrSCIes4VEV0fL&sz=w1000', '<div style="text-align: center">\r\n<p>생활스포츠지도사 2급</p>\r\n<p>한국 피트니스 지도자</p>\r\n<p>스포츠 마사지 1급</p>\r\n</div>', 3000),
	(2, 4, 'http://drive.google.com/thumbnail?id=1ATUv_LxFSchklr1CfR2Q8uhpS1jaye1C&sz=w1000', '<div style="text-align: center">\r\n<p>한국 피트니스 지도자</p>\r\n<p>스포츠 마사지 1급</p>\r\n<p>컨디셔닝 케어 스페셜리스트</p>\r\n</div>', 2500),
	(3, 5, 'http://drive.google.com/thumbnail?id=1hCV_E1FiOhJ1m7Zts79V1vlbx3W3FNyl&sz=w1000', '<div style="text-align: center">\r\n<p>스포츠 마사지 1급</p>\r\n<p>컨디셔닝 케어 스페셜리스트</p>\r\n<p>응급처치 심페소생술 강사</p>\r\n</div>', 2700),
	(4, 6, 'http://drive.google.com/thumbnail?id=16L3cg8e8_mSSUs_7IO7Ut5SXPDJH1qvs&sz=w1000', '<div style="text-align: center">\r\n<p>컨디셔닝 케어 스페셜리스트</p>\r\n<p>응급처치 심페소생술 강사</p>\r\n<p>생활스포츠지도사 2급</p>\r\n</div>', 2700),
	(5, 7, 'http://drive.google.com/thumbnail?id=1E_dytVFJ-ooakIerEwOq_9JUTnADB_Bz&sz=w1000', '<div style="text-align: center">\r\n<p>응급처치 심페소생술 강사</p>\r\n<p>생활스포츠지도사 2급</p>\r\n<p>한국 피트니스 지도자</p>\r\n</div>', 2500),
	(6, 8, 'http://drive.google.com/thumbnail?id=135lPtkKgyN5qUPx6Lcx0NFlpKHYGq2IP&sz=w1000', '<div style="text-align: center">\r\n<p>생활스포츠지도사 1급</p>\r\n<p>한국 피트니스 지도사</p>\r\n<p>스포츠 마사지 1급</p>\r\n</div>', 3000),
	(7, 9, 'http://drive.google.com/thumbnail?id=16cMviGMLIAcStSRz3wIpnG2EIfk4uVUU&sz=w1000', '<div style="text-align: center">\r\n<p>생활스포츠지도사 1급</p>\r\n<p>컨디셔닝 케어 스페셜리스트</p>\r\n<p>응급처치 심페소생술 강사</p>\r\n</div>', 2700),
	(8, 10, 'http://drive.google.com/thumbnail?id=1gMedriEHTaCmMEq2U_TTwITL7xi33Ocp&sz=w1000', '<div style="text-align: center">\r\n<p>스포츠 마사지 2급</p>\r\n<p>컨디셔닝 케어 스페셜리스트</p>\r\n<p>응급처치 심페소생술 강사</p>\r\n</div>', 2500),
	(9, 11, 'http://drive.google.com/thumbnail?id=1tQQ1EYBCBRCJvmRUkB0XfndumK7oeFVA&sz=w1000', '<div style="text-align: center">\r\n<p>한국 피트니스 지도자</p>\r\n<p>스포츠마사지 2급</p>\r\n<p>생활스포츠지도사 1급</p>\r\n</div>', 3000),
	(10, 12, 'http://drive.google.com/thumbnail?id=1OHY3XkO4ZP-wi5JVZyG45LUSCARXtydC&sz=w1000', '<div style="text-align: center">\r\n<p>한국 피트니스 지도자</p>\r\n<p>스포츠마사지 2급</p>\r\n<p>생활스포츠지도사 1급</p>\r\n</div>', 3000),
	(11, 13, 'http://drive.google.com/thumbnail?id=1QOhmTMvu6kM2HtzAU3H_YnToZ7Lr7wVy&sz=w1000', '<div style="text-align: center">\r\n<p>컨디셔닝 케어 스페셜리스트</p>\r\n<p>응급처치 심페소생술 강사</p>\r\n<p>생활스포츠지도사 2급</p>\r\n</div>', 2800),
	(12, 14, 'http://drive.google.com/thumbnail?id=1O2gHQkEOBbDTJdUKz9S90Ln_W2GJ7yLn&sz=w1000', '<div style="text-align: center">\r\n<p>생활스포츠지도사 1급</p>\r\n<p>한국 피트니스 지도사</p>\r\n<p>스포츠 마사지 1급</p>\r\n</div>', 2700),
	(13, 15, 'http://drive.google.com/thumbnail?id=1H_rzIrNQkjLICIfL9ogEr9picuavNQrg&sz=w1000', '<div style="text-align: center">\r\n<p>스포츠 마사지 2급</p>\r\n<p>컨디셔닝 케어 스페셜리스트</p>\r\n<p>응급처치 심페소생술 강사</p>\r\n</div>', 2600),
	(14, 2, 'http://drive.google.com/thumbnail?id=1g3loD4qmfPmL7aBVcJ1Fs-NV0qB4oHkv&sz=w1000', '<div style="text-align: center">\r\n<p>한국 피트니스 지도자</p>\r\n<p>스포츠마사지 2급</p>\r\n<p>생활스포츠지도사 1급</p>\r\n</div>', 3000),
	(15, 1, 'http://drive.google.com/thumbnail?id=16tU3KYVxCRI56yHg4bguRhw_0WdG3P13&sz=w1000', '<div style="text-align: center">\r\n<p>생활스포츠지도사 2급</p>\r\n<p>한국 피트니스 지도자</p>\r\n<p>스포츠 마사지 1급</p>\r\n</div>', 2800),
	(16, 540, NULL, NULL, NULL);

-- 테이블 projectdb.trainerworksa 구조 내보내기
CREATE TABLE IF NOT EXISTS `trainerworksa` (
  `num` int NOT NULL AUTO_INCREMENT,
  `trainer` int DEFAULT NULL,
  `date` varchar(255) DEFAULT NULL,
  `starttime` varchar(255) DEFAULT NULL,
  `endtime` varchar(255) DEFAULT NULL,
  `frnum` int DEFAULT NULL,
  PRIMARY KEY (`num`)
) ENGINE=InnoDB AUTO_INCREMENT=10 DEFAULT CHARSET=utf8mb4 COLLATE=utf8mb4_0900_ai_ci;

-- 테이블 데이터 projectdb.trainerworksa:~9 rows (대략적) 내보내기
INSERT INTO `trainerworksa` (`num`, `trainer`, `date`, `starttime`, `endtime`, `frnum`) VALUES
	(1, 1, '2002-01-01', '08:00', '22:00', 1),
	(2, 2, '2004-01-01', '08:00', '22:00', 1),
	(3, 3, '2004-01-01', '08:00', '22:00', 1),
	(4, 4, '2015-01-01', '08:00', '22:00', 1),
	(5, 5, '2021-01-01', '08:00', '22:00', 1),
	(6, 6, '2002-01-01', '08:00', '22:00', 1),
	(7, 7, '2014-01-01', '08:00', '22:00', 1),
	(8, 8, '2004-01-01', '08:00', '22:00', 1),
	(9, 9, '2021-01-01', '08:00', '22:00', 1);

-- 테이블 projectdb.usersa 구조 내보내기
CREATE TABLE IF NOT EXISTS `usersa` (
  `num` int NOT NULL AUTO_INCREMENT,
  `id` varchar(50) DEFAULT NULL,
  `pwd` varchar(50) DEFAULT NULL,
  `name` varchar(50) DEFAULT NULL,
  `gender` int DEFAULT NULL,
  `phone` varchar(20) DEFAULT NULL,
  `birth` varchar(255) DEFAULT NULL,
  `email` varchar(100) DEFAULT NULL,
  `postnum` varchar(20) DEFAULT NULL,
  `city` varchar(50) DEFAULT NULL,
  `streetaddr` varchar(100) DEFAULT NULL,
  `joindate` varchar(255) DEFAULT NULL,
  `point` int DEFAULT NULL,
  `sns` int DEFAULT NULL,
  `snsid` varchar(50) DEFAULT NULL,
  `snspwd` varchar(50) DEFAULT NULL,
  `authority` int DEFAULT NULL,
  `company` int DEFAULT NULL,
  `frnum` int DEFAULT NULL,
  PRIMARY KEY (`num`)
) ENGINE=InnoDB AUTO_INCREMENT=541 DEFAULT CHARSET=utf8mb4 COLLATE=utf8mb4_0900_ai_ci;

-- 테이블 데이터 projectdb.usersa:~528 rows (대략적) 내보내기
INSERT INTO `usersa` (`num`, `id`, `pwd`, `name`, `gender`, `phone`, `birth`, `email`, `postnum`, `city`, `streetaddr`, `joindate`, `point`, `sns`, `snsid`, `snspwd`, `authority`, `company`, `frnum`) VALUES
	(1, 'a0', 'a', 'a', 1, '1', '2000-01-01', 'a@A.com', '1111', '1', '1', '2024-04-13 18:18:55', 1000, 0, NULL, NULL, 1, 1, 1),
	(2, 'a1', 'a', 'a', 1, '1', '2000-01-01', 'a@A.com', '1111', '1', '1', '2024-04-13 18:18:55', 1000, 0, NULL, NULL, 1, 1, 1),
	(3, 'a2', 'a', 'a', 1, '1', '2000-01-01', 'a@A.com', '1111', '1', '1', '2024-04-13 18:18:55', 1000, 0, NULL, NULL, 1, 1, 1),
	(4, 'a3', 'a', 'a', 1, '1', '2000-01-01', 'a@A.com', '1111', '1', '1', '2024-04-13 18:18:55', 1000, 0, NULL, NULL, 1, 1, 1),
	(5, 'a4', 'a', 'a', 1, '1', '2000-01-01', 'a@A.com', '1111', '1', '1', '2024-04-13 18:18:55', 1000, 0, NULL, NULL, 1, 1, 1),
	(6, 'a5', 'a', 'a', 1, '1', '2000-01-01', 'a@A.com', '1111', '1', '1', '2024-04-13 18:18:55', 1000, 0, NULL, NULL, 1, 1, 1),
	(7, 'a6', 'a', 'a', 1, '1', '2000-01-01', 'a@A.com', '1111', '1', '1', '2024-04-13 18:18:55', 1000, 0, NULL, NULL, 1, 1, 1),
	(8, 'a7', 'a', 'a', 1, '1', '2000-01-01', 'a@A.com', '1111', '1', '1', '2024-04-13 18:18:55', 1000, 0, NULL, NULL, 1, 1, 1),
	(9, 'a8', 'a', 'a', 1, '1', '2000-01-01', 'a@A.com', '1111', '1', '1', '2024-04-13 18:18:55', 1000, 0, NULL, NULL, 1, 1, 1),
	(10, 'a9', 'a', 'a', 1, '1', '2000-01-01', 'a@A.com', '1111', '1', '1', '2024-04-13 18:18:55', 1000, 0, NULL, NULL, 1, 1, 1),
	(11, 'a10', 'a', 'a', 1, '1', '2000-01-01', 'a@A.com', '1111', '1', '1', '2024-04-13 18:18:55', 1000, 0, NULL, NULL, 1, 1, 1),
	(12, 'a11', 'a', 'a', 1, '1', '2000-01-01', 'a@A.com', '1111', '1', '1', '2024-04-13 18:18:55', 1000, 0, NULL, NULL, 1, 1, 1),
	(13, 'a12', 'a', 'a', 1, '1', '2000-01-01', 'a@A.com', '1111', '1', '1', '2024-04-13 18:18:55', 1000, 0, NULL, NULL, 1, 1, 1),
	(14, 'a13', 'a', 'a', 1, '1', '2000-01-01', 'a@A.com', '1111', '1', '1', '2024-04-13 18:18:55', 1000, 0, NULL, NULL, 1, 1, 1),
	(15, 'a14', 'a', 'a', 1, '1', '2000-01-01', 'a@A.com', '1111', '1', '1', '2024-04-13 18:18:55', 1000, 0, NULL, NULL, 1, 1, 1),
	(16, 'a15', 'a', 'a', 1, '1', '2000-01-01', 'a@A.com', '1111', '1', '1', '2024-04-13 18:18:55', 1000, 0, NULL, NULL, 1, 1, 1),
	(17, 'a16', 'a', 'a', 1, '1', '2000-01-01', 'a@A.com', '1111', '1', '1', '2024-04-13 18:18:55', 1000, 0, NULL, NULL, 1, 1, 1),
	(18, 'a17', 'a', 'a', 1, '1', '2000-01-01', 'a@A.com', '1111', '1', '1', '2024-04-13 18:18:55', 1000, 0, NULL, NULL, 1, 1, 1),
	(19, 'a18', 'a', 'a', 1, '1', '2000-01-01', 'a@A.com', '1111', '1', '1', '2024-04-13 18:18:55', 1000, 0, NULL, NULL, 1, 1, 1),
	(20, 'a19', 'a', 'a', 1, '1', '2000-01-01', 'a@A.com', '1111', '1', '1', '2024-04-13 18:18:55', 1000, 0, NULL, NULL, 1, 1, 1),
	(21, 'a20', 'a', 'a', 1, '1', '2000-01-01', 'a@A.com', '1111', '1', '1', '2024-04-13 18:18:55', 1000, 0, NULL, NULL, 1, 1, 1),
	(22, 'a21', 'a', 'a', 1, '1', '2000-01-01', 'a@A.com', '1111', '1', '1', '2024-04-13 18:18:55', 1000, 0, NULL, NULL, 1, 1, 1),
	(23, 'a22', 'a', 'a', 1, '1', '2000-01-01', 'a@A.com', '1111', '1', '1', '2024-04-13 18:18:55', 1000, 0, NULL, NULL, 1, 1, 1),
	(24, 'a23', 'a', 'a', 1, '1', '2000-01-01', 'a@A.com', '1111', '1', '1', '2024-04-13 18:18:55', 1000, 0, NULL, NULL, 1, 1, 1),
	(25, 'a24', 'a', 'a', 1, '1', '2000-01-01', 'a@A.com', '1111', '1', '1', '2024-04-13 18:18:55', 1000, 0, NULL, NULL, 1, 1, 1),
	(26, 'a25', 'a', 'a', 1, '1', '2000-01-01', 'a@A.com', '1111', '1', '1', '2024-04-13 18:18:55', 1000, 0, NULL, NULL, 1, 1, 1),
	(27, 'a26', 'a', 'a', 1, '1', '2000-01-01', 'a@A.com', '1111', '1', '1', '2024-04-13 18:18:55', 1000, 0, NULL, NULL, 1, 1, 1),
	(28, 'a27', 'a', 'a', 1, '1', '2000-01-01', 'a@A.com', '1111', '1', '1', '2024-04-13 18:18:55', 1000, 0, NULL, NULL, 1, 1, 1),
	(29, 'a28', 'a', 'a', 1, '1', '2000-01-01', 'a@A.com', '1111', '1', '1', '2024-04-13 18:18:55', 1000, 0, NULL, NULL, 1, 1, 1),
	(30, 'a29', 'a', 'a', 1, '1', '2000-01-01', 'a@A.com', '1111', '1', '1', '2024-04-13 18:18:55', 1000, 0, NULL, NULL, 1, 1, 1),
	(31, 'a30', 'a', 'a', 1, '1', '2000-01-01', 'a@A.com', '1111', '1', '1', '2024-04-13 18:18:55', 1000, 0, NULL, NULL, 1, 1, 1),
	(32, 'a31', 'a', 'a', 1, '1', '2000-01-01', 'a@A.com', '1111', '1', '1', '2024-04-13 18:18:55', 1000, 0, NULL, NULL, 1, 1, 1),
	(33, 'a32', 'a', 'a', 1, '1', '2000-01-01', 'a@A.com', '1111', '1', '1', '2024-04-13 18:18:55', 1000, 0, NULL, NULL, 1, 1, 1),
	(34, 'a33', 'a', 'a', 1, '1', '2000-01-01', 'a@A.com', '1111', '1', '1', '2024-04-13 18:18:55', 1000, 0, NULL, NULL, 1, 1, 1),
	(35, 'a34', 'a', 'a', 1, '1', '2000-01-01', 'a@A.com', '1111', '1', '1', '2024-04-13 18:18:55', 1000, 0, NULL, NULL, 1, 1, 1),
	(36, 'a35', 'a', 'a', 1, '1', '2000-01-01', 'a@A.com', '1111', '1', '1', '2024-04-13 18:18:55', 1000, 0, NULL, NULL, 1, 1, 1),
	(37, 'a36', 'a', 'a', 1, '1', '2000-01-01', 'a@A.com', '1111', '1', '1', '2024-04-13 18:18:55', 1000, 0, NULL, NULL, 1, 1, 1),
	(38, 'a37', 'a', 'a', 1, '1', '2000-01-01', 'a@A.com', '1111', '1', '1', '2024-04-13 18:18:55', 1000, 0, NULL, NULL, 1, 1, 1),
	(39, 'a38', 'a', 'a', 1, '1', '2000-01-01', 'a@A.com', '1111', '1', '1', '2024-04-13 18:18:55', 1000, 0, NULL, NULL, 1, 1, 1),
	(40, 'a39', 'a', 'a', 1, '1', '2000-01-01', 'a@A.com', '1111', '1', '1', '2024-04-13 18:18:55', 1000, 0, NULL, NULL, 1, 1, 1),
	(41, 'a40', 'a', 'a', 1, '1', '2000-01-01', 'a@A.com', '1111', '1', '1', '2024-04-13 18:18:55', 1000, 0, NULL, NULL, 1, 1, 1),
	(42, 'a41', 'a', 'a', 1, '1', '2000-01-01', 'a@A.com', '1111', '1', '1', '2024-04-13 18:18:55', 1000, 0, NULL, NULL, 1, 1, 1),
	(43, 'a42', 'a', 'a', 1, '1', '2000-01-01', 'a@A.com', '1111', '1', '1', '2024-04-13 18:18:55', 1000, 0, NULL, NULL, 1, 1, 1),
	(44, 'a43', 'a', 'a', 1, '1', '2000-01-01', 'a@A.com', '1111', '1', '1', '2024-04-13 18:18:55', 1000, 0, NULL, NULL, 1, 1, 1),
	(45, 'a44', 'a', 'a', 1, '1', '2000-01-01', 'a@A.com', '1111', '1', '1', '2024-04-13 18:18:55', 1000, 0, NULL, NULL, 1, 1, 1),
	(46, 'a45', 'a', 'a', 1, '1', '2000-01-01', 'a@A.com', '1111', '1', '1', '2024-04-13 18:18:55', 1000, 0, NULL, NULL, 1, 1, 1),
	(47, 'a46', 'a', 'a', 1, '1', '2000-01-01', 'a@A.com', '1111', '1', '1', '2024-04-13 18:18:55', 1000, 0, NULL, NULL, 1, 1, 1),
	(48, 'a47', 'a', 'a', 1, '1', '2000-01-01', 'a@A.com', '1111', '1', '1', '2024-04-13 18:18:55', 1000, 0, NULL, NULL, 1, 1, 1),
	(49, 'a48', 'a', 'a', 1, '1', '2000-01-01', 'a@A.com', '1111', '1', '1', '2024-04-13 18:18:55', 1000, 0, NULL, NULL, 1, 1, 1),
	(50, 'a49', 'a', 'a', 1, '1', '2000-01-01', 'a@A.com', '1111', '1', '1', '2024-04-13 18:18:55', 1000, 0, NULL, NULL, 1, 1, 1),
	(51, 'a50', 'a', 'a', 1, '1', '2000-01-01', 'a@A.com', '1111', '1', '1', '2024-04-13 18:18:55', 1000, 0, NULL, NULL, 1, 1, 1),
	(52, 'a51', 'a', 'a', 1, '1', '2000-01-01', 'a@A.com', '1111', '1', '1', '2024-04-13 18:18:55', 1000, 0, NULL, NULL, 1, 1, 1),
	(53, 'a52', 'a', 'a', 1, '1', '2000-01-01', 'a@A.com', '1111', '1', '1', '2024-04-13 18:18:55', 1000, 0, NULL, NULL, 1, 1, 1),
	(54, 'a53', 'a', 'a', 1, '1', '2000-01-01', 'a@A.com', '1111', '1', '1', '2024-04-13 18:18:55', 1000, 0, NULL, NULL, 1, 1, 1),
	(55, 'a54', 'a', 'a', 1, '1', '2000-01-01', 'a@A.com', '1111', '1', '1', '2024-04-13 18:18:55', 1000, 0, NULL, NULL, 1, 1, 1),
	(56, 'a55', 'a', 'a', 1, '1', '2000-01-01', 'a@A.com', '1111', '1', '1', '2024-04-13 18:18:55', 1000, 0, NULL, NULL, 1, 1, 1),
	(57, 'a56', 'a', 'a', 1, '1', '2000-01-01', 'a@A.com', '1111', '1', '1', '2024-04-13 18:18:55', 1000, 0, NULL, NULL, 1, 1, 1),
	(58, 'a57', 'a', 'a', 1, '1', '2000-01-01', 'a@A.com', '1111', '1', '1', '2024-04-13 18:18:55', 1000, 0, NULL, NULL, 1, 1, 1),
	(59, 'a58', 'a', 'a', 1, '1', '2000-01-01', 'a@A.com', '1111', '1', '1', '2024-04-13 18:18:55', 1000, 0, NULL, NULL, 1, 1, 1),
	(60, 'a59', 'a', 'a', 1, '1', '2000-01-01', 'a@A.com', '1111', '1', '1', '2024-04-13 18:18:55', 1000, 0, NULL, NULL, 1, 1, 1),
	(61, 'a60', 'a', 'a', 1, '1', '2000-01-01', 'a@A.com', '1111', '1', '1', '2024-04-13 18:18:55', 1000, 0, NULL, NULL, 1, 1, 1),
	(62, 'a61', 'a', 'a', 1, '1', '2000-01-01', 'a@A.com', '1111', '1', '1', '2024-04-13 18:18:55', 1000, 0, NULL, NULL, 1, 1, 1),
	(63, 'a62', 'a', 'a', 1, '1', '2000-01-01', 'a@A.com', '1111', '1', '1', '2024-04-13 18:18:55', 1000, 0, NULL, NULL, 1, 1, 1),
	(64, 'a63', 'a', 'a', 1, '1', '2000-01-01', 'a@A.com', '1111', '1', '1', '2024-04-13 18:18:55', 1000, 0, NULL, NULL, 1, 1, 1),
	(65, 'a64', 'a', 'a', 1, '1', '2000-01-01', 'a@A.com', '1111', '1', '1', '2024-04-13 18:18:55', 1000, 0, NULL, NULL, 1, 1, 1),
	(66, 'a65', 'a', 'a', 1, '1', '2000-01-01', 'a@A.com', '1111', '1', '1', '2024-04-13 18:18:55', 1000, 0, NULL, NULL, 1, 1, 1),
	(67, 'a66', 'a', 'a', 1, '1', '2000-01-01', 'a@A.com', '1111', '1', '1', '2024-04-13 18:18:55', 1000, 0, NULL, NULL, 1, 1, 1),
	(68, 'a67', 'a', 'a', 1, '1', '2000-01-01', 'a@A.com', '1111', '1', '1', '2024-04-13 18:18:55', 1000, 0, NULL, NULL, 1, 1, 1),
	(69, 'a68', 'a', 'a', 1, '1', '2000-01-01', 'a@A.com', '1111', '1', '1', '2024-04-13 18:18:55', 1000, 0, NULL, NULL, 1, 1, 1),
	(70, 'a69', 'a', 'a', 1, '1', '2000-01-01', 'a@A.com', '1111', '1', '1', '2024-04-13 18:18:55', 1000, 0, NULL, NULL, 1, 1, 1),
	(71, 'a70', 'a', 'a', 1, '1', '2000-01-01', 'a@A.com', '1111', '1', '1', '2024-04-13 18:18:55', 1000, 0, NULL, NULL, 1, 1, 1),
	(72, 'a71', 'a', 'a', 1, '1', '2000-01-01', 'a@A.com', '1111', '1', '1', '2024-04-13 18:18:55', 1000, 0, NULL, NULL, 1, 1, 1),
	(73, 'a72', 'a', 'a', 1, '1', '2000-01-01', 'a@A.com', '1111', '1', '1', '2024-04-13 18:18:55', 1000, 0, NULL, NULL, 1, 1, 1),
	(74, 'a73', 'a', 'a', 1, '1', '2000-01-01', 'a@A.com', '1111', '1', '1', '2024-04-13 18:18:55', 1000, 0, NULL, NULL, 1, 1, 1),
	(75, 'a74', 'a', 'a', 1, '1', '2000-01-01', 'a@A.com', '1111', '1', '1', '2024-04-13 18:18:55', 1000, 0, NULL, NULL, 1, 1, 1),
	(76, 'a75', 'a', 'a', 1, '1', '2000-01-01', 'a@A.com', '1111', '1', '1', '2024-04-13 18:18:55', 1000, 0, NULL, NULL, 1, 1, 1),
	(77, 'a76', 'a', 'a', 1, '1', '2000-01-01', 'a@A.com', '1111', '1', '1', '2024-04-13 18:18:55', 1000, 0, NULL, NULL, 1, 1, 1),
	(78, 'a77', 'a', 'a', 1, '1', '2000-01-01', 'a@A.com', '1111', '1', '1', '2024-04-13 18:18:55', 1000, 0, NULL, NULL, 1, 1, 1),
	(79, 'a78', 'a', 'a', 1, '1', '2000-01-01', 'a@A.com', '1111', '1', '1', '2024-04-13 18:18:55', 1000, 0, NULL, NULL, 1, 1, 1),
	(80, 'a79', 'a', 'a', 1, '1', '2000-01-01', 'a@A.com', '1111', '1', '1', '2024-04-13 18:18:55', 1000, 0, NULL, NULL, 1, 1, 1),
	(81, 'a80', 'a', 'a', 1, '1', '2000-01-01', 'a@A.com', '1111', '1', '1', '2024-04-13 18:18:55', 1000, 0, NULL, NULL, 1, 1, 1),
	(82, 'a81', 'a', 'a', 1, '1', '2000-01-01', 'a@A.com', '1111', '1', '1', '2024-04-13 18:18:55', 1000, 0, NULL, NULL, 1, 1, 1),
	(83, 'a82', 'a', 'a', 1, '1', '2000-01-01', 'a@A.com', '1111', '1', '1', '2024-04-13 18:18:55', 1000, 0, NULL, NULL, 1, 1, 1),
	(84, 'a83', 'a', 'a', 1, '1', '2000-01-01', 'a@A.com', '1111', '1', '1', '2024-04-13 18:18:55', 1000, 0, NULL, NULL, 1, 1, 1),
	(85, 'a84', 'a', 'a', 1, '1', '2000-01-01', 'a@A.com', '1111', '1', '1', '2024-04-13 18:18:55', 1000, 0, NULL, NULL, 1, 1, 1),
	(86, 'a85', 'a', 'a', 1, '1', '2000-01-01', 'a@A.com', '1111', '1', '1', '2024-04-13 18:18:55', 1000, 0, NULL, NULL, 1, 1, 1),
	(87, 'a86', 'a', 'a', 1, '1', '2000-01-01', 'a@A.com', '1111', '1', '1', '2024-04-13 18:18:55', 1000, 0, NULL, NULL, 1, 1, 1),
	(88, 'a87', 'a', 'a', 1, '1', '2000-01-01', 'a@A.com', '1111', '1', '1', '2024-04-13 18:18:55', 1000, 0, NULL, NULL, 1, 1, 1),
	(89, 'a88', 'a', 'a', 1, '1', '2000-01-01', 'a@A.com', '1111', '1', '1', '2024-04-13 18:18:55', 1000, 0, NULL, NULL, 1, 1, 1),
	(90, 'a89', 'a', 'a', 1, '1', '2000-01-01', 'a@A.com', '1111', '1', '1', '2024-04-13 18:18:55', 1000, 0, NULL, NULL, 1, 1, 1),
	(91, 'a90', 'a', 'a', 1, '1', '2000-01-01', 'a@A.com', '1111', '1', '1', '2024-04-13 18:18:55', 1000, 0, NULL, NULL, 1, 1, 1),
	(92, 'a91', 'a', 'a', 1, '1', '2000-01-01', 'a@A.com', '1111', '1', '1', '2024-04-13 18:18:55', 1000, 0, NULL, NULL, 1, 1, 1),
	(93, 'a92', 'a', 'a', 1, '1', '2000-01-01', 'a@A.com', '1111', '1', '1', '2024-04-13 18:18:55', 1000, 0, NULL, NULL, 1, 1, 1),
	(94, 'a93', 'a', 'a', 1, '1', '2000-01-01', 'a@A.com', '1111', '1', '1', '2024-04-13 18:18:55', 1000, 0, NULL, NULL, 1, 1, 1),
	(95, 'a94', 'a', 'a', 1, '1', '2000-01-01', 'a@A.com', '1111', '1', '1', '2024-04-13 18:18:55', 1000, 0, NULL, NULL, 1, 1, 1),
	(96, 'a95', 'a', 'a', 1, '1', '2000-01-01', 'a@A.com', '1111', '1', '1', '2024-04-13 18:18:55', 1000, 0, NULL, NULL, 1, 1, 1),
	(97, 'a96', 'a', 'a', 1, '1', '2000-01-01', 'a@A.com', '1111', '1', '1', '2024-04-13 18:18:55', 1000, 0, NULL, NULL, 1, 1, 1),
	(98, 'a97', 'a', 'a', 1, '1', '2000-01-01', 'a@A.com', '1111', '1', '1', '2024-04-13 18:18:55', 1000, 0, NULL, NULL, 1, 1, 1),
	(99, 'a98', 'a', 'a', 1, '1', '2000-01-01', 'a@A.com', '1111', '1', '1', '2024-04-13 18:18:55', 1000, 0, NULL, NULL, 1, 1, 1),
	(100, 'a99', 'a', 'a', 1, '1', '2000-01-01', 'a@A.com', '1111', '1', '1', '2024-04-13 18:18:55', 1000, 0, NULL, NULL, 1, 1, 1),
	(101, 'a100', 'a', 'a', 1, '1', '2000-01-01', 'a@A.com', '1111', '1', '1', '2024-04-13 18:18:55', 1000, 0, NULL, NULL, 1, 1, 1),
	(102, 'a101', 'a', 'a', 1, '1', '2000-01-01', 'a@A.com', '1111', '1', '1', '2024-04-13 18:18:55', 1000, 0, NULL, NULL, 1, 1, 1),
	(103, 'a102', 'a', 'a', 1, '1', '2000-01-01', 'a@A.com', '1111', '1', '1', '2024-04-13 18:18:55', 1000, 0, NULL, NULL, 1, 1, 1),
	(104, 'a103', 'a', 'a', 1, '1', '2000-01-01', 'a@A.com', '1111', '1', '1', '2024-04-13 18:18:55', 1000, 0, NULL, NULL, 1, 1, 1),
	(105, 'a104', 'a', 'a', 1, '1', '2000-01-01', 'a@A.com', '1111', '1', '1', '2024-04-13 18:18:55', 1000, 0, NULL, NULL, 1, 1, 1),
	(106, 'a105', 'a', 'a', 1, '1', '2000-01-01', 'a@A.com', '1111', '1', '1', '2024-04-13 18:18:55', 1000, 0, NULL, NULL, 1, 1, 1),
	(107, 'a106', 'a', 'a', 1, '1', '2000-01-01', 'a@A.com', '1111', '1', '1', '2024-04-13 18:18:55', 1000, 0, NULL, NULL, 1, 1, 1),
	(108, 'a107', 'a', 'a', 1, '1', '2000-01-01', 'a@A.com', '1111', '1', '1', '2024-04-13 18:18:55', 1000, 0, NULL, NULL, 1, 1, 1),
	(109, 'a108', 'a', 'a', 1, '1', '2000-01-01', 'a@A.com', '1111', '1', '1', '2024-04-13 18:18:55', 1000, 0, NULL, NULL, 1, 1, 1),
	(110, 'a109', 'a', 'a', 1, '1', '2000-01-01', 'a@A.com', '1111', '1', '1', '2024-04-13 18:18:55', 1000, 0, NULL, NULL, 1, 1, 1),
	(111, 'a110', 'a', 'a', 1, '1', '2000-01-01', 'a@A.com', '1111', '1', '1', '2024-04-13 18:18:55', 1000, 0, NULL, NULL, 1, 1, 1),
	(112, 'a111', 'a', 'a', 1, '1', '2000-01-01', 'a@A.com', '1111', '1', '1', '2024-04-13 18:18:55', 1000, 0, NULL, NULL, 1, 1, 1),
	(113, 'a112', 'a', 'a', 1, '1', '2000-01-01', 'a@A.com', '1111', '1', '1', '2024-04-13 18:18:55', 1000, 0, NULL, NULL, 1, 1, 1),
	(114, 'a113', 'a', 'a', 1, '1', '2000-01-01', 'a@A.com', '1111', '1', '1', '2024-04-13 18:18:55', 1000, 0, NULL, NULL, 1, 1, 1),
	(115, 'a114', 'a', 'a', 1, '1', '2000-01-01', 'a@A.com', '1111', '1', '1', '2024-04-13 18:18:55', 1000, 0, NULL, NULL, 1, 1, 1),
	(116, 'a115', 'a', 'a', 1, '1', '2000-01-01', 'a@A.com', '1111', '1', '1', '2024-04-13 18:18:55', 1000, 0, NULL, NULL, 1, 1, 1),
	(117, 'a116', 'a', 'a', 1, '1', '2000-01-01', 'a@A.com', '1111', '1', '1', '2024-04-13 18:18:55', 1000, 0, NULL, NULL, 1, 1, 1),
	(118, 'a117', 'a', 'a', 1, '1', '2000-01-01', 'a@A.com', '1111', '1', '1', '2024-04-13 18:18:55', 1000, 0, NULL, NULL, 1, 1, 1),
	(119, 'a118', 'a', 'a', 1, '1', '2000-01-01', 'a@A.com', '1111', '1', '1', '2024-04-13 18:18:55', 1000, 0, NULL, NULL, 1, 1, 1),
	(120, 'a119', 'a', 'a', 1, '1', '2000-01-01', 'a@A.com', '1111', '1', '1', '2024-04-13 18:18:55', 1000, 0, NULL, NULL, 1, 1, 1),
	(121, 'a120', 'a', 'a', 1, '1', '2000-01-01', 'a@A.com', '1111', '1', '1', '2024-04-13 18:18:55', 1000, 0, NULL, NULL, 1, 1, 1),
	(122, 'a121', 'a', 'a', 1, '1', '2000-01-01', 'a@A.com', '1111', '1', '1', '2024-04-13 18:18:55', 1000, 0, NULL, NULL, 1, 1, 1),
	(123, 'a122', 'a', 'a', 1, '1', '2000-01-01', 'a@A.com', '1111', '1', '1', '2024-04-13 18:18:55', 1000, 0, NULL, NULL, 1, 1, 1),
	(124, 'a123', 'a', 'a', 1, '1', '2000-01-01', 'a@A.com', '1111', '1', '1', '2024-04-13 18:18:55', 1000, 0, NULL, NULL, 1, 1, 1),
	(125, 'a124', 'a', 'a', 1, '1', '2000-01-01', 'a@A.com', '1111', '1', '1', '2024-04-13 18:18:55', 1000, 0, NULL, NULL, 1, 1, 1),
	(126, 'a125', 'a', 'a', 1, '1', '2000-01-01', 'a@A.com', '1111', '1', '1', '2024-04-13 18:18:55', 1000, 0, NULL, NULL, 1, 1, 1),
	(127, 'a126', 'a', 'a', 1, '1', '2000-01-01', 'a@A.com', '1111', '1', '1', '2024-04-13 18:18:55', 1000, 0, NULL, NULL, 1, 1, 1),
	(128, 'a127', 'a', 'a', 1, '1', '2000-01-01', 'a@A.com', '1111', '1', '1', '2024-04-13 18:18:55', 1000, 0, NULL, NULL, 1, 1, 1),
	(129, 'a128', 'a', 'a', 1, '1', '2000-01-01', 'a@A.com', '1111', '1', '1', '2024-04-13 18:18:55', 1000, 0, NULL, NULL, 1, 1, 1),
	(130, 'a129', 'a', 'a', 1, '1', '2000-01-01', 'a@A.com', '1111', '1', '1', '2024-04-13 18:18:55', 1000, 0, NULL, NULL, 1, 1, 1),
	(131, 'a130', 'a', 'a', 1, '1', '2000-01-01', 'a@A.com', '1111', '1', '1', '2024-04-13 18:18:55', 1000, 0, NULL, NULL, 1, 1, 1),
	(132, 'a131', 'a', 'a', 1, '1', '2000-01-01', 'a@A.com', '1111', '1', '1', '2024-04-13 18:18:55', 1000, 0, NULL, NULL, 1, 1, 1),
	(133, 'a132', 'a', 'a', 1, '1', '2000-01-01', 'a@A.com', '1111', '1', '1', '2024-04-13 18:18:55', 1000, 0, NULL, NULL, 1, 1, 1),
	(134, 'a133', 'a', 'a', 1, '1', '2000-01-01', 'a@A.com', '1111', '1', '1', '2024-04-13 18:18:55', 1000, 0, NULL, NULL, 1, 1, 1),
	(135, 'a134', 'a', 'a', 1, '1', '2000-01-01', 'a@A.com', '1111', '1', '1', '2024-04-13 18:18:55', 1000, 0, NULL, NULL, 1, 1, 1),
	(136, 'a135', 'a', 'a', 1, '1', '2000-01-01', 'a@A.com', '1111', '1', '1', '2024-04-13 18:18:55', 1000, 0, NULL, NULL, 1, 1, 1),
	(137, 'a136', 'a', 'a', 1, '1', '2000-01-01', 'a@A.com', '1111', '1', '1', '2024-04-13 18:18:55', 1000, 0, NULL, NULL, 1, 1, 1),
	(138, 'a137', 'a', 'a', 1, '1', '2000-01-01', 'a@A.com', '1111', '1', '1', '2024-04-13 18:18:55', 1000, 0, NULL, NULL, 1, 1, 1),
	(139, 'a138', 'a', 'a', 1, '1', '2000-01-01', 'a@A.com', '1111', '1', '1', '2024-04-13 18:18:55', 1000, 0, NULL, NULL, 1, 1, 1),
	(140, 'a139', 'a', 'a', 1, '1', '2000-01-01', 'a@A.com', '1111', '1', '1', '2024-04-13 18:18:55', 1000, 0, NULL, NULL, 1, 1, 1),
	(141, 'a140', 'a', 'a', 1, '1', '2000-01-01', 'a@A.com', '1111', '1', '1', '2024-04-13 18:18:55', 1000, 0, NULL, NULL, 1, 1, 1),
	(142, 'a141', 'a', 'a', 1, '1', '2000-01-01', 'a@A.com', '1111', '1', '1', '2024-04-13 18:18:55', 1000, 0, NULL, NULL, 1, 1, 1),
	(143, 'a142', 'a', 'a', 1, '1', '2000-01-01', 'a@A.com', '1111', '1', '1', '2024-04-13 18:18:55', 1000, 0, NULL, NULL, 1, 1, 1),
	(144, 'a143', 'a', 'a', 1, '1', '2000-01-01', 'a@A.com', '1111', '1', '1', '2024-04-13 18:18:55', 1000, 0, NULL, NULL, 1, 1, 1),
	(145, 'a144', 'a', 'a', 1, '1', '2000-01-01', 'a@A.com', '1111', '1', '1', '2024-04-13 18:18:55', 1000, 0, NULL, NULL, 1, 1, 1),
	(146, 'a145', 'a', 'a', 1, '1', '2000-01-01', 'a@A.com', '1111', '1', '1', '2024-04-13 18:18:55', 1000, 0, NULL, NULL, 1, 1, 1),
	(147, 'a146', 'a', 'a', 1, '1', '2000-01-01', 'a@A.com', '1111', '1', '1', '2024-04-13 18:18:55', 1000, 0, NULL, NULL, 1, 1, 1),
	(148, 'a147', 'a', 'a', 1, '1', '2000-01-01', 'a@A.com', '1111', '1', '1', '2024-04-13 18:18:55', 1000, 0, NULL, NULL, 1, 1, 1),
	(149, 'a148', 'a', 'a', 1, '1', '2000-01-01', 'a@A.com', '1111', '1', '1', '2024-04-13 18:18:55', 1000, 0, NULL, NULL, 1, 1, 1),
	(150, 'a149', 'a', 'a', 1, '1', '2000-01-01', 'a@A.com', '1111', '1', '1', '2024-04-13 18:18:55', 1000, 0, NULL, NULL, 1, 1, 1),
	(151, 'a150', 'a', 'a', 1, '1', '2000-01-01', 'a@A.com', '1111', '1', '1', '2024-04-13 18:18:55', 1000, 0, NULL, NULL, 1, 1, 1),
	(152, 'a151', 'a', 'a', 1, '1', '2000-01-01', 'a@A.com', '1111', '1', '1', '2024-04-13 18:18:55', 1000, 0, NULL, NULL, 1, 1, 1),
	(153, 'a152', 'a', 'a', 1, '1', '2000-01-01', 'a@A.com', '1111', '1', '1', '2024-04-13 18:18:55', 1000, 0, NULL, NULL, 1, 1, 1),
	(154, 'a153', 'a', 'a', 1, '1', '2000-01-01', 'a@A.com', '1111', '1', '1', '2024-04-13 18:18:55', 1000, 0, NULL, NULL, 1, 1, 1),
	(155, 'a154', 'a', 'a', 1, '1', '2000-01-01', 'a@A.com', '1111', '1', '1', '2024-04-13 18:18:55', 1000, 0, NULL, NULL, 1, 1, 1),
	(156, 'a155', 'a', 'a', 1, '1', '2000-01-01', 'a@A.com', '1111', '1', '1', '2024-04-13 18:18:55', 1000, 0, NULL, NULL, 1, 1, 1),
	(157, 'a156', 'a', 'a', 1, '1', '2000-01-01', 'a@A.com', '1111', '1', '1', '2024-04-13 18:18:55', 1000, 0, NULL, NULL, 1, 1, 1),
	(158, 'a157', 'a', 'a', 1, '1', '2000-01-01', 'a@A.com', '1111', '1', '1', '2024-04-13 18:18:55', 1000, 0, NULL, NULL, 1, 1, 1),
	(159, 'a158', 'a', 'a', 1, '1', '2000-01-01', 'a@A.com', '1111', '1', '1', '2024-04-13 18:18:55', 1000, 0, NULL, NULL, 1, 1, 1),
	(160, 'a159', 'a', 'a', 1, '1', '2000-01-01', 'a@A.com', '1111', '1', '1', '2024-04-13 18:18:55', 1000, 0, NULL, NULL, 1, 1, 1),
	(161, 'a160', 'a', 'a', 1, '1', '2000-01-01', 'a@A.com', '1111', '1', '1', '2024-04-13 18:18:55', 1000, 0, NULL, NULL, 1, 1, 1),
	(162, 'a161', 'a', 'a', 1, '1', '2000-01-01', 'a@A.com', '1111', '1', '1', '2024-04-13 18:18:55', 1000, 0, NULL, NULL, 1, 1, 1),
	(163, 'a162', 'a', 'a', 1, '1', '2000-01-01', 'a@A.com', '1111', '1', '1', '2024-04-13 18:18:55', 1000, 0, NULL, NULL, 1, 1, 1),
	(164, 'a163', 'a', 'a', 1, '1', '2000-01-01', 'a@A.com', '1111', '1', '1', '2024-04-13 18:18:55', 1000, 0, NULL, NULL, 1, 1, 1),
	(165, 'a164', 'a', 'a', 1, '1', '2000-01-01', 'a@A.com', '1111', '1', '1', '2024-04-13 18:18:55', 1000, 0, NULL, NULL, 1, 1, 1),
	(166, 'a165', 'a', 'a', 1, '1', '2000-01-01', 'a@A.com', '1111', '1', '1', '2024-04-13 18:18:55', 1000, 0, NULL, NULL, 1, 1, 1),
	(167, 'a166', 'a', 'a', 1, '1', '2000-01-01', 'a@A.com', '1111', '1', '1', '2024-04-13 18:18:55', 1000, 0, NULL, NULL, 1, 1, 1),
	(168, 'a167', 'a', 'a', 1, '1', '2000-01-01', 'a@A.com', '1111', '1', '1', '2024-04-13 18:18:55', 1000, 0, NULL, NULL, 1, 1, 1),
	(169, 'a168', 'a', 'a', 1, '1', '2000-01-01', 'a@A.com', '1111', '1', '1', '2024-04-13 18:18:55', 1000, 0, NULL, NULL, 1, 1, 1),
	(170, 'a169', 'a', 'a', 1, '1', '2000-01-01', 'a@A.com', '1111', '1', '1', '2024-04-13 18:18:55', 1000, 0, NULL, NULL, 1, 1, 1),
	(171, 'a170', 'a', 'a', 1, '1', '2000-01-01', 'a@A.com', '1111', '1', '1', '2024-04-13 18:18:55', 1000, 0, NULL, NULL, 1, 1, 1),
	(172, 'a171', 'a', 'a', 1, '1', '2000-01-01', 'a@A.com', '1111', '1', '1', '2024-04-13 18:18:55', 1000, 0, NULL, NULL, 1, 1, 1),
	(173, 'a172', 'a', 'a', 1, '1', '2000-01-01', 'a@A.com', '1111', '1', '1', '2024-04-13 18:18:55', 1000, 0, NULL, NULL, 1, 1, 1),
	(174, 'a173', 'a', 'a', 1, '1', '2000-01-01', 'a@A.com', '1111', '1', '1', '2024-04-13 18:18:55', 1000, 0, NULL, NULL, 1, 1, 1),
	(175, 'a174', 'a', 'a', 1, '1', '2000-01-01', 'a@A.com', '1111', '1', '1', '2024-04-13 18:18:55', 1000, 0, NULL, NULL, 1, 1, 1),
	(176, 'a175', 'a', 'a', 1, '1', '2000-01-01', 'a@A.com', '1111', '1', '1', '2024-04-13 18:18:55', 1000, 0, NULL, NULL, 1, 1, 1),
	(177, 'a176', 'a', 'a', 1, '1', '2000-01-01', 'a@A.com', '1111', '1', '1', '2024-04-13 18:18:55', 1000, 0, NULL, NULL, 1, 1, 1),
	(178, 'a177', 'a', 'a', 1, '1', '2000-01-01', 'a@A.com', '1111', '1', '1', '2024-04-13 18:18:55', 1000, 0, NULL, NULL, 1, 1, 1),
	(179, 'a178', 'a', 'a', 1, '1', '2000-01-01', 'a@A.com', '1111', '1', '1', '2024-04-13 18:18:55', 1000, 0, NULL, NULL, 1, 1, 1),
	(180, 'a179', 'a', 'a', 1, '1', '2000-01-01', 'a@A.com', '1111', '1', '1', '2024-04-13 18:18:55', 1000, 0, NULL, NULL, 1, 1, 1),
	(181, 'a180', 'a', 'a', 1, '1', '2000-01-01', 'a@A.com', '1111', '1', '1', '2024-04-13 18:18:55', 1000, 0, NULL, NULL, 1, 1, 1),
	(182, 'a181', 'a', 'a', 1, '1', '2000-01-01', 'a@A.com', '1111', '1', '1', '2024-04-13 18:18:55', 1000, 0, NULL, NULL, 1, 1, 1),
	(183, 'a182', 'a', 'a', 1, '1', '2000-01-01', 'a@A.com', '1111', '1', '1', '2024-04-13 18:18:55', 1000, 0, NULL, NULL, 1, 1, 1),
	(184, 'a183', 'a', 'a', 1, '1', '2000-01-01', 'a@A.com', '1111', '1', '1', '2024-04-13 18:18:55', 1000, 0, NULL, NULL, 1, 1, 1),
	(185, 'a184', 'a', 'a', 1, '1', '2000-01-01', 'a@A.com', '1111', '1', '1', '2024-04-13 18:18:55', 1000, 0, NULL, NULL, 1, 1, 1),
	(186, 'a185', 'a', 'a', 1, '1', '2000-01-01', 'a@A.com', '1111', '1', '1', '2024-04-13 18:18:55', 1000, 0, NULL, NULL, 1, 1, 1),
	(187, 'a186', 'a', 'a', 1, '1', '2000-01-01', 'a@A.com', '1111', '1', '1', '2024-04-13 18:18:55', 1000, 0, NULL, NULL, 1, 1, 1),
	(188, 'a187', 'a', 'a', 1, '1', '2000-01-01', 'a@A.com', '1111', '1', '1', '2024-04-13 18:18:55', 1000, 0, NULL, NULL, 1, 1, 1),
	(189, 'a188', 'a', 'a', 1, '1', '2000-01-01', 'a@A.com', '1111', '1', '1', '2024-04-13 18:18:55', 1000, 0, NULL, NULL, 1, 1, 1),
	(190, 'a189', 'a', 'a', 1, '1', '2000-01-01', 'a@A.com', '1111', '1', '1', '2024-04-13 18:18:55', 1000, 0, NULL, NULL, 1, 1, 1),
	(191, 'a190', 'a', 'a', 1, '1', '2000-01-01', 'a@A.com', '1111', '1', '1', '2024-04-13 18:18:55', 1000, 0, NULL, NULL, 1, 1, 1),
	(192, 'a191', 'a', 'a', 1, '1', '2000-01-01', 'a@A.com', '1111', '1', '1', '2024-04-13 18:18:55', 1000, 0, NULL, NULL, 1, 1, 1),
	(193, 'a192', 'a', 'a', 1, '1', '2000-01-01', 'a@A.com', '1111', '1', '1', '2024-04-13 18:18:55', 1000, 0, NULL, NULL, 1, 1, 1),
	(194, 'a193', 'a', 'a', 1, '1', '2000-01-01', 'a@A.com', '1111', '1', '1', '2024-04-13 18:18:55', 1000, 0, NULL, NULL, 1, 1, 1),
	(195, 'a194', 'a', 'a', 1, '1', '2000-01-01', 'a@A.com', '1111', '1', '1', '2024-04-13 18:18:55', 1000, 0, NULL, NULL, 1, 1, 1),
	(196, 'a195', 'a', 'a', 1, '1', '2000-01-01', 'a@A.com', '1111', '1', '1', '2024-04-13 18:18:55', 1000, 0, NULL, NULL, 1, 1, 1),
	(197, 'a196', 'a', 'a', 1, '1', '2000-01-01', 'a@A.com', '1111', '1', '1', '2024-04-13 18:18:55', 1000, 0, NULL, NULL, 1, 1, 1),
	(198, 'a197', 'a', 'a', 1, '1', '2000-01-01', 'a@A.com', '1111', '1', '1', '2024-04-13 18:18:55', 1000, 0, NULL, NULL, 1, 1, 1),
	(199, 'a198', 'a', 'a', 1, '1', '2000-01-01', 'a@A.com', '1111', '1', '1', '2024-04-13 18:18:55', 1000, 0, NULL, NULL, 1, 1, 1),
	(200, 'a199', 'a', 'a', 1, '1', '2000-01-01', 'a@A.com', '1111', '1', '1', '2024-04-13 18:18:55', 1000, 0, NULL, NULL, 1, 1, 1),
	(201, 'a200', 'a', 'a', 1, '1', '2000-01-01', 'a@A.com', '1111', '1', '1', '2024-04-13 18:18:55', 1000, 0, NULL, NULL, 1, 1, 1),
	(202, 'a201', 'a', 'a', 1, '1', '2000-01-01', 'a@A.com', '1111', '1', '1', '2024-04-13 18:18:55', 1000, 0, NULL, NULL, 1, 1, 1),
	(203, 'a202', 'a', 'a', 1, '1', '2000-01-01', 'a@A.com', '1111', '1', '1', '2024-04-13 18:18:55', 1000, 0, NULL, NULL, 1, 1, 1),
	(204, 'a203', 'a', 'a', 1, '1', '2000-01-01', 'a@A.com', '1111', '1', '1', '2024-04-13 18:18:55', 1000, 0, NULL, NULL, 1, 1, 1),
	(205, 'a204', 'a', 'a', 1, '1', '2000-01-01', 'a@A.com', '1111', '1', '1', '2024-04-13 18:18:55', 1000, 0, NULL, NULL, 1, 1, 1),
	(206, 'a205', 'a', 'a', 1, '1', '2000-01-01', 'a@A.com', '1111', '1', '1', '2024-04-13 18:18:55', 1000, 0, NULL, NULL, 1, 1, 1),
	(207, 'a206', 'a', 'a', 1, '1', '2000-01-01', 'a@A.com', '1111', '1', '1', '2024-04-13 18:18:55', 1000, 0, NULL, NULL, 1, 1, 1),
	(208, 'a207', 'a', 'a', 1, '1', '2000-01-01', 'a@A.com', '1111', '1', '1', '2024-04-13 18:18:55', 1000, 0, NULL, NULL, 1, 1, 1),
	(209, 'a208', 'a', 'a', 1, '1', '2000-01-01', 'a@A.com', '1111', '1', '1', '2024-04-13 18:18:55', 1000, 0, NULL, NULL, 1, 1, 1),
	(210, 'a209', 'a', 'a', 1, '1', '2000-01-01', 'a@A.com', '1111', '1', '1', '2024-04-13 18:18:55', 1000, 0, NULL, NULL, 1, 1, 1),
	(211, 'a210', 'a', 'a', 1, '1', '2000-01-01', 'a@A.com', '1111', '1', '1', '2024-04-13 18:18:55', 1000, 0, NULL, NULL, 1, 1, 1),
	(212, 'a211', 'a', 'a', 1, '1', '2000-01-01', 'a@A.com', '1111', '1', '1', '2024-04-13 18:18:55', 1000, 0, NULL, NULL, 1, 1, 1),
	(213, 'a212', 'a', 'a', 1, '1', '2000-01-01', 'a@A.com', '1111', '1', '1', '2024-04-13 18:18:55', 1000, 0, NULL, NULL, 1, 1, 1),
	(214, 'a213', 'a', 'a', 1, '1', '2000-01-01', 'a@A.com', '1111', '1', '1', '2024-04-13 18:18:55', 1000, 0, NULL, NULL, 1, 1, 1),
	(215, 'a214', 'a', 'a', 1, '1', '2000-01-01', 'a@A.com', '1111', '1', '1', '2024-04-13 18:18:55', 1000, 0, NULL, NULL, 1, 1, 1),
	(216, 'a215', 'a', 'a', 1, '1', '2000-01-01', 'a@A.com', '1111', '1', '1', '2024-04-13 18:18:55', 1000, 0, NULL, NULL, 1, 1, 1),
	(217, 'a216', 'a', 'a', 1, '1', '2000-01-01', 'a@A.com', '1111', '1', '1', '2024-04-13 18:18:55', 1000, 0, NULL, NULL, 1, 1, 1),
	(218, 'a217', 'a', 'a', 1, '1', '2000-01-01', 'a@A.com', '1111', '1', '1', '2024-04-13 18:18:55', 1000, 0, NULL, NULL, 1, 1, 1),
	(219, 'a218', 'a', 'a', 1, '1', '2000-01-01', 'a@A.com', '1111', '1', '1', '2024-04-13 18:18:55', 1000, 0, NULL, NULL, 1, 1, 1),
	(220, 'a219', 'a', 'a', 1, '1', '2000-01-01', 'a@A.com', '1111', '1', '1', '2024-04-13 18:18:55', 1000, 0, NULL, NULL, 1, 1, 1),
	(221, 'a220', 'a', 'a', 1, '1', '2000-01-01', 'a@A.com', '1111', '1', '1', '2024-04-13 18:18:55', 1000, 0, NULL, NULL, 1, 1, 1),
	(222, 'a221', 'a', 'a', 1, '1', '2000-01-01', 'a@A.com', '1111', '1', '1', '2024-04-13 18:18:55', 1000, 0, NULL, NULL, 1, 1, 1),
	(223, 'a222', 'a', 'a', 1, '1', '2000-01-01', 'a@A.com', '1111', '1', '1', '2024-04-13 18:18:55', 1000, 0, NULL, NULL, 1, 1, 1),
	(224, 'a223', 'a', 'a', 1, '1', '2000-01-01', 'a@A.com', '1111', '1', '1', '2024-04-13 18:18:55', 1000, 0, NULL, NULL, 1, 1, 1),
	(225, 'a224', 'a', 'a', 1, '1', '2000-01-01', 'a@A.com', '1111', '1', '1', '2024-04-13 18:18:55', 1000, 0, NULL, NULL, 1, 1, 1),
	(226, 'a225', 'a', 'a', 1, '1', '2000-01-01', 'a@A.com', '1111', '1', '1', '2024-04-13 18:18:55', 1000, 0, NULL, NULL, 1, 1, 1),
	(227, 'a226', 'a', 'a', 1, '1', '2000-01-01', 'a@A.com', '1111', '1', '1', '2024-04-13 18:18:55', 1000, 0, NULL, NULL, 1, 1, 1),
	(228, 'a227', 'a', 'a', 1, '1', '2000-01-01', 'a@A.com', '1111', '1', '1', '2024-04-13 18:18:55', 1000, 0, NULL, NULL, 1, 1, 1),
	(229, 'a228', 'a', 'a', 1, '1', '2000-01-01', 'a@A.com', '1111', '1', '1', '2024-04-13 18:18:55', 1000, 0, NULL, NULL, 1, 1, 1),
	(230, 'a229', 'a', 'a', 1, '1', '2000-01-01', 'a@A.com', '1111', '1', '1', '2024-04-13 18:18:55', 1000, 0, NULL, NULL, 1, 1, 1),
	(231, 'a230', 'a', 'a', 1, '1', '2000-01-01', 'a@A.com', '1111', '1', '1', '2024-04-13 18:18:55', 1000, 0, NULL, NULL, 1, 1, 1),
	(232, 'a231', 'a', 'a', 1, '1', '2000-01-01', 'a@A.com', '1111', '1', '1', '2024-04-13 18:18:55', 1000, 0, NULL, NULL, 1, 1, 1),
	(233, 'a232', 'a', 'a', 1, '1', '2000-01-01', 'a@A.com', '1111', '1', '1', '2024-04-13 18:18:55', 1000, 0, NULL, NULL, 1, 1, 1),
	(234, 'a233', 'a', 'a', 1, '1', '2000-01-01', 'a@A.com', '1111', '1', '1', '2024-04-13 18:18:55', 1000, 0, NULL, NULL, 1, 1, 1),
	(235, 'a234', 'a', 'a', 1, '1', '2000-01-01', 'a@A.com', '1111', '1', '1', '2024-04-13 18:18:55', 1000, 0, NULL, NULL, 1, 1, 1),
	(236, 'a235', 'a', 'a', 1, '1', '2000-01-01', 'a@A.com', '1111', '1', '1', '2024-04-13 18:18:55', 1000, 0, NULL, NULL, 1, 1, 1),
	(237, 'a236', 'a', 'a', 1, '1', '2000-01-01', 'a@A.com', '1111', '1', '1', '2024-04-13 18:18:55', 1000, 0, NULL, NULL, 1, 1, 1),
	(238, 'a237', 'a', 'a', 1, '1', '2000-01-01', 'a@A.com', '1111', '1', '1', '2024-04-13 18:18:55', 1000, 0, NULL, NULL, 1, 1, 1),
	(239, 'a238', 'a', 'a', 1, '1', '2000-01-01', 'a@A.com', '1111', '1', '1', '2024-04-13 18:18:55', 1000, 0, NULL, NULL, 1, 1, 1),
	(240, 'a239', 'a', 'a', 1, '1', '2000-01-01', 'a@A.com', '1111', '1', '1', '2024-04-13 18:18:55', 1000, 0, NULL, NULL, 1, 1, 1),
	(241, 'a240', 'a', 'a', 1, '1', '2000-01-01', 'a@A.com', '1111', '1', '1', '2024-04-13 18:18:55', 1000, 0, NULL, NULL, 1, 1, 1),
	(242, 'a241', 'a', 'a', 1, '1', '2000-01-01', 'a@A.com', '1111', '1', '1', '2024-04-13 18:18:55', 1000, 0, NULL, NULL, 1, 1, 1),
	(243, 'a242', 'a', 'a', 1, '1', '2000-01-01', 'a@A.com', '1111', '1', '1', '2024-04-13 18:18:55', 1000, 0, NULL, NULL, 1, 1, 1),
	(244, 'a243', 'a', 'a', 1, '1', '2000-01-01', 'a@A.com', '1111', '1', '1', '2024-04-13 18:18:55', 1000, 0, NULL, NULL, 1, 1, 1),
	(245, 'a244', 'a', 'a', 1, '1', '2000-01-01', 'a@A.com', '1111', '1', '1', '2024-04-13 18:18:55', 1000, 0, NULL, NULL, 1, 1, 1),
	(246, 'a245', 'a', 'a', 1, '1', '2000-01-01', 'a@A.com', '1111', '1', '1', '2024-04-13 18:18:55', 1000, 0, NULL, NULL, 1, 1, 1),
	(247, 'a246', 'a', 'a', 1, '1', '2000-01-01', 'a@A.com', '1111', '1', '1', '2024-04-13 18:18:55', 1000, 0, NULL, NULL, 1, 1, 1),
	(248, 'a247', 'a', 'a', 1, '1', '2000-01-01', 'a@A.com', '1111', '1', '1', '2024-04-13 18:18:55', 1000, 0, NULL, NULL, 1, 1, 1),
	(249, 'a248', 'a', 'a', 1, '1', '2000-01-01', 'a@A.com', '1111', '1', '1', '2024-04-13 18:18:55', 1000, 0, NULL, NULL, 1, 1, 1),
	(250, 'a249', 'a', 'a', 1, '1', '2000-01-01', 'a@A.com', '1111', '1', '1', '2024-04-13 18:18:55', 1000, 0, NULL, NULL, 1, 1, 1),
	(251, 'a250', 'a', 'a', 1, '1', '2000-01-01', 'a@A.com', '1111', '1', '1', '2024-04-13 18:18:55', 1000, 0, NULL, NULL, 1, 1, 1),
	(252, 'a251', 'a', 'a', 1, '1', '2000-01-01', 'a@A.com', '1111', '1', '1', '2024-04-13 18:18:55', 1000, 0, NULL, NULL, 1, 1, 1),
	(253, 'a252', 'a', 'a', 1, '1', '2000-01-01', 'a@A.com', '1111', '1', '1', '2024-04-13 18:18:55', 1000, 0, NULL, NULL, 1, 1, 1),
	(254, 'a253', 'a', 'a', 1, '1', '2000-01-01', 'a@A.com', '1111', '1', '1', '2024-04-13 18:18:55', 1000, 0, NULL, NULL, 1, 1, 1),
	(255, 'a254', 'a', 'a', 1, '1', '2000-01-01', 'a@A.com', '1111', '1', '1', '2024-04-13 18:18:55', 1000, 0, NULL, NULL, 1, 1, 1),
	(256, 'a255', 'a', 'a', 1, '1', '2000-01-01', 'a@A.com', '1111', '1', '1', '2024-04-13 18:18:55', 1000, 0, NULL, NULL, 1, 1, 1),
	(257, 'a256', 'a', 'a', 1, '1', '2000-01-01', 'a@A.com', '1111', '1', '1', '2024-04-13 18:18:55', 1000, 0, NULL, NULL, 1, 1, 1),
	(258, 'a257', 'a', 'a', 1, '1', '2000-01-01', 'a@A.com', '1111', '1', '1', '2024-04-13 18:18:55', 1000, 0, NULL, NULL, 1, 1, 1),
	(259, 'a258', 'a', 'a', 1, '1', '2000-01-01', 'a@A.com', '1111', '1', '1', '2024-04-13 18:18:55', 1000, 0, NULL, NULL, 1, 1, 1),
	(260, 'a259', 'a', 'a', 1, '1', '2000-01-01', 'a@A.com', '1111', '1', '1', '2024-04-13 18:18:55', 1000, 0, NULL, NULL, 1, 1, 1),
	(261, 'a260', 'a', 'a', 1, '1', '2000-01-01', 'a@A.com', '1111', '1', '1', '2024-04-13 18:18:55', 1000, 0, NULL, NULL, 1, 1, 1),
	(262, 'a261', 'a', 'a', 1, '1', '2000-01-01', 'a@A.com', '1111', '1', '1', '2024-04-13 18:18:55', 1000, 0, NULL, NULL, 1, 1, 1),
	(263, 'a262', 'a', 'a', 1, '1', '2000-01-01', 'a@A.com', '1111', '1', '1', '2024-04-13 18:18:55', 1000, 0, NULL, NULL, 1, 1, 1),
	(264, 'a263', 'a', 'a', 1, '1', '2000-01-01', 'a@A.com', '1111', '1', '1', '2024-04-13 18:18:55', 1000, 0, NULL, NULL, 1, 1, 1),
	(265, 'a264', 'a', 'a', 1, '1', '2000-01-01', 'a@A.com', '1111', '1', '1', '2024-04-13 18:18:55', 1000, 0, NULL, NULL, 1, 1, 1),
	(266, 'a265', 'a', 'a', 1, '1', '2000-01-01', 'a@A.com', '1111', '1', '1', '2024-04-13 18:18:55', 1000, 0, NULL, NULL, 1, 1, 1),
	(267, 'a266', 'a', 'a', 1, '1', '2000-01-01', 'a@A.com', '1111', '1', '1', '2024-04-13 18:18:55', 1000, 0, NULL, NULL, 1, 1, 1),
	(268, 'a267', 'a', 'a', 1, '1', '2000-01-01', 'a@A.com', '1111', '1', '1', '2024-04-13 18:18:55', 1000, 0, NULL, NULL, 1, 1, 1),
	(269, 'a268', 'a', 'a', 1, '1', '2000-01-01', 'a@A.com', '1111', '1', '1', '2024-04-13 18:18:55', 1000, 0, NULL, NULL, 1, 1, 1),
	(270, 'a269', 'a', 'a', 1, '1', '2000-01-01', 'a@A.com', '1111', '1', '1', '2024-04-13 18:18:55', 1000, 0, NULL, NULL, 1, 1, 1),
	(271, 'a270', 'a', 'a', 1, '1', '2000-01-01', 'a@A.com', '1111', '1', '1', '2024-04-13 18:18:55', 1000, 0, NULL, NULL, 1, 1, 1),
	(272, 'a271', 'a', 'a', 1, '1', '2000-01-01', 'a@A.com', '1111', '1', '1', '2024-04-13 18:18:55', 1000, 0, NULL, NULL, 1, 1, 1),
	(273, 'a272', 'a', 'a', 1, '1', '2000-01-01', 'a@A.com', '1111', '1', '1', '2024-04-13 18:18:55', 1000, 0, NULL, NULL, 1, 1, 1),
	(274, 'a273', 'a', 'a', 1, '1', '2000-01-01', 'a@A.com', '1111', '1', '1', '2024-04-13 18:18:55', 1000, 0, NULL, NULL, 1, 1, 1),
	(275, 'a274', 'a', 'a', 1, '1', '2000-01-01', 'a@A.com', '1111', '1', '1', '2024-04-13 18:18:55', 1000, 0, NULL, NULL, 1, 1, 1),
	(276, 'a275', 'a', 'a', 1, '1', '2000-01-01', 'a@A.com', '1111', '1', '1', '2024-04-13 18:18:55', 1000, 0, NULL, NULL, 1, 1, 1),
	(277, 'a276', 'a', 'a', 1, '1', '2000-01-01', 'a@A.com', '1111', '1', '1', '2024-04-13 18:18:55', 1000, 0, NULL, NULL, 1, 1, 1),
	(278, 'a277', 'a', 'a', 1, '1', '2000-01-01', 'a@A.com', '1111', '1', '1', '2024-04-13 18:18:55', 1000, 0, NULL, NULL, 1, 1, 1),
	(279, 'a278', 'a', 'a', 1, '1', '2000-01-01', 'a@A.com', '1111', '1', '1', '2024-04-13 18:18:55', 1000, 0, NULL, NULL, 1, 1, 1),
	(280, 'a279', 'a', 'a', 1, '1', '2000-01-01', 'a@A.com', '1111', '1', '1', '2024-04-13 18:18:55', 1000, 0, NULL, NULL, 1, 1, 1),
	(281, 'a280', 'a', 'a', 1, '1', '2000-01-01', 'a@A.com', '1111', '1', '1', '2024-04-13 18:18:55', 1000, 0, NULL, NULL, 1, 1, 1),
	(282, 'a281', 'a', 'a', 1, '1', '2000-01-01', 'a@A.com', '1111', '1', '1', '2024-04-13 18:18:55', 1000, 0, NULL, NULL, 1, 1, 1),
	(283, 'a282', 'a', 'a', 1, '1', '2000-01-01', 'a@A.com', '1111', '1', '1', '2024-04-13 18:18:55', 1000, 0, NULL, NULL, 1, 1, 1),
	(284, 'a283', 'a', 'a', 1, '1', '2000-01-01', 'a@A.com', '1111', '1', '1', '2024-04-13 18:18:55', 1000, 0, NULL, NULL, 1, 1, 1),
	(285, 'a284', 'a', 'a', 1, '1', '2000-01-01', 'a@A.com', '1111', '1', '1', '2024-04-13 18:18:55', 1000, 0, NULL, NULL, 1, 1, 1),
	(286, 'a285', 'a', 'a', 1, '1', '2000-01-01', 'a@A.com', '1111', '1', '1', '2024-04-13 18:18:55', 1000, 0, NULL, NULL, 1, 1, 1),
	(287, 'a286', 'a', 'a', 1, '1', '2000-01-01', 'a@A.com', '1111', '1', '1', '2024-04-13 18:18:55', 1000, 0, NULL, NULL, 1, 1, 1),
	(288, 'a287', 'a', 'a', 1, '1', '2000-01-01', 'a@A.com', '1111', '1', '1', '2024-04-13 18:18:55', 1000, 0, NULL, NULL, 1, 1, 1),
	(289, 'a288', 'a', 'a', 1, '1', '2000-01-01', 'a@A.com', '1111', '1', '1', '2024-04-13 18:18:55', 1000, 0, NULL, NULL, 1, 1, 1),
	(290, 'a289', 'a', 'a', 1, '1', '2000-01-01', 'a@A.com', '1111', '1', '1', '2024-04-13 18:18:55', 1000, 0, NULL, NULL, 1, 1, 1),
	(291, 'a290', 'a', 'a', 1, '1', '2000-01-01', 'a@A.com', '1111', '1', '1', '2024-04-13 18:18:55', 1000, 0, NULL, NULL, 1, 1, 1),
	(292, 'a291', 'a', 'a', 1, '1', '2000-01-01', 'a@A.com', '1111', '1', '1', '2024-04-13 18:18:55', 1000, 0, NULL, NULL, 1, 1, 1),
	(293, 'a292', 'a', 'a', 1, '1', '2000-01-01', 'a@A.com', '1111', '1', '1', '2024-04-13 18:18:55', 1000, 0, NULL, NULL, 1, 1, 1),
	(294, 'a293', 'a', 'a', 1, '1', '2000-01-01', 'a@A.com', '1111', '1', '1', '2024-04-13 18:18:55', 1000, 0, NULL, NULL, 1, 1, 1),
	(295, 'a294', 'a', 'a', 1, '1', '2000-01-01', 'a@A.com', '1111', '1', '1', '2024-04-13 18:18:55', 1000, 0, NULL, NULL, 1, 1, 1),
	(296, 'a295', 'a', 'a', 1, '1', '2000-01-01', 'a@A.com', '1111', '1', '1', '2024-04-13 18:18:55', 1000, 0, NULL, NULL, 1, 1, 1),
	(297, 'a296', 'a', 'a', 1, '1', '2000-01-01', 'a@A.com', '1111', '1', '1', '2024-04-13 18:18:55', 1000, 0, NULL, NULL, 1, 1, 1),
	(298, 'a297', 'a', 'a', 1, '1', '2000-01-01', 'a@A.com', '1111', '1', '1', '2024-04-13 18:18:55', 1000, 0, NULL, NULL, 1, 1, 1),
	(299, 'a298', 'a', 'a', 1, '1', '2000-01-01', 'a@A.com', '1111', '1', '1', '2024-04-13 18:18:55', 1000, 0, NULL, NULL, 1, 1, 1),
	(300, 'a299', 'a', 'a', 1, '1', '2000-01-01', 'a@A.com', '1111', '1', '1', '2024-04-13 18:18:55', 1000, 0, NULL, NULL, 1, 1, 1),
	(301, 'a300', 'a', 'a', 1, '1', '2000-01-01', 'a@A.com', '1111', '1', '1', '2024-04-13 18:18:55', 1000, 0, NULL, NULL, 1, 1, 1),
	(302, 'a301', 'a', 'a', 1, '1', '2000-01-01', 'a@A.com', '1111', '1', '1', '2024-04-13 18:18:55', 1000, 0, NULL, NULL, 1, 1, 1),
	(303, 'a302', 'a', 'a', 1, '1', '2000-01-01', 'a@A.com', '1111', '1', '1', '2024-04-13 18:18:55', 1000, 0, NULL, NULL, 1, 1, 1),
	(304, 'a303', 'a', 'a', 1, '1', '2000-01-01', 'a@A.com', '1111', '1', '1', '2024-04-13 18:18:55', 1000, 0, NULL, NULL, 1, 1, 1),
	(305, 'a304', 'a', 'a', 1, '1', '2000-01-01', 'a@A.com', '1111', '1', '1', '2024-04-13 18:18:55', 1000, 0, NULL, NULL, 1, 1, 1),
	(306, 'a305', 'a', 'a', 1, '1', '2000-01-01', 'a@A.com', '1111', '1', '1', '2024-04-13 18:18:55', 1000, 0, NULL, NULL, 1, 1, 1),
	(307, 'a306', 'a', 'a', 1, '1', '2000-01-01', 'a@A.com', '1111', '1', '1', '2024-04-13 18:18:55', 1000, 0, NULL, NULL, 1, 1, 1),
	(308, 'a307', 'a', 'a', 1, '1', '2000-01-01', 'a@A.com', '1111', '1', '1', '2024-04-13 18:18:55', 1000, 0, NULL, NULL, 1, 1, 1),
	(309, 'a308', 'a', 'a', 1, '1', '2000-01-01', 'a@A.com', '1111', '1', '1', '2024-04-13 18:18:55', 1000, 0, NULL, NULL, 1, 1, 1),
	(310, 'a309', 'a', 'a', 1, '1', '2000-01-01', 'a@A.com', '1111', '1', '1', '2024-04-13 18:18:55', 1000, 0, NULL, NULL, 1, 1, 1),
	(311, 'a310', 'a', 'a', 1, '1', '2000-01-01', 'a@A.com', '1111', '1', '1', '2024-04-13 18:18:55', 1000, 0, NULL, NULL, 1, 1, 1),
	(312, 'a311', 'a', 'a', 1, '1', '2000-01-01', 'a@A.com', '1111', '1', '1', '2024-04-13 18:18:55', 1000, 0, NULL, NULL, 1, 1, 1),
	(313, 'a312', 'a', 'a', 1, '1', '2000-01-01', 'a@A.com', '1111', '1', '1', '2024-04-13 18:18:55', 1000, 0, NULL, NULL, 1, 1, 1),
	(314, 'a313', 'a', 'a', 1, '1', '2000-01-01', 'a@A.com', '1111', '1', '1', '2024-04-13 18:18:55', 1000, 0, NULL, NULL, 1, 1, 1),
	(315, 'a314', 'a', 'a', 1, '1', '2000-01-01', 'a@A.com', '1111', '1', '1', '2024-04-13 18:18:55', 1000, 0, NULL, NULL, 1, 1, 1),
	(316, 'a315', 'a', 'a', 1, '1', '2000-01-01', 'a@A.com', '1111', '1', '1', '2024-04-13 18:18:55', 1000, 0, NULL, NULL, 1, 1, 1),
	(317, 'a316', 'a', 'a', 1, '1', '2000-01-01', 'a@A.com', '1111', '1', '1', '2024-04-13 18:18:55', 1000, 0, NULL, NULL, 1, 1, 1),
	(318, 'a317', 'a', 'a', 1, '1', '2000-01-01', 'a@A.com', '1111', '1', '1', '2024-04-13 18:18:55', 1000, 0, NULL, NULL, 1, 1, 1),
	(319, 'a318', 'a', 'a', 1, '1', '2000-01-01', 'a@A.com', '1111', '1', '1', '2024-04-13 18:18:55', 1000, 0, NULL, NULL, 1, 1, 1),
	(320, 'a319', 'a', 'a', 1, '1', '2000-01-01', 'a@A.com', '1111', '1', '1', '2024-04-13 18:18:55', 1000, 0, NULL, NULL, 1, 1, 1),
	(321, 'a320', 'a', 'a', 1, '1', '2000-01-01', 'a@A.com', '1111', '1', '1', '2024-04-13 18:18:55', 1000, 0, NULL, NULL, 1, 1, 1),
	(322, 'a321', 'a', 'a', 1, '1', '2000-01-01', 'a@A.com', '1111', '1', '1', '2024-04-13 18:18:55', 1000, 0, NULL, NULL, 1, 1, 1),
	(323, 'a322', 'a', 'a', 1, '1', '2000-01-01', 'a@A.com', '1111', '1', '1', '2024-04-13 18:18:55', 1000, 0, NULL, NULL, 1, 1, 1),
	(324, 'a323', 'a', 'a', 1, '1', '2000-01-01', 'a@A.com', '1111', '1', '1', '2024-04-13 18:18:55', 1000, 0, NULL, NULL, 1, 1, 1),
	(325, 'a324', 'a', 'a', 1, '1', '2000-01-01', 'a@A.com', '1111', '1', '1', '2024-04-13 18:18:55', 1000, 0, NULL, NULL, 1, 1, 1),
	(326, 'a325', 'a', 'a', 1, '1', '2000-01-01', 'a@A.com', '1111', '1', '1', '2024-04-13 18:18:55', 1000, 0, NULL, NULL, 1, 1, 1),
	(327, 'a326', 'a', 'a', 1, '1', '2000-01-01', 'a@A.com', '1111', '1', '1', '2024-04-13 18:18:55', 1000, 0, NULL, NULL, 1, 1, 1),
	(328, 'a327', 'a', 'a', 1, '1', '2000-01-01', 'a@A.com', '1111', '1', '1', '2024-04-13 18:18:55', 1000, 0, NULL, NULL, 1, 1, 1),
	(329, 'a328', 'a', 'a', 1, '1', '2000-01-01', 'a@A.com', '1111', '1', '1', '2024-04-13 18:18:55', 1000, 0, NULL, NULL, 1, 1, 1),
	(330, 'a329', 'a', 'a', 1, '1', '2000-01-01', 'a@A.com', '1111', '1', '1', '2024-04-13 18:18:55', 1000, 0, NULL, NULL, 1, 1, 1),
	(331, 'a330', 'a', 'a', 1, '1', '2000-01-01', 'a@A.com', '1111', '1', '1', '2024-04-13 18:18:55', 1000, 0, NULL, NULL, 1, 1, 1),
	(332, 'a331', 'a', 'a', 1, '1', '2000-01-01', 'a@A.com', '1111', '1', '1', '2024-04-13 18:18:55', 1000, 0, NULL, NULL, 1, 1, 1),
	(333, 'a332', 'a', 'a', 1, '1', '2000-01-01', 'a@A.com', '1111', '1', '1', '2024-04-13 18:18:55', 1000, 0, NULL, NULL, 1, 1, 1),
	(334, 'a333', 'a', 'a', 1, '1', '2000-01-01', 'a@A.com', '1111', '1', '1', '2024-04-13 18:18:55', 1000, 0, NULL, NULL, 1, 1, 1),
	(335, 'a334', 'a', 'a', 1, '1', '2000-01-01', 'a@A.com', '1111', '1', '1', '2024-04-13 18:18:55', 1000, 0, NULL, NULL, 1, 1, 1),
	(336, 'a335', 'a', 'a', 1, '1', '2000-01-01', 'a@A.com', '1111', '1', '1', '2024-04-13 18:18:55', 1000, 0, NULL, NULL, 1, 1, 1),
	(337, 'a336', 'a', 'a', 1, '1', '2000-01-01', 'a@A.com', '1111', '1', '1', '2024-04-13 18:18:55', 1000, 0, NULL, NULL, 1, 1, 1),
	(338, 'a337', 'a', 'a', 1, '1', '2000-01-01', 'a@A.com', '1111', '1', '1', '2024-04-13 18:18:55', 1000, 0, NULL, NULL, 1, 1, 1),
	(339, 'a338', 'a', 'a', 1, '1', '2000-01-01', 'a@A.com', '1111', '1', '1', '2024-04-13 18:18:55', 1000, 0, NULL, NULL, 1, 1, 1),
	(340, 'a339', 'a', 'a', 1, '1', '2000-01-01', 'a@A.com', '1111', '1', '1', '2024-04-13 18:18:55', 1000, 0, NULL, NULL, 1, 1, 1),
	(341, 'a340', 'a', 'a', 1, '1', '2000-01-01', 'a@A.com', '1111', '1', '1', '2024-04-13 18:18:55', 1000, 0, NULL, NULL, 1, 1, 1),
	(342, 'a341', 'a', 'a', 1, '1', '2000-01-01', 'a@A.com', '1111', '1', '1', '2024-04-13 18:18:55', 1000, 0, NULL, NULL, 1, 1, 1),
	(343, 'a342', 'a', 'a', 1, '1', '2000-01-01', 'a@A.com', '1111', '1', '1', '2024-04-13 18:18:55', 1000, 0, NULL, NULL, 1, 1, 1),
	(344, 'a343', 'a', 'a', 1, '1', '2000-01-01', 'a@A.com', '1111', '1', '1', '2024-04-13 18:18:55', 1000, 0, NULL, NULL, 1, 1, 1),
	(345, 'a344', 'a', 'a', 1, '1', '2000-01-01', 'a@A.com', '1111', '1', '1', '2024-04-13 18:18:55', 1000, 0, NULL, NULL, 1, 1, 1),
	(346, 'a345', 'a', 'a', 1, '1', '2000-01-01', 'a@A.com', '1111', '1', '1', '2024-04-13 18:18:55', 1000, 0, NULL, NULL, 1, 1, 1),
	(347, 'a346', 'a', 'a', 1, '1', '2000-01-01', 'a@A.com', '1111', '1', '1', '2024-04-13 18:18:55', 1000, 0, NULL, NULL, 1, 1, 1),
	(348, 'a347', 'a', 'a', 1, '1', '2000-01-01', 'a@A.com', '1111', '1', '1', '2024-04-13 18:18:55', 1000, 0, NULL, NULL, 1, 1, 1),
	(349, 'a348', 'a', 'a', 1, '1', '2000-01-01', 'a@A.com', '1111', '1', '1', '2024-04-13 18:18:55', 1000, 0, NULL, NULL, 1, 1, 1),
	(350, 'a349', 'a', 'a', 1, '1', '2000-01-01', 'a@A.com', '1111', '1', '1', '2024-04-13 18:18:55', 1000, 0, NULL, NULL, 1, 1, 1),
	(351, 'a350', 'a', 'a', 1, '1', '2000-01-01', 'a@A.com', '1111', '1', '1', '2024-04-13 18:18:55', 1000, 0, NULL, NULL, 1, 1, 1),
	(352, 'a351', 'a', 'a', 1, '1', '2000-01-01', 'a@A.com', '1111', '1', '1', '2024-04-13 18:18:55', 1000, 0, NULL, NULL, 1, 1, 1),
	(353, 'a352', 'a', 'a', 1, '1', '2000-01-01', 'a@A.com', '1111', '1', '1', '2024-04-13 18:18:55', 1000, 0, NULL, NULL, 1, 1, 1),
	(354, 'a353', 'a', 'a', 1, '1', '2000-01-01', 'a@A.com', '1111', '1', '1', '2024-04-13 18:18:55', 1000, 0, NULL, NULL, 1, 1, 1),
	(355, 'a354', 'a', 'a', 1, '1', '2000-01-01', 'a@A.com', '1111', '1', '1', '2024-04-13 18:18:55', 1000, 0, NULL, NULL, 1, 1, 1),
	(356, 'a355', 'a', 'a', 1, '1', '2000-01-01', 'a@A.com', '1111', '1', '1', '2024-04-13 18:18:55', 1000, 0, NULL, NULL, 1, 1, 1),
	(357, 'a356', 'a', 'a', 1, '1', '2000-01-01', 'a@A.com', '1111', '1', '1', '2024-04-13 18:18:55', 1000, 0, NULL, NULL, 1, 1, 1),
	(358, 'a357', 'a', 'a', 1, '1', '2000-01-01', 'a@A.com', '1111', '1', '1', '2024-04-13 18:18:55', 1000, 0, NULL, NULL, 1, 1, 1),
	(359, 'a358', 'a', 'a', 1, '1', '2000-01-01', 'a@A.com', '1111', '1', '1', '2024-04-13 18:18:55', 1000, 0, NULL, NULL, 1, 1, 1),
	(360, 'a359', 'a', 'a', 1, '1', '2000-01-01', 'a@A.com', '1111', '1', '1', '2024-04-13 18:18:55', 1000, 0, NULL, NULL, 1, 1, 1),
	(361, 'a360', 'a', 'a', 1, '1', '2000-01-01', 'a@A.com', '1111', '1', '1', '2024-04-13 18:18:55', 1000, 0, NULL, NULL, 1, 1, 1),
	(362, 'a361', 'a', 'a', 1, '1', '2000-01-01', 'a@A.com', '1111', '1', '1', '2024-04-13 18:18:55', 1000, 0, NULL, NULL, 1, 1, 1),
	(363, 'a362', 'a', 'a', 1, '1', '2000-01-01', 'a@A.com', '1111', '1', '1', '2024-04-13 18:18:55', 1000, 0, NULL, NULL, 1, 1, 1),
	(364, 'a363', 'a', 'a', 1, '1', '2000-01-01', 'a@A.com', '1111', '1', '1', '2024-04-13 18:18:55', 1000, 0, NULL, NULL, 1, 1, 1),
	(365, 'a364', 'a', 'a', 1, '1', '2000-01-01', 'a@A.com', '1111', '1', '1', '2024-04-13 18:18:55', 1000, 0, NULL, NULL, 1, 1, 1),
	(366, 'a365', 'a', 'a', 1, '1', '2000-01-01', 'a@A.com', '1111', '1', '1', '2024-04-13 18:18:55', 1000, 0, NULL, NULL, 1, 1, 1),
	(367, 'a366', 'a', 'a', 1, '1', '2000-01-01', 'a@A.com', '1111', '1', '1', '2024-04-13 18:18:55', 1000, 0, NULL, NULL, 1, 1, 1),
	(368, 'a367', 'a', 'a', 1, '1', '2000-01-01', 'a@A.com', '1111', '1', '1', '2024-04-13 18:18:55', 1000, 0, NULL, NULL, 1, 1, 1),
	(369, 'a368', 'a', 'a', 1, '1', '2000-01-01', 'a@A.com', '1111', '1', '1', '2024-04-13 18:18:55', 1000, 0, NULL, NULL, 1, 1, 1),
	(370, 'a369', 'a', 'a', 1, '1', '2000-01-01', 'a@A.com', '1111', '1', '1', '2024-04-13 18:18:55', 1000, 0, NULL, NULL, 1, 1, 1),
	(371, 'a370', 'a', 'a', 1, '1', '2000-01-01', 'a@A.com', '1111', '1', '1', '2024-04-13 18:18:55', 1000, 0, NULL, NULL, 1, 1, 1),
	(372, 'a371', 'a', 'a', 1, '1', '2000-01-01', 'a@A.com', '1111', '1', '1', '2024-04-13 18:18:55', 1000, 0, NULL, NULL, 1, 1, 1),
	(373, 'a372', 'a', 'a', 1, '1', '2000-01-01', 'a@A.com', '1111', '1', '1', '2024-04-13 18:18:55', 1000, 0, NULL, NULL, 1, 1, 1),
	(374, 'a373', 'a', 'a', 1, '1', '2000-01-01', 'a@A.com', '1111', '1', '1', '2024-04-13 18:18:55', 1000, 0, NULL, NULL, 1, 1, 1),
	(375, 'a374', 'a', 'a', 1, '1', '2000-01-01', 'a@A.com', '1111', '1', '1', '2024-04-13 18:18:55', 1000, 0, NULL, NULL, 1, 1, 1),
	(376, 'a375', 'a', 'a', 1, '1', '2000-01-01', 'a@A.com', '1111', '1', '1', '2024-04-13 18:18:55', 1000, 0, NULL, NULL, 1, 1, 1),
	(377, 'a376', 'a', 'a', 1, '1', '2000-01-01', 'a@A.com', '1111', '1', '1', '2024-04-13 18:18:55', 1000, 0, NULL, NULL, 1, 1, 1),
	(378, 'a377', 'a', 'a', 1, '1', '2000-01-01', 'a@A.com', '1111', '1', '1', '2024-04-13 18:18:55', 1000, 0, NULL, NULL, 1, 1, 1),
	(379, 'a378', 'a', 'a', 1, '1', '2000-01-01', 'a@A.com', '1111', '1', '1', '2024-04-13 18:18:55', 1000, 0, NULL, NULL, 1, 1, 1),
	(380, 'a379', 'a', 'a', 1, '1', '2000-01-01', 'a@A.com', '1111', '1', '1', '2024-04-13 18:18:55', 1000, 0, NULL, NULL, 1, 1, 1),
	(381, 'a380', 'a', 'a', 1, '1', '2000-01-01', 'a@A.com', '1111', '1', '1', '2024-04-13 18:18:55', 1000, 0, NULL, NULL, 1, 1, 1),
	(382, 'a381', 'a', 'a', 1, '1', '2000-01-01', 'a@A.com', '1111', '1', '1', '2024-04-13 18:18:55', 1000, 0, NULL, NULL, 1, 1, 1),
	(383, 'a382', 'a', 'a', 1, '1', '2000-01-01', 'a@A.com', '1111', '1', '1', '2024-04-13 18:18:55', 1000, 0, NULL, NULL, 1, 1, 1),
	(384, 'a383', 'a', 'a', 1, '1', '2000-01-01', 'a@A.com', '1111', '1', '1', '2024-04-13 18:18:55', 1000, 0, NULL, NULL, 1, 1, 1),
	(385, 'a384', 'a', 'a', 1, '1', '2000-01-01', 'a@A.com', '1111', '1', '1', '2024-04-13 18:18:55', 1000, 0, NULL, NULL, 1, 1, 1),
	(386, 'a385', 'a', 'a', 1, '1', '2000-01-01', 'a@A.com', '1111', '1', '1', '2024-04-13 18:18:55', 1000, 0, NULL, NULL, 1, 1, 1),
	(387, 'a386', 'a', 'a', 1, '1', '2000-01-01', 'a@A.com', '1111', '1', '1', '2024-04-13 18:18:55', 1000, 0, NULL, NULL, 1, 1, 1),
	(388, 'a387', 'a', 'a', 1, '1', '2000-01-01', 'a@A.com', '1111', '1', '1', '2024-04-13 18:18:55', 1000, 0, NULL, NULL, 1, 1, 1),
	(389, 'a388', 'a', 'a', 1, '1', '2000-01-01', 'a@A.com', '1111', '1', '1', '2024-04-13 18:18:55', 1000, 0, NULL, NULL, 1, 1, 1),
	(390, 'a389', 'a', 'a', 1, '1', '2000-01-01', 'a@A.com', '1111', '1', '1', '2024-04-13 18:18:55', 1000, 0, NULL, NULL, 1, 1, 1),
	(391, 'a390', 'a', 'a', 1, '1', '2000-01-01', 'a@A.com', '1111', '1', '1', '2024-04-13 18:18:55', 1000, 0, NULL, NULL, 1, 1, 1),
	(392, 'a391', 'a', 'a', 1, '1', '2000-01-01', 'a@A.com', '1111', '1', '1', '2024-04-13 18:18:55', 1000, 0, NULL, NULL, 1, 1, 1),
	(393, 'a392', 'a', 'a', 1, '1', '2000-01-01', 'a@A.com', '1111', '1', '1', '2024-04-13 18:18:55', 1000, 0, NULL, NULL, 1, 1, 1),
	(394, 'a393', 'a', 'a', 1, '1', '2000-01-01', 'a@A.com', '1111', '1', '1', '2024-04-13 18:18:55', 1000, 0, NULL, NULL, 1, 1, 1),
	(395, 'a394', 'a', 'a', 1, '1', '2000-01-01', 'a@A.com', '1111', '1', '1', '2024-04-13 18:18:55', 1000, 0, NULL, NULL, 1, 1, 1),
	(396, 'a395', 'a', 'a', 1, '1', '2000-01-01', 'a@A.com', '1111', '1', '1', '2024-04-13 18:18:55', 1000, 0, NULL, NULL, 1, 1, 1),
	(397, 'a396', 'a', 'a', 1, '1', '2000-01-01', 'a@A.com', '1111', '1', '1', '2024-04-13 18:18:55', 1000, 0, NULL, NULL, 1, 1, 1),
	(398, 'a397', 'a', 'a', 1, '1', '2000-01-01', 'a@A.com', '1111', '1', '1', '2024-04-13 18:18:55', 1000, 0, NULL, NULL, 1, 1, 1),
	(399, 'a398', 'a', 'a', 1, '1', '2000-01-01', 'a@A.com', '1111', '1', '1', '2024-04-13 18:18:55', 1000, 0, NULL, NULL, 1, 1, 1),
	(400, 'a399', 'a', 'a', 1, '1', '2000-01-01', 'a@A.com', '1111', '1', '1', '2024-04-13 18:18:55', 1000, 0, NULL, NULL, 1, 1, 1),
	(401, 'a400', 'a', 'a', 1, '1', '2000-01-01', 'a@A.com', '1111', '1', '1', '2024-04-13 18:18:55', 1000, 0, NULL, NULL, 1, 1, 1),
	(402, 'a401', 'a', 'a', 1, '1', '2000-01-01', 'a@A.com', '1111', '1', '1', '2024-04-13 18:18:55', 1000, 0, NULL, NULL, 1, 1, 1),
	(403, 'a402', 'a', 'a', 1, '1', '2000-01-01', 'a@A.com', '1111', '1', '1', '2024-04-13 18:18:55', 1000, 0, NULL, NULL, 1, 1, 1),
	(404, 'a403', 'a', 'a', 1, '1', '2000-01-01', 'a@A.com', '1111', '1', '1', '2024-04-13 18:18:55', 1000, 0, NULL, NULL, 1, 1, 1),
	(405, 'a404', 'a', 'a', 1, '1', '2000-01-01', 'a@A.com', '1111', '1', '1', '2024-04-13 18:18:55', 1000, 0, NULL, NULL, 1, 1, 1),
	(406, 'a405', 'a', 'a', 1, '1', '2000-01-01', 'a@A.com', '1111', '1', '1', '2024-04-13 18:18:55', 1000, 0, NULL, NULL, 1, 1, 1),
	(407, 'a406', 'a', 'a', 1, '1', '2000-01-01', 'a@A.com', '1111', '1', '1', '2024-04-13 18:18:55', 1000, 0, NULL, NULL, 1, 1, 1),
	(408, 'a407', 'a', 'a', 1, '1', '2000-01-01', 'a@A.com', '1111', '1', '1', '2024-04-13 18:18:55', 1000, 0, NULL, NULL, 1, 1, 1),
	(409, 'a408', 'a', 'a', 1, '1', '2000-01-01', 'a@A.com', '1111', '1', '1', '2024-04-13 18:18:55', 1000, 0, NULL, NULL, 1, 1, 1),
	(410, 'a409', 'a', 'a', 1, '1', '2000-01-01', 'a@A.com', '1111', '1', '1', '2024-04-13 18:18:55', 1000, 0, NULL, NULL, 1, 1, 1),
	(411, 'a410', 'a', 'a', 1, '1', '2000-01-01', 'a@A.com', '1111', '1', '1', '2024-04-13 18:18:55', 1000, 0, NULL, NULL, 1, 1, 1),
	(412, 'a411', 'a', 'a', 1, '1', '2000-01-01', 'a@A.com', '1111', '1', '1', '2024-04-13 18:18:55', 1000, 0, NULL, NULL, 1, 1, 1),
	(413, 'a412', 'a', 'a', 1, '1', '2000-01-01', 'a@A.com', '1111', '1', '1', '2024-04-13 18:18:55', 1000, 0, NULL, NULL, 1, 1, 1),
	(414, 'a413', 'a', 'a', 1, '1', '2000-01-01', 'a@A.com', '1111', '1', '1', '2024-04-13 18:18:55', 1000, 0, NULL, NULL, 1, 1, 1),
	(415, 'a414', 'a', 'a', 1, '1', '2000-01-01', 'a@A.com', '1111', '1', '1', '2024-04-13 18:18:55', 1000, 0, NULL, NULL, 1, 1, 1),
	(416, 'a415', 'a', 'a', 1, '1', '2000-01-01', 'a@A.com', '1111', '1', '1', '2024-04-13 18:18:55', 1000, 0, NULL, NULL, 1, 1, 1),
	(417, 'a416', 'a', 'a', 1, '1', '2000-01-01', 'a@A.com', '1111', '1', '1', '2024-04-13 18:18:55', 1000, 0, NULL, NULL, 1, 1, 1),
	(418, 'a417', 'a', 'a', 1, '1', '2000-01-01', 'a@A.com', '1111', '1', '1', '2024-04-13 18:18:55', 1000, 0, NULL, NULL, 1, 1, 1),
	(419, 'a418', 'a', 'a', 1, '1', '2000-01-01', 'a@A.com', '1111', '1', '1', '2024-04-13 18:18:55', 1000, 0, NULL, NULL, 1, 1, 1),
	(420, 'a419', 'a', 'a', 1, '1', '2000-01-01', 'a@A.com', '1111', '1', '1', '2024-04-13 18:18:55', 1000, 0, NULL, NULL, 1, 1, 1),
	(421, 'a420', 'a', 'a', 1, '1', '2000-01-01', 'a@A.com', '1111', '1', '1', '2024-04-13 18:18:55', 1000, 0, NULL, NULL, 1, 1, 1),
	(422, 'a421', 'a', 'a', 1, '1', '2000-01-01', 'a@A.com', '1111', '1', '1', '2024-04-13 18:18:55', 1000, 0, NULL, NULL, 1, 1, 1),
	(423, 'a422', 'a', 'a', 1, '1', '2000-01-01', 'a@A.com', '1111', '1', '1', '2024-04-13 18:18:55', 1000, 0, NULL, NULL, 1, 1, 1),
	(424, 'a423', 'a', 'a', 1, '1', '2000-01-01', 'a@A.com', '1111', '1', '1', '2024-04-13 18:18:55', 1000, 0, NULL, NULL, 1, 1, 1),
	(425, 'a424', 'a', 'a', 1, '1', '2000-01-01', 'a@A.com', '1111', '1', '1', '2024-04-13 18:18:55', 1000, 0, NULL, NULL, 1, 1, 1),
	(426, 'a425', 'a', 'a', 1, '1', '2000-01-01', 'a@A.com', '1111', '1', '1', '2024-04-13 18:18:55', 1000, 0, NULL, NULL, 1, 1, 1),
	(427, 'a426', 'a', 'a', 1, '1', '2000-01-01', 'a@A.com', '1111', '1', '1', '2024-04-13 18:18:55', 1000, 0, NULL, NULL, 1, 1, 1),
	(428, 'a427', 'a', 'a', 1, '1', '2000-01-01', 'a@A.com', '1111', '1', '1', '2024-04-13 18:18:55', 1000, 0, NULL, NULL, 1, 1, 1),
	(429, 'a428', 'a', 'a', 1, '1', '2000-01-01', 'a@A.com', '1111', '1', '1', '2024-04-13 18:18:55', 1000, 0, NULL, NULL, 1, 1, 1),
	(430, 'a429', 'a', 'a', 1, '1', '2000-01-01', 'a@A.com', '1111', '1', '1', '2024-04-13 18:18:55', 1000, 0, NULL, NULL, 1, 1, 1),
	(431, 'a430', 'a', 'a', 1, '1', '2000-01-01', 'a@A.com', '1111', '1', '1', '2024-04-13 18:18:55', 1000, 0, NULL, NULL, 1, 1, 1),
	(432, 'a431', 'a', 'a', 1, '1', '2000-01-01', 'a@A.com', '1111', '1', '1', '2024-04-13 18:18:55', 1000, 0, NULL, NULL, 1, 1, 1),
	(433, 'a432', 'a', 'a', 1, '1', '2000-01-01', 'a@A.com', '1111', '1', '1', '2024-04-13 18:18:55', 1000, 0, NULL, NULL, 1, 1, 1),
	(434, 'a433', 'a', 'a', 1, '1', '2000-01-01', 'a@A.com', '1111', '1', '1', '2024-04-13 18:18:55', 1000, 0, NULL, NULL, 1, 1, 1),
	(435, 'a434', 'a', 'a', 1, '1', '2000-01-01', 'a@A.com', '1111', '1', '1', '2024-04-13 18:18:55', 1000, 0, NULL, NULL, 1, 1, 1),
	(436, 'a435', 'a', 'a', 1, '1', '2000-01-01', 'a@A.com', '1111', '1', '1', '2024-04-13 18:18:55', 1000, 0, NULL, NULL, 1, 1, 1),
	(437, 'a436', 'a', 'a', 1, '1', '2000-01-01', 'a@A.com', '1111', '1', '1', '2024-04-13 18:18:55', 1000, 0, NULL, NULL, 1, 1, 1),
	(438, 'a437', 'a', 'a', 1, '1', '2000-01-01', 'a@A.com', '1111', '1', '1', '2024-04-13 18:18:55', 1000, 0, NULL, NULL, 1, 1, 1),
	(439, 'a438', 'a', 'a', 1, '1', '2000-01-01', 'a@A.com', '1111', '1', '1', '2024-04-13 18:18:55', 1000, 0, NULL, NULL, 1, 1, 1),
	(440, 'a439', 'a', 'a', 1, '1', '2000-01-01', 'a@A.com', '1111', '1', '1', '2024-04-13 18:18:55', 1000, 0, NULL, NULL, 1, 1, 1),
	(441, 'a440', 'a', 'a', 1, '1', '2000-01-01', 'a@A.com', '1111', '1', '1', '2024-04-13 18:18:55', 1000, 0, NULL, NULL, 1, 1, 1),
	(442, 'a441', 'a', 'a', 1, '1', '2000-01-01', 'a@A.com', '1111', '1', '1', '2024-04-13 18:18:55', 1000, 0, NULL, NULL, 1, 1, 1),
	(443, 'a442', 'a', 'a', 1, '1', '2000-01-01', 'a@A.com', '1111', '1', '1', '2024-04-13 18:18:55', 1000, 0, NULL, NULL, 1, 1, 1),
	(444, 'a443', 'a', 'a', 1, '1', '2000-01-01', 'a@A.com', '1111', '1', '1', '2024-04-13 18:18:55', 1000, 0, NULL, NULL, 1, 1, 1),
	(445, 'a444', 'a', 'a', 1, '1', '2000-01-01', 'a@A.com', '1111', '1', '1', '2024-04-13 18:18:55', 1000, 0, NULL, NULL, 1, 1, 1),
	(446, 'a445', 'a', 'a', 1, '1', '2000-01-01', 'a@A.com', '1111', '1', '1', '2024-04-13 18:18:55', 1000, 0, NULL, NULL, 1, 1, 1),
	(447, 'a446', 'a', 'a', 1, '1', '2000-01-01', 'a@A.com', '1111', '1', '1', '2024-04-13 18:18:55', 1000, 0, NULL, NULL, 1, 1, 1),
	(448, 'a447', 'a', 'a', 1, '1', '2000-01-01', 'a@A.com', '1111', '1', '1', '2024-04-13 18:18:55', 1000, 0, NULL, NULL, 1, 1, 1),
	(449, 'a448', 'a', 'a', 1, '1', '2000-01-01', 'a@A.com', '1111', '1', '1', '2024-04-13 18:18:55', 1000, 0, NULL, NULL, 1, 1, 1),
	(450, 'a449', 'a', 'a', 1, '1', '2000-01-01', 'a@A.com', '1111', '1', '1', '2024-04-13 18:18:55', 1000, 0, NULL, NULL, 1, 1, 1),
	(451, 'a450', 'a', 'a', 1, '1', '2000-01-01', 'a@A.com', '1111', '1', '1', '2024-04-13 18:18:55', 1000, 0, NULL, NULL, 1, 1, 1),
	(452, 'a451', 'a', 'a', 1, '1', '2000-01-01', 'a@A.com', '1111', '1', '1', '2024-04-13 18:18:56', 1000, 0, NULL, NULL, 1, 1, 1),
	(453, 'a452', 'a', 'a', 1, '1', '2000-01-01', 'a@A.com', '1111', '1', '1', '2024-04-13 18:18:56', 1000, 0, NULL, NULL, 1, 1, 1),
	(454, 'a453', 'a', 'a', 1, '1', '2000-01-01', 'a@A.com', '1111', '1', '1', '2024-04-13 18:18:56', 1000, 0, NULL, NULL, 1, 1, 1),
	(455, 'a454', 'a', 'a', 1, '1', '2000-01-01', 'a@A.com', '1111', '1', '1', '2024-04-13 18:18:56', 1000, 0, NULL, NULL, 1, 1, 1),
	(456, 'a455', 'a', 'a', 1, '1', '2000-01-01', 'a@A.com', '1111', '1', '1', '2024-04-13 18:18:56', 1000, 0, NULL, NULL, 1, 1, 1),
	(457, 'a456', 'a', 'a', 1, '1', '2000-01-01', 'a@A.com', '1111', '1', '1', '2024-04-13 18:18:56', 1000, 0, NULL, NULL, 1, 1, 1),
	(458, 'a457', 'a', 'a', 1, '1', '2000-01-01', 'a@A.com', '1111', '1', '1', '2024-04-13 18:18:56', 1000, 0, NULL, NULL, 1, 1, 1),
	(459, 'a458', 'a', 'a', 1, '1', '2000-01-01', 'a@A.com', '1111', '1', '1', '2024-04-13 18:18:56', 1000, 0, NULL, NULL, 1, 1, 1),
	(460, 'a459', 'a', 'a', 1, '1', '2000-01-01', 'a@A.com', '1111', '1', '1', '2024-04-13 18:18:56', 1000, 0, NULL, NULL, 1, 1, 1),
	(461, 'a460', 'a', 'a', 1, '1', '2000-01-01', 'a@A.com', '1111', '1', '1', '2024-04-13 18:18:56', 1000, 0, NULL, NULL, 1, 1, 1),
	(462, 'a461', 'a', 'a', 1, '1', '2000-01-01', 'a@A.com', '1111', '1', '1', '2024-04-13 18:18:56', 1000, 0, NULL, NULL, 1, 1, 1),
	(463, 'a462', 'a', 'a', 1, '1', '2000-01-01', 'a@A.com', '1111', '1', '1', '2024-04-13 18:18:56', 1000, 0, NULL, NULL, 1, 1, 1),
	(464, 'a463', 'a', 'a', 1, '1', '2000-01-01', 'a@A.com', '1111', '1', '1', '2024-04-13 18:18:56', 1000, 0, NULL, NULL, 1, 1, 1),
	(465, 'a464', 'a', 'a', 1, '1', '2000-01-01', 'a@A.com', '1111', '1', '1', '2024-04-13 18:18:56', 1000, 0, NULL, NULL, 1, 1, 1),
	(466, 'a465', 'a', 'a', 1, '1', '2000-01-01', 'a@A.com', '1111', '1', '1', '2024-04-13 18:18:56', 1000, 0, NULL, NULL, 1, 1, 1),
	(467, 'a466', 'a', 'a', 1, '1', '2000-01-01', 'a@A.com', '1111', '1', '1', '2024-04-13 18:18:56', 1000, 0, NULL, NULL, 1, 1, 1),
	(468, 'a467', 'a', 'a', 1, '1', '2000-01-01', 'a@A.com', '1111', '1', '1', '2024-04-13 18:18:56', 1000, 0, NULL, NULL, 1, 1, 1),
	(469, 'a468', 'a', 'a', 1, '1', '2000-01-01', 'a@A.com', '1111', '1', '1', '2024-04-13 18:18:56', 1000, 0, NULL, NULL, 1, 1, 1),
	(470, 'a469', 'a', 'a', 1, '1', '2000-01-01', 'a@A.com', '1111', '1', '1', '2024-04-13 18:18:56', 1000, 0, NULL, NULL, 1, 1, 1),
	(471, 'a470', 'a', 'a', 1, '1', '2000-01-01', 'a@A.com', '1111', '1', '1', '2024-04-13 18:18:56', 1000, 0, NULL, NULL, 1, 1, 1),
	(472, 'a471', 'a', 'a', 1, '1', '2000-01-01', 'a@A.com', '1111', '1', '1', '2024-04-13 18:18:56', 1000, 0, NULL, NULL, 1, 1, 1),
	(473, 'a472', 'a', 'a', 1, '1', '2000-01-01', 'a@A.com', '1111', '1', '1', '2024-04-13 18:18:56', 1000, 0, NULL, NULL, 1, 1, 1),
	(474, 'a473', 'a', 'a', 1, '1', '2000-01-01', 'a@A.com', '1111', '1', '1', '2024-04-13 18:18:56', 1000, 0, NULL, NULL, 1, 1, 1),
	(475, 'a474', 'a', 'a', 1, '1', '2000-01-01', 'a@A.com', '1111', '1', '1', '2024-04-13 18:18:56', 1000, 0, NULL, NULL, 1, 1, 1),
	(476, 'a475', 'a', 'a', 1, '1', '2000-01-01', 'a@A.com', '1111', '1', '1', '2024-04-13 18:18:56', 1000, 0, NULL, NULL, 1, 1, 1),
	(477, 'a476', 'a', 'a', 1, '1', '2000-01-01', 'a@A.com', '1111', '1', '1', '2024-04-13 18:18:56', 1000, 0, NULL, NULL, 1, 1, 1),
	(478, 'a477', 'a', 'a', 1, '1', '2000-01-01', 'a@A.com', '1111', '1', '1', '2024-04-13 18:18:56', 1000, 0, NULL, NULL, 1, 1, 1),
	(479, 'a478', 'a', 'a', 1, '1', '2000-01-01', 'a@A.com', '1111', '1', '1', '2024-04-13 18:18:56', 1000, 0, NULL, NULL, 1, 1, 1),
	(480, 'a479', 'a', 'a', 1, '1', '2000-01-01', 'a@A.com', '1111', '1', '1', '2024-04-13 18:18:56', 1000, 0, NULL, NULL, 1, 1, 1),
	(481, 'a480', 'a', 'a', 1, '1', '2000-01-01', 'a@A.com', '1111', '1', '1', '2024-04-13 18:18:56', 1000, 0, NULL, NULL, 1, 1, 1),
	(482, 'a481', 'a', 'a', 1, '1', '2000-01-01', 'a@A.com', '1111', '1', '1', '2024-04-13 18:18:56', 1000, 0, NULL, NULL, 1, 1, 1),
	(483, 'a482', 'a', 'a', 1, '1', '2000-01-01', 'a@A.com', '1111', '1', '1', '2024-04-13 18:18:56', 1000, 0, NULL, NULL, 1, 1, 1),
	(484, 'a483', 'a', 'a', 1, '1', '2000-01-01', 'a@A.com', '1111', '1', '1', '2024-04-13 18:18:56', 1000, 0, NULL, NULL, 1, 1, 1),
	(485, 'a484', 'a', 'a', 1, '1', '2000-01-01', 'a@A.com', '1111', '1', '1', '2024-04-13 18:18:56', 1000, 0, NULL, NULL, 1, 1, 1),
	(486, 'a485', 'a', 'a', 1, '1', '2000-01-01', 'a@A.com', '1111', '1', '1', '2024-04-13 18:18:56', 1000, 0, NULL, NULL, 1, 1, 1),
	(487, 'a486', 'a', 'a', 1, '1', '2000-01-01', 'a@A.com', '1111', '1', '1', '2024-04-13 18:18:56', 1000, 0, NULL, NULL, 1, 1, 1),
	(488, 'a487', 'a', 'a', 1, '1', '2000-01-01', 'a@A.com', '1111', '1', '1', '2024-04-13 18:18:56', 1000, 0, NULL, NULL, 1, 1, 1),
	(489, 'a488', 'a', 'a', 1, '1', '2000-01-01', 'a@A.com', '1111', '1', '1', '2024-04-13 18:18:56', 1000, 0, NULL, NULL, 1, 1, 1),
	(490, 'a489', 'a', 'a', 1, '1', '2000-01-01', 'a@A.com', '1111', '1', '1', '2024-04-13 18:18:56', 1000, 0, NULL, NULL, 1, 1, 1),
	(491, 'a490', 'a', 'a', 1, '1', '2000-01-01', 'a@A.com', '1111', '1', '1', '2024-04-13 18:18:56', 1000, 0, NULL, NULL, 1, 1, 1),
	(492, 'a491', 'a', 'a', 1, '1', '2000-01-01', 'a@A.com', '1111', '1', '1', '2024-04-13 18:18:56', 1000, 0, NULL, NULL, 1, 1, 1),
	(493, 'a492', 'a', 'a', 1, '1', '2000-01-01', 'a@A.com', '1111', '1', '1', '2024-04-13 18:18:56', 1000, 0, NULL, NULL, 1, 1, 1),
	(494, 'a493', 'a', 'a', 1, '1', '2000-01-01', 'a@A.com', '1111', '1', '1', '2024-04-13 18:18:56', 1000, 0, NULL, NULL, 1, 1, 1),
	(495, 'a494', 'a', 'a', 1, '1', '2000-01-01', 'a@A.com', '1111', '1', '1', '2024-04-13 18:18:56', 1000, 0, NULL, NULL, 1, 1, 1),
	(496, 'a495', 'a', 'a', 1, '1', '2000-01-01', 'a@A.com', '1111', '1', '1', '2024-04-13 18:18:56', 1000, 0, NULL, NULL, 1, 1, 1),
	(497, 'a496', 'a', 'a', 1, '1', '2000-01-01', ' a@A.com', '1111', '1', '1', '2024-04-13 18:18:56', 1000, 0, NULL, NULL, 0, 1, 1),
	(498, 'a497', 'a', 'a', 1, '1', '2000-01-01', '   a@A.com', '1111', '1', '1', '2024-04-13 18:18:56', 1000, 0, NULL, NULL, 0, 1, 1),
	(501, 't1', 't', 't', 2, '2', '2022-02-02', 't@T.com', '1111', '1', '1', '2024-04-13 18:18:56', 1000, 0, NULL, NULL, 2, NULL, 1),
	(502, 't2', 't', 't', 2, '2', '2022-02-02', 't@T.com', '1111', '1', '1', '2024-04-13 18:18:56', 1000, 0, NULL, NULL, 2, NULL, 1),
	(503, 't3', 't', 't', 2, '2', '2022-02-02', 't@T.com', '1111', '1', '1', '2024-04-13 18:18:56', 1000, 0, NULL, NULL, 2, NULL, 1),
	(504, 't4', 't', 't', 2, '2', '2022-02-02', 't@T.com', '1111', '1', '1', '2024-04-13 18:18:56', 1000, 0, NULL, NULL, 2, NULL, 1),
	(505, 't5', 't', 't', 2, '2', '2022-02-02', 't@T.com', '1111', '1', '1', '2024-04-13 18:18:56', 1000, 0, NULL, NULL, 2, NULL, 1),
	(506, 't6', 't', 't', 2, '2', '2022-02-02', 't@T.com', '1111', '1', '1', '2024-04-13 18:18:56', 1000, 0, NULL, NULL, 2, NULL, 1),
	(507, 't7', 't', 't', 2, '2', '2022-02-02', 't@T.com', '1111', '1', '1', '2024-04-13 18:18:56', 1000, 0, NULL, NULL, 2, NULL, 1),
	(508, 't8', 't', 't', 2, '2', '2022-02-02', 't@T.com', '1111', '1', '1', '2024-04-13 18:18:56', 1000, 0, NULL, NULL, 2, NULL, 1),
	(509, 't9', 't', 't', 1, '2', '2022-02-02', '  t@T.com', '1111', '1', '1', '2024-04-13 18:18:56', 1000, 0, NULL, NULL, 0, NULL, 1),
	(510, 'cuser22', 'cu', 'cu', 4, '010-4444-4444', '2044-04-04', 'cu@CU.com', '4444', '4', '4', '2024-04-13 18:18:56', 4000, 0, NULL, NULL, 0, 20, 2),
	(511, 'cuser23', 'cu', 'cu', 4, '010-4444-4444', '2044-04-04', 'cu@CU.com', '4444', '4', '4', '2024-04-13 18:18:56', 4000, 0, NULL, NULL, 0, 20, 2),
	(512, 'cuser24', 'cu', 'cu', 4, '010-4444-4444', '2044-04-04', 'cu@CU.com', '4444', '4', '4', '2024-04-13 18:18:56', 4000, 0, NULL, NULL, 0, 20, 2),
	(513, 'cuser25', 'cu', 'cu', 4, '010-4444-4444', '2044-04-04', 'cu@CU.com', '4444', '4', '4', '2024-04-13 18:18:56', 4000, 0, NULL, NULL, 0, 20, 2),
	(514, 'cuser26', 'cu', 'cu', 4, '010-4444-4444', '2044-04-04', 'cu@CU.com', '4444', '4', '4', '2024-04-13 18:18:56', 4000, 0, NULL, NULL, 0, 20, 2),
	(515, 'cuser27', 'cu', 'cu', 4, '010-4444-4444', '2044-04-04', 'cu@CU.com', '4444', '4', '4', '2024-04-13 18:18:56', 4000, 0, NULL, NULL, 0, 20, 2),
	(516, 'cuser28', 'cu', 'cu', 4, '010-4444-4444', '2044-04-04', 'cu@CU.com', '4444', '4', '4', '2024-04-13 18:18:56', 4000, 0, NULL, NULL, 0, 20, 2),
	(517, 'cuser29', 'cu', 'cu', 4, '010-4444-4444', '2044-04-04', 'cu@CU.com', '4444', '4', '4', '2024-04-13 18:18:56', 4000, 0, NULL, NULL, 0, 20, 2),
	(518, 'cuser30', 'cu', 'cu', 4, '010-4444-4444', '2044-04-04', 'cu@CU.com', '4444', '4', '4', '2024-04-13 18:18:56', 4000, 0, NULL, NULL, 0, 20, 2),
	(519, 'cuser31', 'cu', 'cu', 4, '010-4444-4444', '2044-04-04', 'cu@CU.com', '4444', '4', '4', '2024-04-13 18:18:56', 4000, 0, NULL, NULL, 0, 20, 2),
	(520, 'cuser32', 'cu', 'cu', 4, '010-4444-4444', '2044-04-04', 'cu@CU.com', '4444', '4', '4', '2024-04-13 18:18:56', 4000, 0, NULL, NULL, 0, 20, 2),
	(521, 'cuser33', 'cu', 'cu', 4, '010-4444-4444', '2044-04-04', 'cu@CU.com', '4444', '4', '4', '2024-04-13 18:18:56', 4000, 0, NULL, NULL, 0, 20, 2),
	(522, 'cuser34', 'cu', 'cu', 4, '010-4444-4444', '2044-04-04', 'cu@CU.com', '4444', '4', '4', '2024-04-13 18:18:56', 4000, 0, NULL, NULL, 0, 20, 2),
	(523, 'cuser35', 'cu', 'cu', 4, '010-4444-4444', '2044-04-04', 'cu@CU.com', '4444', '4', '4', '2024-04-13 18:18:56', 4000, 0, NULL, NULL, 0, 20, 2),
	(524, 'cuser36', 'cu', 'cu', 4, '010-4444-4444', '2044-04-04', 'cu@CU.com', '4444', '4', '4', '2024-04-13 18:18:56', 4000, 0, NULL, NULL, 0, 20, 2),
	(525, 'cuser37', 'cu', 'cu', 4, '010-4444-4444', '2044-04-04', 'cu@CU.com', '4444', '4', '4', '2024-04-13 18:18:56', 4000, 0, NULL, NULL, 0, 20, 2),
	(526, 'cuser38', 'cu', 'cu', 4, '010-4444-4444', '2044-04-04', 'cu@CU.com', '4444', '4', '4', '2024-04-13 18:18:56', 4000, 0, NULL, NULL, 0, 20, 2),
	(527, 'cuser39', 'cu', 'cu', 4, '010-4444-4444', '2044-04-04', 'cu@CU.com', '4444', '4', '4', '2024-04-13 18:18:56', 4000, 0, NULL, NULL, 0, 20, 2),
	(528, 'aaaa', 'aaaa', 'aaa', 1, 'aaaaa', '1997-09-29', 'aaaa', '', '', '', '2024-04-15 14:19:31', 0, 0, NULL, NULL, 0, 5, 1),
	(529, 'userc0', 'uc', 'uc', 3, '010-3333-3333', '2033-03-03', 'cu@CU.com', '3333', '3', '3', '2024-04-15 14:50:43', 3000, 0, NULL, NULL, 0, 16, 1),
	(530, 'userc1', 'uc', 'uc', 3, '010-3333-3333', '2033-03-03', 'cu@CU.com', '3333', '3', '3', '2024-04-15 14:50:43', 3000, 0, NULL, NULL, 0, 16, 1),
	(531, 'userc2', 'uc', 'uc', 3, '010-3333-3333', '2033-03-03', 'cu@CU.com', '3333', '3', '3', '2024-04-15 14:50:43', 3000, 0, NULL, NULL, 0, 16, 1),
	(532, 'userc3', 'uc', 'uc', 3, '010-3333-3333', '2033-03-03', 'cu@CU.com', '3333', '3', '3', '2024-04-15 14:50:43', 3000, 0, NULL, NULL, 0, 16, 1),
	(533, 'userc4', 'uc', 'uc', 3, '010-3333-3333', '2033-03-03', 'cu@CU.com', '3333', '3', '3', '2024-04-15 14:50:43', 3000, 0, NULL, NULL, 0, 16, 1),
	(534, 'userc5', 'uc', 'uc', 3, '010-3333-3333', '2033-03-03', 'cu@CU.com', '3333', '3', '3', '2024-04-15 14:50:43', 3000, 0, NULL, NULL, 0, 16, 1),
	(535, 'userc6', 'uc', 'uc', 3, '010-3333-3333', '2033-03-03', 'cu@CU.com', '3333', '3', '3', '2024-04-15 14:50:43', 3000, 0, NULL, NULL, 0, 16, 1),
	(536, 'userc7', 'uc', 'uc', 3, '010-3333-3333', '2033-03-03', 'cu@CU.com', '3333', '3', '3', '2024-04-15 14:50:43', 3000, 0, NULL, NULL, 0, 16, 1),
	(537, 'userc8', 'uc', 'uc', 3, '010-3333-3333', '2033-03-03', 'cu@CU.com', '3333', '3', '3', '2024-04-15 14:50:43', 3000, 0, NULL, NULL, 0, 16, 1),
	(538, 'userc9', 'uc', 'uc', 3, '010-3333-3333', '2033-03-03', 'cu@CU.com', '3333', '3', '3', '2024-04-15 14:50:43', 3000, 0, NULL, NULL, 0, 16, 1),
	(540, 'aaa', 'aaa', 'aaa', 1, 'aaa', '2000-02-05', ' aaa', '', '', '', '2024-04-15 18:50:06', 0, 0, NULL, NULL, 2, 0, 2);


-- test 데이터베이스 구조 내보내기
CREATE DATABASE IF NOT EXISTS `test` /*!40100 DEFAULT CHARACTER SET utf8mb4 COLLATE utf8mb4_0900_ai_ci */ /*!80016 DEFAULT ENCRYPTION='N' */;
USE `test`;

-- 테이블 test.answer 구조 내보내기
CREATE TABLE IF NOT EXISTS `answer` (
  `num` int NOT NULL AUTO_INCREMENT,
  `content` varchar(255) DEFAULT NULL,
  `date` varchar(255) DEFAULT NULL,
  `posnum` int DEFAULT NULL,
  PRIMARY KEY (`num`),
  KEY `posnum` (`posnum`),
  CONSTRAINT `answer_ibfk_1` FOREIGN KEY (`posnum`) REFERENCES `qna` (`num`)
) ENGINE=InnoDB AUTO_INCREMENT=2 DEFAULT CHARSET=utf8mb4 COLLATE=utf8mb4_0900_ai_ci;

-- 테이블 데이터 test.answer:~0 rows (대략적) 내보내기
INSERT INTO `answer` (`num`, `content`, `date`, `posnum`) VALUES
	(1, 'Sure! Membership fees vary depending on the package you choose.', '2024-03-28', 1);

-- 테이블 test.chargeinfo 구조 내보내기
CREATE TABLE IF NOT EXISTS `chargeinfo` (
  `num` int NOT NULL AUTO_INCREMENT,
  `user` int DEFAULT NULL,
  `item` int DEFAULT NULL,
  `code` varchar(255) DEFAULT NULL,
  `price` int DEFAULT NULL,
  `date` varchar(255) DEFAULT NULL,
  `chamet` varchar(255) DEFAULT NULL,
  `ccflag` tinyint(1) DEFAULT NULL,
  PRIMARY KEY (`num`),
  KEY `user` (`user`),
  KEY `item` (`item`),
  CONSTRAINT `chargeinfo_ibfk_1` FOREIGN KEY (`user`) REFERENCES `user` (`num`),
  CONSTRAINT `chargeinfo_ibfk_2` FOREIGN KEY (`item`) REFERENCES `healthitem` (`num`)
) ENGINE=InnoDB AUTO_INCREMENT=67 DEFAULT CHARSET=utf8mb4 COLLATE=utf8mb4_0900_ai_ci;

-- 테이블 데이터 test.chargeinfo:~17 rows (대략적) 내보내기
INSERT INTO `chargeinfo` (`num`, `user`, `item`, `code`, `price`, `date`, `chamet`, `ccflag`) VALUES
	(1, 1, 1, 'PROTEIN20', 20, '2024-03-27', 'Credit Card', 1),
	(4, 18, 1, 'PROTEIN20', 20, '2024-03-27', 'Credit Card', 1),
	(34, 1055, 2, '123123123', 50000, '2024-04-15 06:11:15', 'import', 0),
	(50, 3, 1, '123123123', 100, '2024-04-15 09:45:48', 'import', 0),
	(51, 3, 1, '123123123', 100, '2024-04-15 10:07:48', 'import', 0),
	(52, 3, 1, '123123123', 100, '2024-04-15 10:12:25', 'import', 0),
	(53, 1082, 1, '123123123', 100, '2024-04-15 10:19:16', 'import', 0),
	(54, 1082, 1, '123123123', 100, '2024-04-15 10:35:28', 'import', 0),
	(55, 1082, 1, '123123123', 100, '2024-04-15 10:39:41', 'import', 0),
	(56, 1082, 1, '123123123', 100, '2024-04-15 10:51:07', 'import', 0),
	(57, 1082, 1, '123123123', 100, '2024-04-15 10:54:17', 'import', 0),
	(58, 1082, 1, '123123123', 100, '2024-04-15 11:07:23', 'import', 0),
	(59, 1082, 1, '123123123', 100, '2024-04-15 11:08:43', 'import', 0),
	(60, 1082, 1, '123123123', 100, '2024-04-15 11:21:39', 'import', 0),
	(61, 18, 1, '123123123', 100, '2024-04-15 17:09:58', 'import', 0),
	(62, 18, 1, '123123123', 100, '2024-04-15 17:17:41', 'import', 0),
	(63, 18, 1, '123123123', 100, '2024-04-15 17:23:28', 'import', 0),
	(64, 18, 1, '123123123', 100, '2024-04-15 17:26:38', 'import', 0),
	(65, 18, 1, '123123123', 100, '2024-04-15 17:33:57', 'import', 0),
	(66, 18, 1, '123123123', 100, '2024-04-15 18:46:21', 'import', 0);

-- 테이블 test.company 구조 내보내기
CREATE TABLE IF NOT EXISTS `company` (
  `num` int NOT NULL AUTO_INCREMENT,
  `id` varchar(255) DEFAULT NULL,
  `postnum` varchar(255) DEFAULT NULL,
  `city` varchar(255) DEFAULT NULL,
  `streetaddr` varchar(255) DEFAULT NULL,
  `size` int DEFAULT NULL,
  `callnum` varchar(255) DEFAULT NULL,
  `companyinfo` varchar(255) DEFAULT NULL,
  PRIMARY KEY (`num`)
) ENGINE=InnoDB AUTO_INCREMENT=11 DEFAULT CHARSET=utf8mb4 COLLATE=utf8mb4_0900_ai_ci;

-- 테이블 데이터 test.company:~10 rows (대략적) 내보내기
INSERT INTO `company` (`num`, `id`, `postnum`, `city`, `streetaddr`, `size`, `callnum`, `companyinfo`) VALUES
	(1, 'example_company', '54321', 'Los Angeles', '456 Example Avenue', 50, '987654321', 'Fitness company offering various services.'),
	(2, 'company_2', '54321', 'Los Angeles', '456 Example Avenue', 50, '987654321', 'Fitness company offering various services.'),
	(3, 'company_3', '54321', 'Los Angeles', '456 Example Avenue', 50, '987654321', 'Fitness company offering various services.'),
	(4, 'company_4', '54321', 'Los Angeles', '456 Example Avenue', 50, '987654321', 'Fitness company offering various services.'),
	(5, 'company_5', '54321', 'Los Angeles', '456 Example Avenue', 50, '987654321', 'Fitness company offering various services.'),
	(6, 'company_6', '54321', 'Los Angeles', '456 Example Avenue', 50, '987654321', 'Fitness company offering various services.'),
	(7, 'company_7', '54321', 'Los Angeles', '456 Example Avenue', 50, '987654321', 'Fitness company offering various services.'),
	(8, 'company_8', '54321', 'Los Angeles', '456 Example Avenue', 50, '987654321', 'Fitness company offering various services.'),
	(9, 'company_9', '54321', 'Los Angeles', '456 Example Avenue', 50, '987654321', 'Fitness company offering various services.'),
	(10, 'company_10', '54321', 'Los Angeles', '456 Example Avenue', 50, '987654321', 'Fitness company offering various services.');

-- 테이블 test.healthitem 구조 내보내기
CREATE TABLE IF NOT EXISTS `healthitem` (
  `num` int NOT NULL AUTO_INCREMENT,
  `itemname` varchar(255) DEFAULT NULL,
  `hcontent` varchar(255) DEFAULT NULL,
  `fcperiod` varchar(255) DEFAULT NULL,
  `deadlinedate` varchar(255) DEFAULT NULL,
  `ptnum` int DEFAULT NULL,
  `gxnum` int DEFAULT NULL,
  `frnum` int DEFAULT NULL,
  `sellperiod` varchar(255) DEFAULT NULL,
  `price` int DEFAULT NULL,
  `sellflag` tinyint(1) DEFAULT NULL,
  PRIMARY KEY (`num`),
  KEY `frnum` (`frnum`),
  CONSTRAINT `healthitem_ibfk_1` FOREIGN KEY (`frnum`) REFERENCES `location` (`num`)
) ENGINE=InnoDB AUTO_INCREMENT=7 DEFAULT CHARSET=utf8mb4 COLLATE=utf8mb4_0900_ai_ci;

-- 테이블 데이터 test.healthitem:~6 rows (대략적) 내보내기
INSERT INTO `healthitem` (`num`, `itemname`, `hcontent`, `fcperiod`, `deadlinedate`, `ptnum`, `gxnum`, `frnum`, `sellperiod`, `price`, `sellflag`) VALUES
	(1, '결제 테스트용 상품', '111', '0000-03-01', '0000-12-01', 10, 20, 1, '2024-03-27', 100, 1),
	(2, '핼스 이용권', '100', '0000-01-01', '0000-06-01', 0, 0, 1, '2026-01-01', 45000, 1),
	(3, '헬스+gx 이용권', '101', '0000-01-01', '0000-06-01', 0, 5, 1, '2026-01-01', 100000, 1),
	(4, '일일 핼스 이용권', '100', '0000-00-01', '0000-06-01', 0, 0, 1, '2026-01-01', 17000, 1),
	(5, '1대1pt권', '001', '0000-01-01', '0000-06-01', 1, 0, 1, '2026-01-01', 60000, 1),
	(6, '그룹 pt이용권', '011', '0000-01-01', '0000-06-01', 0, 1, 1, '2026-01-01', 25000, 1);

-- 테이블 test.location 구조 내보내기
CREATE TABLE IF NOT EXISTS `location` (
  `num` int NOT NULL AUTO_INCREMENT,
  `id` varchar(255) DEFAULT NULL,
  `postnum` varchar(255) DEFAULT NULL,
  `city` varchar(255) DEFAULT NULL,
  `streetaddr` varchar(255) DEFAULT NULL,
  `parking` tinyint(1) DEFAULT NULL,
  `size` int DEFAULT NULL,
  `callnum` varchar(255) DEFAULT NULL,
  `companyinfo` varchar(255) DEFAULT NULL,
  `ip` varchar(255) DEFAULT NULL,
  PRIMARY KEY (`num`)
) ENGINE=InnoDB AUTO_INCREMENT=5 DEFAULT CHARSET=utf8mb4 COLLATE=utf8mb4_0900_ai_ci;

-- 테이블 데이터 test.location:~4 rows (대략적) 내보내기
INSERT INTO `location` (`num`, `id`, `postnum`, `city`, `streetaddr`, `parking`, `size`, `callnum`, `companyinfo`, `ip`) VALUES
	(1, 'example_location', '54321', 'Los Angeles', '456 Example Avenue', 1, 200, '987654321', 'Fitness center with state-of-the-art equipment.', '192.168.1.1'),
	(2, 'loc1', '12345', 'New York', '123 Main St', 1, 1000, '123-456-7890', 'Gym A', NULL),
	(3, 'loc2', '54321', 'Los Angeles', '456 Oak St', 0, 800, '987-654-3210', 'Gym B', NULL),
	(4, 'loc3', '78945', 'Seoul', '789 DD St', 1, 500, '051-456-7890', 'Gym C', NULL);

-- 테이블 test.mycart 구조 내보내기
CREATE TABLE IF NOT EXISTS `mycart` (
  `num` int NOT NULL AUTO_INCREMENT,
  `user` int DEFAULT NULL,
  `item` int DEFAULT NULL,
  `amount` int DEFAULT NULL,
  `buyflag` tinyint(1) DEFAULT NULL,
  PRIMARY KEY (`num`),
  KEY `user` (`user`),
  KEY `item` (`item`),
  CONSTRAINT `mycart_ibfk_1` FOREIGN KEY (`user`) REFERENCES `user` (`num`),
  CONSTRAINT `mycart_ibfk_2` FOREIGN KEY (`item`) REFERENCES `healthitem` (`num`)
) ENGINE=InnoDB AUTO_INCREMENT=2 DEFAULT CHARSET=utf8mb4 COLLATE=utf8mb4_0900_ai_ci;

-- 테이블 데이터 test.mycart:~0 rows (대략적) 내보내기
INSERT INTO `mycart` (`num`, `user`, `item`, `amount`, `buyflag`) VALUES
	(1, 1, 1, 2, 0);

-- 테이블 test.payitems 구조 내보내기
CREATE TABLE IF NOT EXISTS `payitems` (
  `num` int NOT NULL AUTO_INCREMENT,
  `user` int DEFAULT NULL,
  `paydate` varchar(255) DEFAULT NULL,
  `opdate` varchar(255) DEFAULT NULL,
  `ptdate` varchar(255) DEFAULT NULL,
  `gxdate` varchar(255) DEFAULT NULL,
  `item` int DEFAULT NULL,
  `payflag` tinyint(1) DEFAULT NULL,
  `ccflag` tinyint(1) DEFAULT NULL,
  `payback` tinyint(1) DEFAULT NULL,
  `ptcount` int DEFAULT NULL,
  `gxcount` int DEFAULT NULL,
  PRIMARY KEY (`num`),
  KEY `user` (`user`),
  KEY `item` (`item`),
  CONSTRAINT `payitems_ibfk_1` FOREIGN KEY (`user`) REFERENCES `user` (`num`),
  CONSTRAINT `payitems_ibfk_2` FOREIGN KEY (`item`) REFERENCES `healthitem` (`num`)
) ENGINE=InnoDB AUTO_INCREMENT=31 DEFAULT CHARSET=utf8mb4 COLLATE=utf8mb4_0900_ai_ci;

-- 테이블 데이터 test.payitems:~21 rows (대략적) 내보내기
INSERT INTO `payitems` (`num`, `user`, `paydate`, `opdate`, `ptdate`, `gxdate`, `item`, `payflag`, `ccflag`, `payback`, `ptcount`, `gxcount`) VALUES
	(1, 1, '2024-04-13 15:36:04', '2024-05-13', '0000-00-00', '0000-00-00', 1, 1, 0, 0, 1, 1),
	(2, 2, '2024-04-13 15:36:04', '2024-05-13', '0000-00-00', '0000-00-00', 1, 1, 0, 0, 0, 0),
	(3, 3, '2024-04-15 10:12:25', NULL, NULL, NULL, 1, 1, 0, 0, 0, 0),
	(4, 4, '2024-04-13 15:36:04', '2024-05-13', '0000-00-00', '0000-00-00', 1, 1, 0, 0, 0, 0),
	(5, 5, '2024-04-13 15:36:04', '2024-05-13', '0000-00-00', '0000-00-00', 1, 1, 0, 0, 0, 0),
	(6, 6, '2024-04-13 15:36:04', '2024-05-13', '0000-00-00', '0000-00-00', 1, 1, 0, 0, 0, 0),
	(7, 7, '2024-04-13 15:36:04', '2024-05-13', '0000-00-00', '0000-00-00', 1, 1, 0, 0, 0, 0),
	(8, 8, '2024-04-13 15:36:04', '2024-05-13', '0000-00-00', '0000-00-00', 1, 1, 0, 0, 0, 0),
	(9, 9, '2024-04-13 15:36:04', '2024-05-13', '0000-00-00', '0000-00-00', 1, 1, 0, 0, 0, 0),
	(10, 10, '2024-04-13 15:36:04', '2024-05-13', '0000-00-00', '0000-00-00', 1, 1, 0, 0, 0, 0),
	(11, 11, '2024-04-13 15:36:04', '2024-05-13', '0000-00-00', '0000-00-00', 1, 1, 0, 0, 0, 0),
	(12, 12, '2024-04-13 15:36:04', '2024-05-13', '0000-00-00', '0000-00-00', 1, 1, 0, 0, 0, 0),
	(13, 13, '2024-04-13 15:36:04', '2024-05-13', '0000-00-00', '0000-00-00', 1, 1, 0, 0, 0, 0),
	(14, 14, '2024-04-13 15:36:04', '2024-05-13', '0000-00-00', '0000-00-00', 1, 1, 0, 0, 0, 0),
	(15, 15, '2024-04-13 15:36:04', '2024-05-13', '0000-00-00', '0000-00-00', 1, 1, 0, 0, 0, 0),
	(16, 16, '2024-04-13 15:36:05', '2024-05-13', '0000-00-00', '0000-00-00', 1, 1, 0, 0, 0, 0),
	(17, 17, '2024-04-13 15:36:05', '2024-05-13', '0000-00-00', '0000-00-00', 1, 1, 0, 0, 0, 0),
	(18, 18, '2024-04-15 18:46:21', '2024-07-16', '2024-07-16', '2024-07-16', 1, 1, 0, 0, 40, 81),
	(28, 1055, '2024-04-15 06:11:15', '2024-05-16', NULL, NULL, 2, 1, 0, 0, NULL, NULL),
	(29, 1082, '2024-04-15 10:54:17', NULL, '2025-04-16', '2025-04-16', 1, 1, 0, 0, 20, 40),
	(30, 1082, '2024-04-15 11:21:39', '2024-07-16', '2025-04-16', '2025-04-16', 1, 1, 0, 0, 20, 1082);

-- 테이블 test.qna 구조 내보내기
CREATE TABLE IF NOT EXISTS `qna` (
  `num` int NOT NULL AUTO_INCREMENT,
  `title` varchar(255) DEFAULT NULL,
  `content` varchar(255) DEFAULT NULL,
  `date` varchar(255) DEFAULT NULL,
  `usernum` int DEFAULT NULL,
  `ip` varchar(255) DEFAULT NULL,
  `secret` tinyint(1) DEFAULT NULL,
  `frnum` int DEFAULT NULL,
  `ansflag` tinyint(1) DEFAULT NULL,
  PRIMARY KEY (`num`),
  KEY `usernum` (`usernum`),
  KEY `frnum` (`frnum`),
  CONSTRAINT `qna_ibfk_1` FOREIGN KEY (`usernum`) REFERENCES `user` (`num`),
  CONSTRAINT `qna_ibfk_2` FOREIGN KEY (`frnum`) REFERENCES `location` (`num`)
) ENGINE=InnoDB AUTO_INCREMENT=11 DEFAULT CHARSET=utf8mb4 COLLATE=utf8mb4_0900_ai_ci;

-- 테이블 데이터 test.qna:~10 rows (대략적) 내보내기
INSERT INTO `qna` (`num`, `title`, `content`, `date`, `usernum`, `ip`, `secret`, `frnum`, `ansflag`) VALUES
	(1, 'Question about membership', 'Can you please provide information about membership fees?', '2024-03-27', 1, '192.168.1.1', 0, 1, 0),
	(2, 'Question about product warranty', 'What is the warranty period for your products?', '2024-03-28', 2, '192.168.1.2', 0, 1, 0),
	(3, 'Question about delivery time', 'How long does it take for delivery?', '2024-03-29', 3, '192.168.1.3', 0, 1, 0),
	(4, 'Question about return policy', 'What is your return policy for defective items?', '2024-03-30', 4, '192.168.1.4', 0, 1, 0),
	(5, 'Question about payment methods', 'What payment methods do you accept?', '2024-03-31', 5, '192.168.1.5', 0, 1, 0),
	(6, 'Question about product availability', 'Are all products listed on your website available?', '2024-04-01', 6, '192.168.1.6', 0, 1, 0),
	(7, 'Question about customer support', 'How can I contact customer support?', '2024-04-02', 7, '192.168.1.7', 0, 1, 0),
	(8, 'Question about discounts', 'Do you offer discounts for bulk orders?', '2024-04-03', 8, '192.168.1.8', 0, 1, 0),
	(9, 'Question about product specifications', 'Where can I find detailed specifications for your products?', '2024-04-04', 9, '192.168.1.9', 0, 1, 0),
	(10, 'Question about product reviews', 'Are there any reviews available for your products?', '2024-04-05', 10, '192.168.1.10', 0, 1, 0);

-- 테이블 test.reservation 구조 내보내기
CREATE TABLE IF NOT EXISTS `reservation` (
  `num` int NOT NULL AUTO_INCREMENT,
  `user` int DEFAULT NULL,
  `name` varchar(255) DEFAULT NULL,
  `phonenum` varchar(255) DEFAULT NULL,
  `email` varchar(255) DEFAULT NULL,
  `population` int DEFAULT NULL,
  `ccflag` tinyint(1) DEFAULT NULL,
  `frnum` int DEFAULT NULL,
  `reservdate` varchar(255) DEFAULT NULL,
  `carflag` tinyint(1) DEFAULT NULL,
  `userflag` tinyint(1) DEFAULT NULL,
  `time` varchar(255) DEFAULT NULL,
  `pwd` varchar(50) DEFAULT NULL,
  PRIMARY KEY (`num`),
  KEY `user` (`user`),
  KEY `frnum` (`frnum`),
  CONSTRAINT `reservation_ibfk_2` FOREIGN KEY (`frnum`) REFERENCES `location` (`num`)
) ENGINE=InnoDB AUTO_INCREMENT=23 DEFAULT CHARSET=utf8mb4 COLLATE=utf8mb4_0900_ai_ci;

-- 테이블 데이터 test.reservation:~13 rows (대략적) 내보내기
INSERT INTO `reservation` (`num`, `user`, `name`, `phonenum`, `email`, `population`, `ccflag`, `frnum`, `reservdate`, `carflag`, `userflag`, `time`, `pwd`) VALUES
	(1, 1, 'Jane Doe', '555-1234', 'jane.doe@example.com', 2, 1, 1, '2024-04-01', 0, 0, NULL, NULL),
	(2, 2, 'John Smith', '555-5678', 'john.smith@example.com', 3, 1, 1, '2024-04-02', 0, 0, NULL, NULL),
	(3, 3, 'Emily Johnson', '555-9012', 'emily.johnson@example.com', 4, 1, 1, '2024-04-03', 0, 0, NULL, NULL),
	(4, 4, 'Michael Brown', '555-3456', 'michael.brown@example.com', 2, 1, 1, '2024-04-04', 0, 0, NULL, NULL),
	(5, 5, 'Sophia Martinez', '555-7890', 'sophia.martinez@example.com', 3, 1, 1, '2024-04-05', 0, 0, NULL, NULL),
	(6, 6, 'William Lee', '555-2345', 'william.lee@example.com', 4, 1, 1, '2024-04-06', 0, 0, NULL, NULL),
	(7, 7, 'Olivia Taylor', '555-6789', 'olivia.taylor@example.com', 2, 1, 1, '2024-04-07', 0, 0, NULL, NULL),
	(8, 8, 'James Anderson', '555-0123', 'james.anderson@example.com', 3, 1, 1, '2024-04-08', 0, 0, NULL, NULL),
	(9, 9, 'Ava Thomas', '555-4567', 'ava.thomas@example.com', 4, 1, 1, '2024-04-09', 0, 0, NULL, NULL),
	(10, 10, 'Ethan Wilson', '555-8901', 'ethan.wilson@example.com', 2, 1, 1, '2024-04-10', 0, 0, NULL, NULL),
	(14, 0, 'test', '010-123-1234', NULL, 1, NULL, 1, '2024-4-17', NULL, NULL, '09:00', '1234'),
	(22, 0, '한승은', '010-123-1234', NULL, 2, NULL, 2, '2024-4-10', NULL, NULL, '09:00', '1234');

-- 테이블 test.review 구조 내보내기
CREATE TABLE IF NOT EXISTS `review` (
  `num` int NOT NULL AUTO_INCREMENT,
  `title` varchar(255) DEFAULT NULL,
  `content` varchar(255) DEFAULT NULL,
  `date` varchar(255) DEFAULT NULL,
  `usernum` int DEFAULT NULL,
  `ip` varchar(255) DEFAULT NULL,
  `frnum` int DEFAULT NULL,
  `secret` tinyint(1) DEFAULT NULL,
  PRIMARY KEY (`num`)
) ENGINE=InnoDB AUTO_INCREMENT=21 DEFAULT CHARSET=utf8mb4 COLLATE=utf8mb4_0900_ai_ci;

-- 테이블 데이터 test.review:~17 rows (대략적) 내보내기
INSERT INTO `review` (`num`, `title`, `content`, `date`, `usernum`, `ip`, `frnum`, `secret`) VALUES
	(1, 'title1', 'Tiger Nixon\r\nTiger Nixon\r\nTiger Nixon\r\nTiger Nixon\r\nTiger Nixon\r\nTiger Nixon\r\nTiger Nixon\r\nTiger Nixon\r\nTiger Nixon\r\nTiger Nixon\r\nTiger Nixon\r\nTiger Nixon\r\nTiger Nixon\r\nTiger Nixon\r\nTiger Nixon\r\nTiger Nixon\r\nTiger Nixon\r\nTiger Nixon', '2011/04/25', 1, '127.0.0.1', 1, 0),
	(2, 'title2', 'Garrett Winters\r\nGarrett Winters\r\nGarrett Winters\r\nGarrett Winters\r\nGarrett Winters\r\nGarrett Winters\r\nGarrett Winters\r\nGarrett Winters\r\nGarrett Winters\r\nGarrett Winters\r\nGarrett Winters\r\nGarrett Winters\r\nGarrett Winters\r\nGarrett Winters\r\nGarrett Winters', '2011/07/25', 2, '127.0.0.1', 1, 0),
	(3, 'title3', 'Ashton Cox\r\nAshton Cox\r\nAshton Cox\r\nAshton Cox\r\nAshton Cox\r\nAshton Cox\r\nAshton Cox\r\nAshton Cox\r\nAshton Cox\r\nAshton Cox\r\nAshton Cox\r\nAshton Cox\r\nAshton Cox\r\nAshton Cox\r\nAshton Cox\r\nAshton Cox\r\nAshton Cox\r\nAshton Cox\r\nAshton Cox\r\nAshton Cox', '2009/01/12', 3, '127.0.0.1', 1, 0),
	(4, 'title4', 'Cedric Kelly\r\nCedric Kelly\r\nCedric Kelly\r\nCedric Kelly\r\nCedric Kelly\r\nCedric Kelly\r\nCedric Kelly\r\nCedric Kelly\r\nCedric Kelly\r\nCedric Kelly\r\nCedric Kelly\r\nCedric Kelly\r\nCedric Kelly\r\nCedric Kelly\r\nCedric Kelly\r\nCedric Kelly\r\nCedric Kelly', '2012/03/29', 4, '127.0.0.1', 1, 0),
	(5, 'title5', 'Airi Satou\r\nAiri Satou\r\nAiri Satou\r\nAiri Satou\r\nAiri Satou\r\nAiri Satou\r\nAiri Satou\r\nAiri Satou\r\nAiri Satou\r\nAiri Satou\r\nAiri Satou\r\nAiri Satou\r\nAiri Satou\r\nAiri Satou\r\nAiri Satou\r\nAiri Satou\r\nAiri Satou\r\nAiri Satou', '2008/11/28', 5, '127.0.0.1', 1, 0),
	(6, 'title6', 'Brielle Williamson\r\nBrielle Williamson\r\nBrielle Williamson\r\nBrielle Williamson\r\nBrielle Williamson\r\nBrielle Williamson\r\nBrielle Williamson\r\nBrielle Williamson\r\nBrielle Williamson\r\nBrielle Williamson\r\nBrielle Williamson', '2012/12/02', 6, '127.0.0.1', 1, 0),
	(7, 'title7', 'Herrod Chandler\r\nHerrod Chandler\r\nHerrod Chandler\r\nHerrod Chandler\r\nHerrod Chandler\r\nHerrod Chandler\r\nHerrod Chandler\r\nHerrod Chandler\r\nHerrod Chandler\r\nHerrod Chandler\r\nHerrod Chandler\r\nHerrod Chandler', '2012/08/06', 7, '127.0.0.1', 1, 0),
	(8, 'title8', 'Rhona Davidson\r\nRhona Davidson\r\nRhona Davidson\r\nRhona Davidson\r\nRhona Davidson\r\nRhona Davidson\r\nRhona Davidson\r\nRhona Davidson\r\nRhona Davidson\r\nRhona Davidson\r\nRhona Davidson\r\nRhona Davidson\r\nRhona Davidson', '2010/10/14', 8, '127.0.0.1', 1, 0),
	(9, 'title9', 'Colleen Hurst\r\nColleen Hurst\r\nColleen Hurst\r\nColleen Hurst\r\nColleen Hurst\r\nColleen Hurst\r\nColleen Hurst\r\nColleen Hurst\r\nColleen Hurst\r\nColleen Hurst\r\nColleen Hurst\r\nColleen Hurst\r\nColleen Hurst\r\nColleen Hurst\r\nColleen Hurst\r\nColleen Hurst', '2009/09/15', 9, '127.0.0.1', 1, 0),
	(10, 'title10', 'Sonya Frost\r\nSonya Frost\r\nSonya Frost\r\nSonya Frost\r\nSonya Frost\r\nSonya Frost\r\nSonya Frost\r\nSonya Frost\r\nSonya Frost\r\nSonya Frost\r\nSonya Frost\r\nSonya Frost\r\nSonya Frost\r\nSonya Frost\r\nSonya Frost\r\nSonya Frost\r\nSonya Frost\r\nSonya Frost', '2008/12/13', 10, '127.0.0.1', 2, 0),
	(11, 'title11', 'Jena Gaines\r\nJena Gaines\r\nJena Gaines\r\nJena Gaines\r\nJena Gaines\r\nJena Gaines\r\nJena Gaines\r\nJena Gaines\r\nJena Gaines\r\nJena Gaines\r\nJena Gaines\r\nJena Gaines\r\nJena Gaines\r\nJena Gaines\r\nJena Gaines\r\nJena Gaines\r\nJena Gaines', '2008/12/19', 11, '127.0.0.1', 1, 0),
	(12, 'title12', 'Quinn Flynn\r\nQuinn Flynn\r\nQuinn Flynn\r\nQuinn Flynn\r\nQuinn Flynn\r\nQuinn Flynn\r\nQuinn Flynn\r\nQuinn Flynn\r\nQuinn Flynn\r\nQuinn Flynn\r\nQuinn Flynn\r\nQuinn Flynn\r\nQuinn Flynn\r\nQuinn Flynn\r\nQuinn Flynn\r\nQuinn Flynn', '2013/03/03', 12, '127.0.0.1', 2, 0),
	(13, 'title13', 'Charde Marshall\r\nCharde Marshall\r\nCharde Marshall\r\nCharde Marshall\r\nCharde Marshall\r\nCharde Marshall\r\nCharde Marshall\r\nCharde Marshall\r\nCharde Marshall\r\nCharde Marshall\r\nCharde Marshall\r\nCharde Marshall', '2008/10/16', 13, '127.0.0.1', 2, 0),
	(14, 'title14', 'Haley Kennedy\r\nHaley Kennedy\r\nHaley Kennedy\r\nHaley Kennedy\r\nHaley Kennedy\r\nHaley Kennedy\r\nHaley Kennedy\r\nHaley Kennedy\r\nHaley Kennedy\r\nHaley Kennedy\r\nHaley Kennedy\r\nHaley Kennedy\r\nHaley Kennedy\r\nHaley Kennedy\r\nHaley Kennedy', '2012/12/18', 14, '127.0.0.1', 2, 0),
	(15, 'title15', 'Tatyana Fitzpatrick\r\nTatyana Fitzpatrick\r\nTatyana Fitzpatrick\r\nTatyana Fitzpatrick\r\nTatyana Fitzpatrick\r\nTatyana Fitzpatrick\r\nTatyana Fitzpatrick\r\nTatyana Fitzpatrick\r\nTatyana Fitzpatrick\r\nTatyana Fitzpatrick\r\nTatyana Fitzpatrick\r\nTatyana Fitzpatrick', '2010/03/17', 15, '127.0.0.1', 3, 0),
	(16, 'asdf', 'asdf', '2024-04-12 09:38:48', 1, '0:0:0:0:0:0:0:1', NULL, NULL),
	(17, 'AAA', 'AAA', '2024-04-15 12:29:11', 1, '0:0:0:0:0:0:0:1', NULL, NULL);

-- 테이블 test.trainer 구조 내보내기
CREATE TABLE IF NOT EXISTS `trainer` (
  `num` int NOT NULL AUTO_INCREMENT,
  `user` int DEFAULT NULL,
  `imgpath` varchar(255) DEFAULT NULL,
  `career` varchar(255) DEFAULT NULL,
  `salary` int DEFAULT NULL,
  PRIMARY KEY (`num`),
  KEY `user` (`user`),
  CONSTRAINT `trainer_ibfk_1` FOREIGN KEY (`user`) REFERENCES `user` (`num`)
) ENGINE=InnoDB AUTO_INCREMENT=16 DEFAULT CHARSET=utf8mb4 COLLATE=utf8mb4_0900_ai_ci;

-- 테이블 데이터 test.trainer:~15 rows (대략적) 내보내기
INSERT INTO `trainer` (`num`, `user`, `imgpath`, `career`, `salary`) VALUES
	(1, 3, 'http://drive.google.com/thumbnail?id=1KKVd-4Os41pku4aXvyGrSCIes4VEV0fL&sz=w1000', '<div style="text-align: center">\r\n<p>생활스포츠지도사 2급</p>\r\n<p>한국 피트니스 지도자</p>\r\n<p>스포츠 마사지 1급</p>\r\n</div>', 3000),
	(2, 4, 'http://drive.google.com/thumbnail?id=1ATUv_LxFSchklr1CfR2Q8uhpS1jaye1C&sz=w1000', '<div style="text-align: center">\r\n<p>한국 피트니스 지도자</p>\r\n<p>스포츠 마사지 1급</p>\r\n<p>컨디셔닝 케어 스페셜리스트</p>\r\n</div>', 2500),
	(3, 5, 'http://drive.google.com/thumbnail?id=1hCV_E1FiOhJ1m7Zts79V1vlbx3W3FNyl&sz=w1000', '<div style="text-align: center">\r\n<p>스포츠 마사지 1급</p>\r\n<p>컨디셔닝 케어 스페셜리스트</p>\r\n<p>응급처치 심페소생술 강사</p>\r\n</div>', 2700),
	(4, 6, 'http://drive.google.com/thumbnail?id=16L3cg8e8_mSSUs_7IO7Ut5SXPDJH1qvs&sz=w1000', '<div style="text-align: center">\r\n<p>컨디셔닝 케어 스페셜리스트</p>\r\n<p>응급처치 심페소생술 강사</p>\r\n<p>생활스포츠지도사 2급</p>\r\n</div>', 2700),
	(5, 7, 'http://drive.google.com/thumbnail?id=1E_dytVFJ-ooakIerEwOq_9JUTnADB_Bz&sz=w1000', '<div style="text-align: center">\r\n<p>응급처치 심페소생술 강사</p>\r\n<p>생활스포츠지도사 2급</p>\r\n<p>한국 피트니스 지도자</p>\r\n</div>', 2500),
	(6, 8, 'http://drive.google.com/thumbnail?id=135lPtkKgyN5qUPx6Lcx0NFlpKHYGq2IP&sz=w1000', '<div style="text-align: center">\r\n<p>생활스포츠지도사 1급</p>\r\n<p>한국 피트니스 지도사</p>\r\n<p>스포츠 마사지 1급</p>\r\n</div>', 3000),
	(7, 9, 'http://drive.google.com/thumbnail?id=16cMviGMLIAcStSRz3wIpnG2EIfk4uVUU&sz=w1000', '<div style="text-align: center">\r\n<p>생활스포츠지도사 1급</p>\r\n<p>컨디셔닝 케어 스페셜리스트</p>\r\n<p>응급처치 심페소생술 강사</p>\r\n</div>', 2700),
	(8, 10, 'http://drive.google.com/thumbnail?id=1gMedriEHTaCmMEq2U_TTwITL7xi33Ocp&sz=w1000', '<div style="text-align: center">\r\n<p>스포츠 마사지 2급</p>\r\n<p>컨디셔닝 케어 스페셜리스트</p>\r\n<p>응급처치 심페소생술 강사</p>\r\n</div>', 2500),
	(9, 11, 'http://drive.google.com/thumbnail?id=1tQQ1EYBCBRCJvmRUkB0XfndumK7oeFVA&sz=w1000', '<div style="text-align: center">\r\n<p>한국 피트니스 지도자</p>\r\n<p>스포츠마사지 2급</p>\r\n<p>생활스포츠지도사 1급</p>\r\n</div>', 3000),
	(10, 12, 'http://drive.google.com/thumbnail?id=1OHY3XkO4ZP-wi5JVZyG45LUSCARXtydC&sz=w1000', '<div style="text-align: center">\r\n<p>한국 피트니스 지도자</p>\r\n<p>스포츠마사지 2급</p>\r\n<p>생활스포츠지도사 1급</p>\r\n</div>', 3000),
	(11, 13, 'http://drive.google.com/thumbnail?id=1QOhmTMvu6kM2HtzAU3H_YnToZ7Lr7wVy&sz=w1000', '<div style="text-align: center">\r\n<p>컨디셔닝 케어 스페셜리스트</p>\r\n<p>응급처치 심페소생술 강사</p>\r\n<p>생활스포츠지도사 2급</p>\r\n</div>', 2800),
	(12, 14, 'http://drive.google.com/thumbnail?id=1O2gHQkEOBbDTJdUKz9S90Ln_W2GJ7yLn&sz=w1000', '<div style="text-align: center">\r\n<p>생활스포츠지도사 1급</p>\r\n<p>한국 피트니스 지도사</p>\r\n<p>스포츠 마사지 1급</p>\r\n</div>', 2700),
	(13, 15, 'http://drive.google.com/thumbnail?id=1H_rzIrNQkjLICIfL9ogEr9picuavNQrg&sz=w1000', '<div style="text-align: center">\r\n<p>스포츠 마사지 2급</p>\r\n<p>컨디셔닝 케어 스페셜리스트</p>\r\n<p>응급처치 심페소생술 강사</p>\r\n</div>', 2600),
	(14, 16, 'http://drive.google.com/thumbnail?id=1g3loD4qmfPmL7aBVcJ1Fs-NV0qB4oHkv&sz=w1000', '<div style="text-align: center">\r\n<p>한국 피트니스 지도자</p>\r\n<p>스포츠마사지 2급</p>\r\n<p>생활스포츠지도사 1급</p>\r\n</div>', 3000),
	(15, 17, 'http://drive.google.com/thumbnail?id=16tU3KYVxCRI56yHg4bguRhw_0WdG3P13&sz=w1000', '<div style="text-align: center">\r\n<p>생활스포츠지도사 2급</p>\r\n<p>한국 피트니스 지도자</p>\r\n<p>스포츠 마사지 1급</p>\r\n</div>', 2800);

-- 테이블 test.trainerwork 구조 내보내기
CREATE TABLE IF NOT EXISTS `trainerwork` (
  `num` int NOT NULL AUTO_INCREMENT,
  `trainer` int DEFAULT NULL,
  `date` varchar(255) DEFAULT NULL,
  `starttime` varchar(255) DEFAULT NULL,
  `endtime` varchar(255) DEFAULT NULL,
  `frnum` int DEFAULT NULL,
  PRIMARY KEY (`num`),
  KEY `frnum` (`frnum`),
  CONSTRAINT `trainerwork_ibfk_1` FOREIGN KEY (`frnum`) REFERENCES `location` (`num`)
) ENGINE=InnoDB AUTO_INCREMENT=2 DEFAULT CHARSET=utf8mb4 COLLATE=utf8mb4_0900_ai_ci;

-- 테이블 데이터 test.trainerwork:~0 rows (대략적) 내보내기
INSERT INTO `trainerwork` (`num`, `trainer`, `date`, `starttime`, `endtime`, `frnum`) VALUES
	(1, 1, '2024-03-27', '09:00:00', '10:00:00', 1);

-- 테이블 test.trainschedule 구조 내보내기
CREATE TABLE IF NOT EXISTS `trainschedule` (
  `num` int NOT NULL AUTO_INCREMENT,
  `user` int DEFAULT NULL,
  `trainer` int DEFAULT NULL,
  `lcontent` varchar(255) DEFAULT NULL,
  `date` varchar(255) DEFAULT NULL,
  `starttime` varchar(255) DEFAULT NULL,
  `endtime` varchar(255) DEFAULT NULL,
  `frnum` int DEFAULT NULL,
  `sflag` tinyint(1) DEFAULT NULL,
  PRIMARY KEY (`num`),
  KEY `frnum` (`frnum`),
  CONSTRAINT `trainschedule_ibfk_1` FOREIGN KEY (`frnum`) REFERENCES `location` (`num`)
) ENGINE=InnoDB AUTO_INCREMENT=359 DEFAULT CHARSET=utf8mb4 COLLATE=utf8mb4_0900_ai_ci;

-- 테이블 데이터 test.trainschedule:~149 rows (대략적) 내보내기
INSERT INTO `trainschedule` (`num`, `user`, `trainer`, `lcontent`, `date`, `starttime`, `endtime`, `frnum`, `sflag`) VALUES
	(1, 0, 1, '010', '2024-03-27', '09:00:00', '10:00:00', 1, 1),
	(2, 0, 9, '100', '2024-04-14', '0', '0', 1, 0),
	(3, 0, 6, '010', '2024-04-16', '0', '0', 1, 0),
	(4, 0, 7, '100', '2024-04-18', '0', '0', 1, 0),
	(5, 18, 9, '010', '2024-04-20', '0', '0', 1, 0),
	(6, 0, 15, '001', '2024-04-22', '0', '0', 1, 0),
	(7, 18, 1, '001', '2024-04-24', '0', '0', 1, 0),
	(8, 18, 13, '010', '2024-04-26', '0', '0', 1, 0),
	(9, 0, 3, '100', '2024-04-28', '0', '0', 1, 0),
	(10, 0, 6, '001', '2024-04-30', '0', '0', 1, 0),
	(11, 18, 11, '010', '2024-05-02', '0', '0', 1, 0),
	(12, 0, 6, '001', '2024-05-04', '0', '0', 1, 0),
	(13, 0, 1, '100', '2024-05-06', '0', '0', 1, 0),
	(14, 0, 2, '001', '2024-05-08', '0', '0', 1, 0),
	(15, 0, 5, '100', '2024-05-10', '0', '0', 1, 0),
	(16, 0, 14, '001', '2024-05-12', '0', '0', 1, 0),
	(17, 0, 12, '001', '2024-05-14', '0', '0', 1, 0),
	(18, 0, 4, '100', '2024-05-16', '0', '0', 1, 0),
	(19, 0, 10, '010', '2024-05-18', '0', '0', 1, 0),
	(20, 0, 9, '001', '2024-05-20', '0', '0', 1, 0),
	(21, 0, 10, '100', '2024-05-22', '0', '0', 1, 0),
	(22, 0, 9, '001', '2024-05-24', '0', '0', 1, 0),
	(23, 0, 12, '100', '2024-05-26', '0', '0', 1, 0),
	(24, 0, 12, '010', '2024-05-28', '0', '0', 1, 0),
	(25, 0, 10, '100', '2024-05-30', '0', '0', 1, 0),
	(26, 0, 11, '001', '2024-06-01', '0', '0', 1, 0),
	(27, 0, 10, '100', '2024-06-03', '0', '0', 1, 0),
	(28, 0, 6, '010', '2024-06-05', '0', '0', 1, 0),
	(29, 0, 2, '001', '2024-06-07', '0', '0', 1, 0),
	(30, 0, 8, '100', '2024-06-09', '0', '0', 1, 0),
	(31, 0, 9, '010', '2024-06-11', '0', '0', 1, 0),
	(32, 0, 1, '100', '2024-06-13', '0', '0', 1, 0),
	(33, 0, 2, '001', '2024-06-15', '0', '0', 1, 0),
	(34, 0, 12, '001', '2024-06-17', '0', '0', 1, 0),
	(35, 0, 10, '100', '2024-06-19', '0', '0', 1, 0),
	(36, 0, 8, '001', '2024-06-21', '0', '0', 1, 0),
	(37, 0, 12, '001', '2024-06-23', '0', '0', 1, 0),
	(38, 0, 7, '001', '2024-06-25', '0', '0', 1, 0),
	(39, 0, 8, '100', '2024-06-27', '0', '0', 1, 0),
	(40, 0, 2, '010', '2024-06-29', '0', '0', 1, 0),
	(41, 0, 12, '100', '2024-07-01', '0', '0', 1, 0),
	(42, 0, 3, '001', '2024-07-03', '0', '0', 1, 0),
	(43, 0, 5, '001', '2024-07-05', '0', '0', 1, 0),
	(44, 0, 1, '001', '2024-07-07', '0', '0', 1, 0),
	(45, 0, 5, '010', '2024-07-09', '0', '0', 1, 0),
	(46, 0, 1, '100', '2024-07-11', '0', '0', 1, 0),
	(47, 0, 6, '001', '2024-07-13', '0', '0', 1, 0),
	(48, 0, 11, '100', '2024-07-15', '0', '0', 1, 0),
	(49, 0, 8, '001', '2024-07-17', '0', '0', 1, 0),
	(50, 0, 1, '100', '2024-07-19', '0', '0', 1, 0),
	(51, 0, 14, '010', '2024-07-21', '0', '0', 1, 0),
	(52, 0, 6, '100', '2024-04-14', '0', '0', 1, 0),
	(53, 18, 8, '010', '2024-04-16', '0', '0', 1, 0),
	(54, 18, 6, '100', '2024-04-18', '0', '0', 1, 0),
	(55, 0, 4, '100', '2024-04-20', '0', '0', 1, 0),
	(56, 0, 1, '100', '2024-04-22', '0', '0', 1, 0),
	(57, 0, 12, '100', '2024-04-24', '0', '0', 1, 0),
	(58, 0, 14, '100', '2024-04-26', '0', '0', 1, 0),
	(59, 0, 7, '001', '2024-04-28', '0', '0', 1, 0),
	(60, 0, 8, '100', '2024-04-30', '0', '0', 1, 0),
	(61, 0, 5, '001', '2024-05-02', '0', '0', 1, 0),
	(62, 0, 1, '100', '2024-05-04', '0', '0', 1, 0),
	(63, 0, 9, '001', '2024-05-06', '0', '0', 1, 0),
	(64, 0, 11, '100', '2024-05-08', '0', '0', 1, 0),
	(65, 0, 3, '100', '2024-05-10', '0', '0', 1, 0),
	(66, 0, 9, '100', '2024-05-12', '0', '0', 1, 0),
	(67, 0, 13, '001', '2024-05-14', '0', '0', 1, 0),
	(68, 0, 8, '100', '2024-05-16', '0', '0', 1, 0),
	(69, 0, 9, '100', '2024-05-18', '0', '0', 1, 0),
	(70, 0, 2, '100', '2024-05-20', '0', '0', 1, 0),
	(71, 0, 11, '001', '2024-05-22', '0', '0', 1, 0),
	(72, 0, 12, '010', '2024-05-24', '0', '0', 1, 0),
	(73, 0, 9, '010', '2024-05-26', '0', '0', 1, 0),
	(74, 0, 14, '100', '2024-05-28', '0', '0', 1, 0),
	(75, 0, 9, '010', '2024-05-30', '0', '0', 1, 0),
	(76, 0, 9, '100', '2024-06-01', '0', '0', 1, 0),
	(77, 0, 4, '100', '2024-06-03', '0', '0', 1, 0),
	(78, 0, 5, '100', '2024-06-05', '0', '0', 1, 0),
	(79, 0, 6, '100', '2024-06-07', '0', '0', 1, 0),
	(80, 0, 15, '010', '2024-06-09', '0', '0', 1, 0),
	(81, 0, 6, '100', '2024-06-11', '0', '0', 1, 0),
	(82, 0, 11, '001', '2024-06-13', '0', '0', 1, 0),
	(83, 0, 11, '100', '2024-06-15', '0', '0', 1, 0),
	(84, 0, 9, '100', '2024-06-17', '0', '0', 1, 0),
	(85, 0, 2, '100', '2024-06-19', '0', '0', 1, 0),
	(86, 0, 13, '010', '2024-06-21', '0', '0', 1, 0),
	(87, 0, 11, '100', '2024-06-23', '0', '0', 1, 0),
	(88, 0, 5, '100', '2024-06-25', '0', '0', 1, 0),
	(89, 0, 8, '100', '2024-06-27', '0', '0', 1, 0),
	(90, 0, 10, '001', '2024-06-29', '0', '0', 1, 0),
	(91, 0, 2, '100', '2024-07-01', '0', '0', 1, 0),
	(92, 0, 2, '001', '2024-07-03', '0', '0', 1, 0),
	(93, 0, 12, '100', '2024-07-05', '0', '0', 1, 0),
	(94, 0, 7, '010', '2024-07-07', '0', '0', 1, 0),
	(95, 0, 8, '100', '2024-07-09', '0', '0', 1, 0),
	(96, 0, 14, '001', '2024-07-11', '0', '0', 1, 0),
	(97, 0, 9, '100', '2024-07-13', '0', '0', 1, 0),
	(98, 0, 4, '001', '2024-07-15', '0', '0', 1, 0),
	(99, 0, 12, '001', '2024-07-17', '0', '0', 1, 0),
	(302, 0, 13, '100', '2024-04-14', '0', '0', 1, 0),
	(303, 0, 1, '001', '2024-04-16', '0', '0', 1, 0),
	(304, 0, 15, '001', '2024-04-18', '0', '0', 1, 0),
	(305, 0, 8, '010', '2024-04-20', '0', '0', 1, 0),
	(306, 0, 4, '100', '2024-04-22', '0', '0', 1, 0),
	(307, 0, 2, '010', '2024-04-24', '0', '0', 1, 0),
	(308, 18, 10, '100', '2024-04-26', '0', '0', 1, 0),
	(309, 0, 4, '100', '2024-04-28', '0', '0', 1, 0),
	(310, 0, 15, '010', '2024-04-30', '0', '0', 1, 0),
	(311, 0, 7, '100', '2024-05-02', '0', '0', 1, 0),
	(312, 0, 13, '010', '2024-05-04', '0', '0', 1, 0),
	(313, 0, 2, '100', '2024-05-06', '0', '0', 1, 0),
	(314, 0, 11, '010', '2024-05-08', '0', '0', 1, 0),
	(315, 0, 13, '001', '2024-05-10', '0', '0', 1, 0),
	(316, 0, 7, '100', '2024-05-12', '0', '0', 1, 0),
	(317, 0, 5, '001', '2024-05-14', '0', '0', 1, 0),
	(318, 0, 7, '100', '2024-05-16', '0', '0', 1, 0),
	(319, 0, 15, '100', '2024-05-18', '0', '0', 1, 0),
	(320, 0, 6, '100', '2024-05-20', '0', '0', 1, 0),
	(321, 0, 4, '100', '2024-05-22', '0', '0', 1, 0),
	(322, 0, 8, '100', '2024-05-24', '0', '0', 1, 0),
	(323, 0, 4, '001', '2024-05-26', '0', '0', 1, 0),
	(324, 0, 5, '001', '2024-05-28', '0', '0', 1, 0),
	(325, 0, 13, '100', '2024-05-30', '0', '0', 1, 0),
	(326, 0, 15, '100', '2024-06-01', '0', '0', 1, 0),
	(327, 0, 6, '001', '2024-06-03', '0', '0', 1, 0),
	(328, 0, 13, '100', '2024-06-05', '0', '0', 1, 0),
	(329, 0, 4, '100', '2024-06-07', '0', '0', 1, 0),
	(330, 0, 9, '010', '2024-06-09', '0', '0', 1, 0),
	(331, 0, 11, '100', '2024-06-11', '0', '0', 1, 0),
	(332, 0, 3, '100', '2024-06-13', '0', '0', 1, 0),
	(333, 0, 1, '100', '2024-06-15', '0', '0', 1, 0),
	(334, 0, 6, '100', '2024-06-17', '0', '0', 1, 0),
	(335, 0, 6, '100', '2024-06-19', '0', '0', 1, 0),
	(336, 0, 12, '001', '2024-06-21', '0', '0', 1, 0),
	(337, 0, 9, '001', '2024-06-23', '0', '0', 1, 0),
	(338, 0, 11, '100', '2024-06-25', '0', '0', 1, 0),
	(339, 0, 2, '010', '2024-06-27', '0', '0', 1, 0),
	(340, 0, 8, '100', '2024-06-29', '0', '0', 1, 0),
	(341, 0, 1, '100', '2024-07-01', '0', '0', 1, 0),
	(342, 0, 13, '010', '2024-07-03', '0', '0', 1, 0),
	(343, 0, 2, '010', '2024-07-05', '0', '0', 1, 0),
	(344, 0, 9, '010', '2024-07-07', '0', '0', 1, 0),
	(345, 0, 1, '100', '2024-07-09', '0', '0', 1, 0),
	(346, 0, 6, '100', '2024-07-11', '0', '0', 1, 0),
	(347, 0, 2, '010', '2024-07-13', '0', '0', 1, 0),
	(348, 0, 14, '100', '2024-07-15', '0', '0', 1, 0),
	(349, 0, 10, '010', '2024-07-17', '0', '0', 1, 0),
	(350, 0, 6, '010', '2024-07-19', '0', '0', 1, 0),
	(351, 0, 10, '010', '2024-07-21', '0', '0', 1, 0),
	(352, NULL, 0, '10', '2024-04-12', '09:00:00', '11:00:00', NULL, NULL),
	(356, NULL, 1, '100', '2024-06-30T07:30:00+09:00', '11:00:00', '14:00:00', NULL, NULL),
	(357, NULL, 1, '100', '2024-06-30T07:30:00+09:00', '11:00:00', '14:00:00', NULL, NULL);

-- 테이블 test.user 구조 내보내기
CREATE TABLE IF NOT EXISTS `user` (
  `num` int NOT NULL AUTO_INCREMENT,
  `id` varchar(255) DEFAULT NULL,
  `pwd` varchar(255) DEFAULT NULL,
  `name` varchar(255) DEFAULT NULL,
  `gender` tinyint(1) DEFAULT NULL,
  `birth` varchar(255) DEFAULT NULL,
  `email` varchar(255) DEFAULT NULL,
  `postnum` varchar(255) DEFAULT NULL,
  `phonenum` varchar(255) CHARACTER SET utf8mb4 COLLATE utf8mb4_0900_ai_ci DEFAULT NULL,
  `city` varchar(255) DEFAULT NULL,
  `streetaddr` varchar(255) DEFAULT NULL,
  `joindate` varchar(255) DEFAULT NULL,
  `point` int DEFAULT NULL,
  `sns` int DEFAULT NULL,
  `snsid` varchar(255) DEFAULT NULL,
  `snspwd` varchar(255) DEFAULT NULL,
  `authority` int DEFAULT '1',
  `company` int DEFAULT '1',
  `frnum` int DEFAULT '1',
  PRIMARY KEY (`num`),
  KEY `frnum` (`frnum`),
  CONSTRAINT `user_ibfk_1` FOREIGN KEY (`frnum`) REFERENCES `location` (`num`)
) ENGINE=InnoDB AUTO_INCREMENT=1178 DEFAULT CHARSET=utf8mb4 COLLATE=utf8mb4_0900_ai_ci;

-- 테이블 데이터 test.user:~138 rows (대략적) 내보내기
INSERT INTO `user` (`num`, `id`, `pwd`, `name`, `gender`, `birth`, `email`, `postnum`, `phonenum`, `city`, `streetaddr`, `joindate`, `point`, `sns`, `snsid`, `snspwd`, `authority`, `company`, `frnum`) VALUES
	(1, 'john_doe', 'password123', 'John Doe', 1, '1990-01-01', 'john.doe@example.com', '12345', '123456', 'New York', '123 Example Street', '2024-03-27', 100, 1, 'john_doe_sns', 'sns_password', 1, 1, 1),
	(2, 'admin', '1234', 'Jane Smith', 1, '1995-05-15', 'jane@example.com', '54321', NULL, 'Los Angeles', '456 Oak St', '2023-12-05', 150, 2, NULL, NULL, 3, NULL, 1),
	(3, 'user3', 'password3', '김안나', 2, '1995-07-20', 'anna@example.com', '56789', NULL, 'New York', '313 Main St', '2023-12-13', 50, 3, NULL, NULL, 3, NULL, 1),
	(4, 'user4', 'password4', '폴 킴', 2, '1996-08-11', 'kim@example.com', '98764', NULL, 'New York', '865 Main St', '2024-01-1', 250, 1, NULL, NULL, 2, NULL, 1),
	(5, 'user5', 'password5', '안나 리', 1, '1996-05-05', 'lee@example.com', '34554', NULL, 'New York', '756 Main St', '2024-01-21', 150, 2, NULL, NULL, 2, NULL, 1),
	(6, 'user6', 'password6', 'aaa', 2, '1997-02-21', 'aaa@example.com', '96425', NULL, 'Los Angeles', '406 Oak St', '2024-01-28', 300, 2, NULL, NULL, 2, NULL, 2),
	(7, 'user7', 'password7', 'bbb', 1, '1998-03-13', 'bbb@example.com', '94946', NULL, 'Los Angeles', '537 Oak St', '2024-02-01', 200, 3, NULL, NULL, 2, NULL, 2),
	(8, 'user8', 'password8', 'ccc', 2, '1999-06-05', 'ccc@example.com', '45625', NULL, 'Los Angeles', '364 Oak St', '2024-02-13', 100, 3, NULL, NULL, 2, NULL, 2),
	(9, 'user9', 'password9', 'ddd', 1, '2000-07-30', 'ddd@example.com', '21361', NULL, 'Seoul', '789 DD St', '2024-02-25', 50, 1, NULL, NULL, 2, NULL, 3),
	(10, 'user10', 'password10', 'eee', 1, '2000-08-11', 'eee@example.com', '56754', NULL, 'Seoul', '324 DD St', '2024-02-28', 50, 1, NULL, NULL, 1, NULL, 3),
	(11, 'user11', 'password11', 'fff', 2, '2000-09-28', 'fff@example.com', '54245', NULL, 'Seoul', '354 DD St', '2024-03-01', 54, 2, NULL, NULL, 1, NULL, 3),
	(12, 'user12', 'password12', '111', 2, '2000-10-12', '111@example.com', '87678', NULL, 'New York', '357 Main St', '2024-03-13', 64, 3, NULL, NULL, 1, NULL, 1),
	(13, 'user13', 'password13', '222', 1, '2000-12-25', '222@example.com', '78978', NULL, 'New York', '579 Main St', '2024-03-13', 87, 1, NULL, NULL, 1, NULL, 1),
	(14, 'user14', 'password14', '333', 2, '2001-05-09', '333@example.com', '86788', NULL, 'Los Angeles', '687 Oak St', '2024-03-15', 546, 2, NULL, NULL, 1, NULL, 2),
	(15, 'user15', 'password15', '444', 1, '2001-12-29', '444@example.com', '67865', NULL, 'New York', '685 Main St', '2024-03-20', 789, 3, NULL, NULL, 1, NULL, 1),
	(16, 'user16', 'password16', '555', 1, '2002-02-22', '555@example.com', '46856', NULL, 'Los Angeles', '614 Oak St', '2024-03-22', 100, 1, NULL, NULL, 1, NULL, 2),
	(17, 'user17', 'password17', '666', 2, '2002-03-14', '666@example.com', '73882', NULL, 'Seoul', '666 DD St', '2024-03-26', 50, 2, NULL, NULL, 1, NULL, 3),
	(18, 'user18', 'Password123!@#', '777', 1, '2003-08-26', 'asdf123@naver.com', '78784', '010-1411-2222', 'Seoul', '경기 성남시 분당구 대왕판교로606번길 45', '2024-03-29', 100000, 3, NULL, NULL, 1, NULL, 3),
	(1055, 'a0', 'a', 'a', 1, '2000-01-01', 'a@A.com', '1111', '1', '1', '1', '2024-04-13 00:58:57', 1000, 0, NULL, NULL, 1, 1, 1),
	(1056, 'a1', 'a', 'a', 1, '2000-01-01', 'a@A.com', '1111', '1', '1', '1', '2024-04-13 00:58:57', 1000, 0, NULL, NULL, 1, 1, 1),
	(1057, 'a2', 'a', 'a', 1, '2000-01-01', 'a@A.com', '1111', '1', '1', '1', '2024-04-13 00:58:57', 1000, 0, NULL, NULL, 1, 1, 1),
	(1058, 'a3', 'a', 'a', 1, '2000-01-01', 'a@A.com', '1111', '1', '1', '1', '2024-04-13 00:58:57', 1000, 0, NULL, NULL, 1, 1, 1),
	(1059, 'a4', 'a', 'a', 1, '2000-01-01', 'a@A.com', '1111', '1', '1', '1', '2024-04-13 00:58:57', 1000, 0, NULL, NULL, 1, 1, 1),
	(1060, 'a5', 'a', 'a', 1, '2000-01-01', 'a@A.com', '1111', '1', '1', '1', '2024-04-13 00:58:57', 1000, 0, NULL, NULL, 1, 1, 1),
	(1061, 'a6', 'a', 'a', 1, '2000-01-01', 'a@A.com', '1111', '1', '1', '1', '2024-04-13 00:58:57', 1000, 0, NULL, NULL, 1, 1, 1),
	(1062, 'a7', 'a', 'a', 1, '2000-01-01', 'a@A.com', '1111', '1', '1', '1', '2024-04-13 00:58:57', 1000, 0, NULL, NULL, 1, 1, 1),
	(1063, 'a8', 'a', 'a', 1, '2000-01-01', 'a@A.com', '1111', '1', '1', '1', '2024-04-13 00:58:57', 1000, 0, NULL, NULL, 1, 1, 1),
	(1064, 'a9', 'a', 'a', 1, '2000-01-01', 'a@A.com', '1111', '1', '1', '1', '2024-04-13 00:58:57', 1000, 0, NULL, NULL, 1, 1, 1),
	(1065, 'a10', 'a', 'a', 1, '2000-01-01', 'a@A.com', '1111', '1', '1', '1', '2024-04-13 00:58:57', 1000, 0, NULL, NULL, 1, 1, 1),
	(1066, 'a11', 'a', 'a', 1, '2000-01-01', 'a@A.com', '1111', '1', '1', '1', '2024-04-13 00:58:57', 1000, 0, NULL, NULL, 1, 1, 1),
	(1067, 'a12', 'a', 'a', 1, '2000-01-01', 'a@A.com', '1111', '1', '1', '1', '2024-04-13 00:58:57', 1000, 0, NULL, NULL, 1, 1, 1),
	(1068, 'a13', 'a', 'a', 1, '2000-01-01', 'a@A.com', '1111', '1', '1', '1', '2024-04-13 00:58:57', 1000, 0, NULL, NULL, 1, 1, 1),
	(1069, 'a14', 'a', 'a', 1, '2000-01-01', 'a@A.com', '1111', '1', '1', '1', '2024-04-13 00:58:57', 1000, 0, NULL, NULL, 1, 1, 1),
	(1070, 'a15', 'a', 'a', 1, '2000-01-01', 'a@A.com', '1111', '1', '1', '1', '2024-04-13 00:58:57', 1000, 0, NULL, NULL, 1, 1, 1),
	(1071, 'a16', 'a', 'a', 1, '2000-01-01', 'a@A.com', '1111', '1', '1', '1', '2024-04-13 00:58:57', 1000, 0, NULL, NULL, 1, 1, 1),
	(1072, 'a17', 'a', 'a', 1, '2000-01-01', 'a@A.com', '1111', '1', '1', '1', '2024-04-13 00:58:57', 1000, 0, NULL, NULL, 1, 1, 1),
	(1073, 'a18', 'a', 'a', 1, '2000-01-01', 'a@A.com', '1111', '1', '1', '1', '2024-04-13 00:58:57', 1000, 0, NULL, NULL, 1, 1, 1),
	(1074, 'a19', 'a', 'a', 1, '2000-01-01', 'a@A.com', '1111', '1', '1', '1', '2024-04-13 00:58:57', 1000, 0, NULL, NULL, 1, 1, 1),
	(1075, 'a20', 'a', 'a', 1, '2000-01-01', 'a@A.com', '1111', '1', '1', '1', '2024-04-13 00:58:57', 1000, 0, NULL, NULL, 1, 1, 1),
	(1076, 'a21', 'a', 'a', 1, '2000-01-01', 'a@A.com', '1111', '1', '1', '1', '2024-04-13 00:58:57', 1000, 0, NULL, NULL, 1, 1, 1),
	(1077, 'a22', 'a', 'a', 1, '2000-01-01', 'a@A.com', '1111', '1', '1', '1', '2024-04-13 00:58:57', 1000, 0, NULL, NULL, 1, 1, 1),
	(1078, 'a23', 'a', 'a', 1, '2000-01-01', 'a@A.com', '1111', '1', '1', '1', '2024-04-13 00:58:57', 1000, 0, NULL, NULL, 1, 1, 1),
	(1079, 'a24', 'a', 'a', 1, '2000-01-01', 'a@A.com', '1111', '1', '1', '1', '2024-04-13 00:58:57', 1000, 0, NULL, NULL, 1, 1, 1),
	(1080, 'a25', 'a', 'a', 1, '2000-01-01', 'a@A.com', '1111', '1', '1', '1', '2024-04-13 00:58:57', 1000, 0, NULL, NULL, 1, 1, 1),
	(1081, 'a26', 'a', 'a', 1, '2000-01-01', 'a@A.com', '1111', '1', '1', '1', '2024-04-13 00:58:57', 1000, 0, NULL, NULL, 1, 1, 1),
	(1082, 'a27', 'a', 'a', 1, '2000-01-01', 'a@A.com', '1111', '1', '1', '1', '2024-04-13 00:58:57', 1000, 0, NULL, NULL, 1, 1, 1),
	(1083, 'a28', 'a', 'a', 1, '2000-01-01', 'a@A.com', '1111', '1', '1', '1', '2024-04-13 00:58:57', 1000, 0, NULL, NULL, 1, 1, 1),
	(1084, 'a29', 'a', 'a', 1, '2000-01-01', 'a@A.com', '1111', '1', '1', '1', '2024-04-13 00:58:57', 1000, 0, NULL, NULL, 1, 1, 1),
	(1085, 'a30', 'a', 'a', 1, '2000-01-01', 'a@A.com', '1111', '1', '1', '1', '2024-04-13 00:58:57', 1000, 0, NULL, NULL, 1, 1, 1),
	(1086, 'a31', 'a', 'a', 1, '2000-01-01', 'a@A.com', '1111', '1', '1', '1', '2024-04-13 00:58:57', 1000, 0, NULL, NULL, 1, 1, 1),
	(1087, 'a32', 'a', 'a', 1, '2000-01-01', 'a@A.com', '1111', '1', '1', '1', '2024-04-13 00:58:57', 1000, 0, NULL, NULL, 1, 1, 1),
	(1088, 'a33', 'a', 'a', 1, '2000-01-01', 'a@A.com', '1111', '1', '1', '1', '2024-04-13 00:58:57', 1000, 0, NULL, NULL, 1, 1, 1),
	(1089, 'a34', 'a', 'a', 1, '2000-01-01', 'a@A.com', '1111', '1', '1', '1', '2024-04-13 00:58:57', 1000, 0, NULL, NULL, 1, 1, 1),
	(1090, 'a35', 'a', 'a', 1, '2000-01-01', 'a@A.com', '1111', '1', '1', '1', '2024-04-13 00:58:57', 1000, 0, NULL, NULL, 1, 1, 1),
	(1091, 'a36', 'a', 'a', 1, '2000-01-01', 'a@A.com', '1111', '1', '1', '1', '2024-04-13 00:58:57', 1000, 0, NULL, NULL, 1, 1, 1),
	(1092, 'a37', 'a', 'a', 1, '2000-01-01', 'a@A.com', '1111', '1', '1', '1', '2024-04-13 00:58:57', 1000, 0, NULL, NULL, 1, 1, 1),
	(1093, 'a38', 'a', 'a', 1, '2000-01-01', 'a@A.com', '1111', '1', '1', '1', '2024-04-13 00:58:57', 1000, 0, NULL, NULL, 1, 1, 1),
	(1094, 'a39', 'a', 'a', 1, '2000-01-01', 'a@A.com', '1111', '1', '1', '1', '2024-04-13 00:58:57', 1000, 0, NULL, NULL, 1, 1, 1),
	(1095, 'a40', 'a', 'a', 1, '2000-01-01', 'a@A.com', '1111', '1', '1', '1', '2024-04-13 00:58:57', 1000, 0, NULL, NULL, 1, 1, 1),
	(1096, 'a41', 'a', 'a', 1, '2000-01-01', 'a@A.com', '1111', '1', '1', '1', '2024-04-13 00:58:57', 1000, 0, NULL, NULL, 1, 1, 1),
	(1097, 'a42', 'a', 'a', 1, '2000-01-01', 'a@A.com', '1111', '1', '1', '1', '2024-04-13 00:58:57', 1000, 0, NULL, NULL, 1, 1, 1),
	(1098, 'a43', 'a', 'a', 1, '2000-01-01', 'a@A.com', '1111', '1', '1', '1', '2024-04-13 00:58:57', 1000, 0, NULL, NULL, 1, 1, 1),
	(1099, 'a44', 'a', 'a', 1, '2000-01-01', 'a@A.com', '1111', '1', '1', '1', '2024-04-13 00:58:57', 1000, 0, NULL, NULL, 1, 1, 1),
	(1100, 'a45', 'a', 'a', 1, '2000-01-01', 'a@A.com', '1111', '1', '1', '1', '2024-04-13 00:58:57', 1000, 0, NULL, NULL, 1, 1, 1),
	(1101, 'a46', 'a', 'a', 1, '2000-01-01', 'a@A.com', '1111', '1', '1', '1', '2024-04-13 00:58:57', 1000, 0, NULL, NULL, 1, 1, 1),
	(1102, 'a47', 'a', 'a', 1, '2000-01-01', 'a@A.com', '1111', '1', '1', '1', '2024-04-13 00:58:57', 1000, 0, NULL, NULL, 1, 1, 1),
	(1103, 'a48', 'a', 'a', 1, '2000-01-01', 'a@A.com', '1111', '1', '1', '1', '2024-04-13 00:58:57', 1000, 0, NULL, NULL, 1, 1, 1),
	(1104, 'a49', 'a', 'a', 1, '2000-01-01', 'a@A.com', '1111', '1', '1', '1', '2024-04-13 00:58:57', 1000, 0, NULL, NULL, 1, 1, 1),
	(1105, 'a50', 'a', 'a', 1, '2000-01-01', 'a@A.com', '1111', '1', '1', '1', '2024-04-13 00:58:57', 1000, 0, NULL, NULL, 1, 1, 1),
	(1106, 'a51', 'a', 'a', 1, '2000-01-01', 'a@A.com', '1111', '1', '1', '1', '2024-04-13 00:58:57', 1000, 0, NULL, NULL, 1, 1, 1),
	(1107, 'a52', 'a', 'a', 1, '2000-01-01', 'a@A.com', '1111', '1', '1', '1', '2024-04-13 00:58:57', 1000, 0, NULL, NULL, 1, 1, 1),
	(1108, 'a53', 'a', 'a', 1, '2000-01-01', 'a@A.com', '1111', '1', '1', '1', '2024-04-13 00:58:57', 1000, 0, NULL, NULL, 1, 1, 1),
	(1109, 'a54', 'a', 'a', 1, '2000-01-01', 'a@A.com', '1111', '1', '1', '1', '2024-04-13 00:58:57', 1000, 0, NULL, NULL, 1, 1, 1),
	(1110, 'a55', 'a', 'a', 1, '2000-01-01', 'a@A.com', '1111', '1', '1', '1', '2024-04-13 00:58:57', 1000, 0, NULL, NULL, 1, 1, 1),
	(1111, 'a56', 'a', 'a', 1, '2000-01-01', 'a@A.com', '1111', '1', '1', '1', '2024-04-13 00:58:57', 1000, 0, NULL, NULL, 1, 1, 1),
	(1112, 'a57', 'a', 'a', 1, '2000-01-01', 'a@A.com', '1111', '1', '1', '1', '2024-04-13 00:58:57', 1000, 0, NULL, NULL, 1, 1, 1),
	(1113, 'a58', 'a', 'a', 1, '2000-01-01', 'a@A.com', '1111', '1', '1', '1', '2024-04-13 00:58:57', 1000, 0, NULL, NULL, 1, 1, 1),
	(1114, 'a59', 'a', 'a', 1, '2000-01-01', 'a@A.com', '1111', '1', '1', '1', '2024-04-13 00:58:57', 1000, 0, NULL, NULL, 1, 1, 1),
	(1115, 'a60', 'a', 'a', 1, '2000-01-01', 'a@A.com', '1111', '1', '1', '1', '2024-04-13 00:58:57', 1000, 0, NULL, NULL, 1, 1, 1),
	(1116, 'a61', 'a', 'a', 1, '2000-01-01', 'a@A.com', '1111', '1', '1', '1', '2024-04-13 00:58:57', 1000, 0, NULL, NULL, 1, 1, 1),
	(1117, 'a62', 'a', 'a', 1, '2000-01-01', 'a@A.com', '1111', '1', '1', '1', '2024-04-13 00:58:57', 1000, 0, NULL, NULL, 1, 1, 1),
	(1118, 'a63', 'a', 'a', 1, '2000-01-01', 'a@A.com', '1111', '1', '1', '1', '2024-04-13 00:58:57', 1000, 0, NULL, NULL, 1, 1, 1),
	(1119, 'a64', 'a', 'a', 1, '2000-01-01', 'a@A.com', '1111', '1', '1', '1', '2024-04-13 00:58:57', 1000, 0, NULL, NULL, 1, 1, 1),
	(1120, 'a65', 'a', 'a', 1, '2000-01-01', 'a@A.com', '1111', '1', '1', '1', '2024-04-13 00:58:57', 1000, 0, NULL, NULL, 1, 1, 1),
	(1121, 'a66', 'a', 'a', 1, '2000-01-01', 'a@A.com', '1111', '1', '1', '1', '2024-04-13 00:58:57', 1000, 0, NULL, NULL, 1, 1, 1),
	(1122, 'a67', 'a', 'a', 1, '2000-01-01', 'a@A.com', '1111', '1', '1', '1', '2024-04-13 00:58:57', 1000, 0, NULL, NULL, 1, 1, 1),
	(1123, 'a68', 'a', 'a', 1, '2000-01-01', 'a@A.com', '1111', '1', '1', '1', '2024-04-13 00:58:57', 1000, 0, NULL, NULL, 1, 1, 1),
	(1124, 'a69', 'a', 'a', 1, '2000-01-01', 'a@A.com', '1111', '1', '1', '1', '2024-04-13 00:58:57', 1000, 0, NULL, NULL, 1, 1, 1),
	(1125, 'a70', 'a', 'a', 1, '2000-01-01', 'a@A.com', '1111', '1', '1', '1', '2024-04-13 00:58:57', 1000, 0, NULL, NULL, 1, 1, 1),
	(1126, 'a71', 'a', 'a', 1, '2000-01-01', 'a@A.com', '1111', '1', '1', '1', '2024-04-13 00:58:57', 1000, 0, NULL, NULL, 1, 1, 1),
	(1127, 'a72', 'a', 'a', 1, '2000-01-01', 'a@A.com', '1111', '1', '1', '1', '2024-04-13 00:58:57', 1000, 0, NULL, NULL, 1, 1, 1),
	(1128, 'a73', 'a', 'a', 1, '2000-01-01', 'a@A.com', '1111', '1', '1', '1', '2024-04-13 00:58:57', 1000, 0, NULL, NULL, 1, 1, 1),
	(1129, 'a74', 'a', 'a', 1, '2000-01-01', 'a@A.com', '1111', '1', '1', '1', '2024-04-13 00:58:57', 1000, 0, NULL, NULL, 1, 1, 1),
	(1130, 'a75', 'a', 'a', 1, '2000-01-01', 'a@A.com', '1111', '1', '1', '1', '2024-04-13 00:58:57', 1000, 0, NULL, NULL, 1, 1, 1),
	(1131, 'a76', 'a', 'a', 1, '2000-01-01', 'a@A.com', '1111', '1', '1', '1', '2024-04-13 00:58:57', 1000, 0, NULL, NULL, 1, 1, 1),
	(1132, 'a77', 'a', 'a', 1, '2000-01-01', 'a@A.com', '1111', '1', '1', '1', '2024-04-13 00:58:57', 1000, 0, NULL, NULL, 1, 1, 1),
	(1133, 'a78', 'a', 'a', 1, '2000-01-01', 'a@A.com', '1111', '1', '1', '1', '2024-04-13 00:58:57', 1000, 0, NULL, NULL, 1, 1, 1),
	(1134, 'a79', 'a', 'a', 1, '2000-01-01', 'a@A.com', '1111', '1', '1', '1', '2024-04-13 00:58:57', 1000, 0, NULL, NULL, 1, 1, 1),
	(1135, 'a80', 'a', 'a', 1, '2000-01-01', 'a@A.com', '1111', '1', '1', '1', '2024-04-13 00:58:57', 1000, 0, NULL, NULL, 1, 1, 1),
	(1136, 'a81', 'a', 'a', 1, '2000-01-01', 'a@A.com', '1111', '1', '1', '1', '2024-04-13 00:58:58', 1000, 0, NULL, NULL, 1, 1, 1),
	(1137, 'a82', 'a', 'a', 1, '2000-01-01', 'a@A.com', '1111', '1', '1', '1', '2024-04-13 00:58:58', 1000, 0, NULL, NULL, 1, 1, 1),
	(1138, 'a83', 'a', 'a', 1, '2000-01-01', 'a@A.com', '1111', '1', '1', '1', '2024-04-13 00:58:58', 1000, 0, NULL, NULL, 1, 1, 1),
	(1139, 'a84', 'a', 'a', 1, '2000-01-01', 'a@A.com', '1111', '1', '1', '1', '2024-04-13 00:58:58', 1000, 0, NULL, NULL, 1, 1, 1),
	(1140, 'a85', 'a', 'a', 1, '2000-01-01', 'a@A.com', '1111', '1', '1', '1', '2024-04-13 00:58:58', 1000, 0, NULL, NULL, 1, 1, 1),
	(1141, 'a86', 'a', 'a', 1, '2000-01-01', 'a@A.com', '1111', '1', '1', '1', '2024-04-13 00:58:58', 1000, 0, NULL, NULL, 1, 1, 1),
	(1142, 'a87', 'a', 'a', 1, '2000-01-01', 'a@A.com', '1111', '1', '1', '1', '2024-04-13 00:58:58', 1000, 0, NULL, NULL, 1, 1, 1),
	(1143, 'a88', 'a', 'a', 1, '2000-01-01', 'a@A.com', '1111', '1', '1', '1', '2024-04-13 00:58:58', 1000, 0, NULL, NULL, 1, 1, 1),
	(1144, 'a89', 'a', 'a', 1, '2000-01-01', 'a@A.com', '1111', '1', '1', '1', '2024-04-13 00:58:58', 1000, 0, NULL, NULL, 1, 1, 1),
	(1145, 'a90', 'a', 'a', 1, '2000-01-01', 'a@A.com', '1111', '1', '1', '1', '2024-04-13 00:58:58', 1000, 0, NULL, NULL, 1, 1, 1),
	(1146, 'a91', 'a', 'a', 1, '2000-01-01', 'a@A.com', '1111', '1', '1', '1', '2024-04-13 00:58:58', 1000, 0, NULL, NULL, 1, 1, 1),
	(1147, 'a92', 'a', 'a', 1, '2000-01-01', 'a@A.com', '1111', '1', '1', '1', '2024-04-13 00:58:58', 1000, 0, NULL, NULL, 1, 1, 1),
	(1148, 'a93', 'a', 'a', 1, '2000-01-01', 'a@A.com', '1111', '1', '1', '1', '2024-04-13 00:58:58', 1000, 0, NULL, NULL, 1, 1, 1),
	(1149, 'a94', 'a', 'a', 1, '2000-01-01', 'a@A.com', '1111', '1', '1', '1', '2024-04-13 00:58:58', 1000, 0, NULL, NULL, 1, 1, 1),
	(1150, 'a95', 'a', 'a', 1, '2000-01-01', 'a@A.com', '1111', '1', '1', '1', '2024-04-13 00:58:58', 1000, 0, NULL, NULL, 1, 1, 1),
	(1151, 'a96', 'a', 'a', 1, '2000-01-01', 'a@A.com', '1111', '1', '1', '1', '2024-04-13 00:58:58', 1000, 0, NULL, NULL, 1, 1, 1),
	(1152, 'a97', 'a', 'a', 1, '2000-01-01', 'a@A.com', '1111', '1', '1', '1', '2024-04-13 00:58:58', 1000, 0, NULL, NULL, 1, 1, 1),
	(1153, 'a98', 'a', 'a', 1, '2000-01-01', 'a@A.com', '1111', '1', '1', '1', '2024-04-13 00:58:58', 1000, 0, NULL, NULL, 1, 1, 1),
	(1154, 'a99', 'a', 'a', 1, '2000-01-01', 'a@A.com', '1111', '1', '1', '1', '2024-04-13 00:58:58', 1000, 0, NULL, NULL, 1, 1, 1),
	(1155, 'cuser22', 'cu', 'cu', 1, '2000-01-01', 'a@A.com', '1111', '1', '1', '1', '2024-04-13 00:58:58', 1000, 0, NULL, NULL, 1, 1, 1),
	(1156, 'cuser23', 'cu', 'cu', 1, '2000-01-01', 'a@A.com', '1111', '1', '1', '1', '2024-04-13 00:58:58', 1000, 0, NULL, NULL, 1, 1, 1),
	(1157, 'cuser24', 'cu', 'cu', 1, '2000-01-01', 'a@A.com', '1111', '1', '1', '1', '2024-04-13 00:58:58', 1000, 0, NULL, NULL, 1, 1, 1),
	(1158, 'cuser25', 'cu', 'cu', 1, '2000-01-01', 'a@A.com', '1111', '1', '1', '1', '2024-04-13 00:58:58', 1000, 0, NULL, NULL, 1, 1, 1),
	(1159, 'cuser26', 'cu', 'cu', 1, '2000-01-01', 'a@A.com', '1111', '1', '1', '1', '2024-04-13 00:58:58', 1000, 0, NULL, NULL, 1, 1, 1),
	(1160, 'cuser27', 'cu', 'cu', 1, '2000-01-01', 'a@A.com', '1111', '1', '1', '1', '2024-04-13 00:58:58', 1000, 0, NULL, NULL, 1, 1, 1),
	(1161, 'cuser28', 'cu', 'cu', 1, '2000-01-01', 'a@A.com', '1111', '1', '1', '1', '2024-04-13 00:58:58', 1000, 0, NULL, NULL, 1, 1, 1),
	(1162, 'cuser29', 'cu', 'cu', 1, '2000-01-01', 'a@A.com', '1111', '1', '1', '1', '2024-04-13 00:58:58', 1000, 0, NULL, NULL, 1, 1, 1),
	(1163, 'cuser30', 'cu', 'cu', 1, '2000-01-01', 'a@A.com', '1111', '1', '1', '1', '2024-04-13 00:58:58', 1000, 0, NULL, NULL, 1, 1, 1),
	(1164, 'cuser31', 'cu', 'cu', 1, '2000-01-01', 'a@A.com', '1111', '1', '1', '1', '2024-04-13 00:58:58', 1000, 0, NULL, NULL, 1, 1, 1),
	(1165, 'cuser32', 'cu', 'cu', 1, '2000-01-01', 'a@A.com', '1111', '1', '1', '1', '2024-04-13 00:58:58', 1000, 0, NULL, NULL, 1, 1, 1),
	(1166, 'cuser33', 'cu', 'cu', 1, '2000-01-01', 'a@A.com', '1111', '1', '1', '1', '2024-04-13 00:58:58', 1000, 0, NULL, NULL, 1, 1, 1),
	(1167, 'cuser34', 'cu', 'cu', 1, '2000-01-01', 'a@A.com', '1111', '1', '1', '1', '2024-04-13 00:58:58', 1000, 0, NULL, NULL, 1, 1, 1),
	(1168, 'cuser35', 'cu', 'cu', 1, '2000-01-01', 'a@A.com', '1111', '1', '1', '1', '2024-04-13 00:58:58', 1000, 0, NULL, NULL, 1, 1, 1),
	(1169, 'cuser36', 'cu', 'cu', 1, '2000-01-01', 'a@A.com', '1111', '1', '1', '1', '2024-04-13 00:58:58', 1000, 0, NULL, NULL, 1, 1, 1),
	(1170, 'cuser37', 'cu', 'cu', 1, '2000-01-01', 'a@A.com', '1111', '1', '1', '1', '2024-04-13 00:58:58', 1000, 0, NULL, NULL, 1, 1, 1),
	(1171, 'cuser38', 'cu', 'cu', 1, '2000-01-01', 'a@A.com', '1111', '1', '1', '1', '2024-04-13 00:58:58', 1000, 0, NULL, NULL, 1, 1, 1),
	(1172, 'cuser39', 'cu', 'cu', 1, '2000-01-01', 'a@A.com', '1111', '1', '1', '1', '2024-04-13 00:58:58', 1000, 0, NULL, NULL, 1, 1, 1),
	(1176, 'test', '1234', 'aaa', 2, '19970202', 'abc@naver.com', NULL, '0101231234', NULL, NULL, NULL, NULL, NULL, NULL, NULL, NULL, NULL, 1),
	(1177, 'test', '1234', '한승은', 2, '19970901', 'abc@naver.com', NULL, '010-1234-1234', NULL, NULL, NULL, NULL, NULL, NULL, NULL, 1, 1, 1);

/*!40103 SET TIME_ZONE=IFNULL(@OLD_TIME_ZONE, 'system') */;
/*!40101 SET SQL_MODE=IFNULL(@OLD_SQL_MODE, '') */;
/*!40014 SET FOREIGN_KEY_CHECKS=IFNULL(@OLD_FOREIGN_KEY_CHECKS, 1) */;
/*!40101 SET CHARACTER_SET_CLIENT=@OLD_CHARACTER_SET_CLIENT */;
/*!40111 SET SQL_NOTES=IFNULL(@OLD_SQL_NOTES, 1) */;
